megahome_name,expected_thaiwatsadu,reason
ประตูบานเลื่อน อะลูมิเนียม S-S มุ้ง WINDOW ASIA F10 160X205 ซม. สีขาว,ประตูอะลูมิเนียมบานเลื่อน FRAMEX รุ่น 2 บาน+มุ้ง SS ขนาด 160 x 205 ซม. สีขาว,WINDOW ASIA/FRAMEX different brand
ประตูบานเลื่อน อะลูมิเนียม S-S มุ้ง WINDOW ASIA F10 200X205 ซม.สีขาว,ประตูอะลูมิเนียมบานเลื่อน FRAMEX รุ่น 2 บาน+มุ้ง SS ขนาด 200 x 205 ซม. สีขาว,WINDOW ASIA/FRAMEX different brand
ประตูบานเลื่อน อะลูมิเนียม S-S มุ้ง WINDOW ASIA F10 200X205 ซม. สีดำ,ประตูอะลูมิเนียมบานเลื่อน FRAMEX รุ่น 2 บาน+มุ้ง SS ขนาด 200 x 205 ซม. สีดำ,WINDOW ASIA/FRAMEX different brand
หน้าต่างบานเลื่อน อะลูมิเนียม S-S มุ้ง WINDOW ASIA F10 100X110 ซม. สีขาว,หน้าต่างอะลูมิเนียมบานเลื่อน FRAMEX รุ่น 2 บาน+มุ้ง SS ขนาด 100 x 110 ซม. สีขาว,WINDOW ASIA/FRAMEX different brand
หน้าต่างบานเลื่อน อะลูมิเนียม S-S มุ้ง WINDOW ASIA F10 120X110 ซม. สีขาว,หน้าต่างอะลูมิเนียมบานเลื่อน FRAMEX รุ่น 2 บาน+มุ้ง SS ขนาด 120 x 110 ซม. สีขาว,WINDOW ASIA/FRAMEX different brand
หน้าต่างบานเลื่อน อะลูมิเนียม S-S มุ้ง WINDOW ASIA F10 120X110 ซม. สีดำ,หน้าต่างอะลูมิเนียมบานเลื่อน FRAMEX รุ่น 2 บาน+มุ้ง SS ขนาด 120 x 110 ซม. สีดำ,WINDOW ASIA/FRAMEX different brand
หน้าต่างบานเลื่อน อะลูมิเนียม S-S มุ้ง WINDOW ASIA F10 150X110 ซม. สีขาว,หน้าต่างอะลูมิเนียมบานเลื่อน FRAMEX รุ่น 2 บาน+มุ้ง SS ขนาด 150 x 110 ซม. สีขาว,WINDOW ASIA/FRAMEX different brand
หน้าต่างบานเลื่อน อะลูมิเนียม S-S มุ้ง WINDOW ASIA F10 150X110 ซม. สีดำ,หน้าต่างอะลูมิเนียมบานเลื่อน FRAMEX รุ่น 2 บาน+มุ้ง SS ขนาด 150 x 110 ซม. สีดำ,WINDOW ASIA/FRAMEX different brand
หน้าต่างบานเลื่อน อะลูมิเนียม F-S-S-F มุ้ง WINDOW ASIA F10 240X110 ซม. สีขาว,หน้าต่างอะลูมิเนียมบานเลื่อน FRAMEX รุ่น 4 บาน+มุ้ง FSSF ขนาด 240 x 110 ซม. สีขาว,WINDOW ASIA/FRAMEX different brand
ข้อต่อยูเนี่ยน-หนา SCG 1 นิ้ว สีฟ้า,ข้อต่อยูเนี่ยน PVC 1 นิ้ว ตรามือ รุ่น 356-51N สีฟ้า,SCG/ตรามือ different brand
ท่อประปา SCG CLASS 13.5 1 นิ้ว 4 เมตร สีฟ้า,ท่อ PVC ชั้น 13.5 ตรามือ รุ่น 56-13.5 (1) ขนาด 1 นิ้ว ยาว 4 เมตร สีฟ้า,SCG/ตรามือ different brand
ท่อประปา SCG CLASS 13.5 2 นิ้ว 4 เมตร สีฟ้า,ท่อ PVC ชั้น 13.5 ตรามือ รุ่น 56-13.5 (2) ขนาด 2 นิ้ว ยาว 4 เมตร สีฟ้า,SCG/ตรามือ different brand
ท่อประปา SCG CLASS 5 1 1/2 นิ้ว 4 เมตร สีฟ้า,ท่อ PVC ชั้น 5 ตรามือ รุ่น 56-5(1 1/2) ขนาด 1 1/2 นิ้ว ยาว 4 เมตร สีฟ้า,SCG/ตรามือ different brand
ท่อประปา SCG CLASS 5 6 นิ้ว 4 ม. สีฟ้า,ท่อ PVC ชั้น 5 ตรามือ รุ่น 56-5(6) ขนาด 6 นิ้ว ยาว 4 เมตร สีฟ้า,SCG/ตรามือ different brand
ท่อประปา SCG CLASS 8.5 4 นิ้ว 4 เมตร สีฟ้า,ท่อ PVC ชั้น 8.5 ปลายบาน ตรามือ รุ่น 56-8.5 (4)บาน ขนาด 4 นิ้ว ยาว 4 เมตร สีฟ้า,SCG/ตรามือ different brand
ท่อประปา SCG CLASS 8.5 1 1/2 นิ้ว 4 เมตร สีฟ้า,ท่อ PVC ชั้น 8.5 ตรามือ รุ่น 56-8.5 (1.1/2) ขนาด 11/2 นิ้ว ยาว 4 เมตร สีฟ้า,SCG/ตรามือ different brand
ท่อประปา SCG CLASS 8.5 6 นิ้ว 4 เมตร สีฟ้า,ท่อ PVC ชั้น 8.5 ตรามือ รุ่น 56-8.5 (6) ขนาด 6 นิ้ว ยาว 4 เมตร สีฟ้า,SCG/ตรามือ different brand
บอลวาล์ว PVC SCG 1 นิ้ว สีฟ้า,บอลล์วาล์ว PVC ตรามือ รุ่น 50003 ขนาด 1 นิ้ว สีฟ้า,SCG/ตรามือ different brand
ข้อต่อสามทาง-หนา SCG 2 นิ้ว สีฟ้า,สามทาง ตรามือ รุ่น 50605 ขนาด 2 นิ้ว สีฟ้า,SCG/ตรามือ different brand
