Product_name,Thaiwatsadu_price,Thaiwatsadu_link,Boonthavorn_price,Boonthavorn_link,Thaiwatsadu SKU
โคมดาวน์ไลท์หน้ากลม 6นิ้ว LED 15W DL LUZINO PN-JYX0101-15W/DL ขาว,108,https://www.thaiwatsadu.com/th/sku/60308454,189,https://www.boonthavorn.com/max-light-1144016,60308454
โคมดาวน์ไลท์หน้ากลม 6นิ้ว LED 15W WW LUZINO PN-JYX0101-15W/WW ขาว,108,https://www.thaiwatsadu.com/th/sku/60308455,189,https://www.boonthavorn.com/max-light-1144015,60308455
โคมดาวน์ไลท์หน้าเหลี่ยม 4 นิ้ว E27x2 Cylin LUZINO รุ่น PB4004-WH สีขาว,168,https://www.thaiwatsadu.com/th/sku/60247120,449,https://www.boonthavorn.com/le-1223378?page=1,60247120
โคมแทรคไลท์เข้าราง 1xE27 PAR30 LUZINO รุ่น LP03-BK ขนาด 21 x 16.5 x 12.9 ซม. สีดำ,158,https://www.thaiwatsadu.com/th/sku/60320101,165,https://www.boonthavorn.com/max-light-1101335,60320101
โคมแทรคไลท์เข้าราง 1xE27 PAR30 LUZINO รุ่น LP03-WH ขนาด 21 x 16.5 x 12.9 ซม. สีขาว,158,https://www.thaiwatsadu.com/th/sku/60320102,165,https://www.boonthavorn.com/max-light-1101349?page=1,60320102
โคมไฟกิ่งภายนอก 1xE27 LUZINO รุ่น 0372-WD(BK) สีดำ,980,https://www.thaiwatsadu.com/th/sku/60322072,1320,https://www.boonthavorn.com/max-light-1250987,60322072
โคมไฟกิ่งภายนอก 1xE27 LUZINO รุ่น IMAGINI RH1106W-DN(BK) สีดำ,268,https://www.thaiwatsadu.com/th/sku/60262129,385,https://www.boonthavorn.com/max-light-1060903,60262129
โคมไฟกิ่งภายนอก 1xE27 LUZINO รุ่น RH1995W(GY) สีเทาด้าน,1280,https://www.thaiwatsadu.com/th/sku/60322160,1330,https://www.boonthavorn.com/max-light-1135498,60322160
โคมไฟกิ่งภายนอก E27 LUZINO รุ่น 0397-WD BK ขนาด 12 x 12 x 25.2 ซม. สีดำ,880,https://www.thaiwatsadu.com/th/sku/60370253,1290,https://www.boonthavorn.com/max-light-1253183,60370253
โคมไฟกิ่งภายนอก E27x1 LUZINO รุ่น GD-PW018-E27 สีดำ - ใส,228,https://www.thaiwatsadu.com/th/sku/60402144,385,https://www.boonthavorn.com/max-light-1060903,60402144
โคมไฟกิ่งภายนอกอะลูมิเนียม E27x1 LUZINO รุ่น 2391-E27 สีดำ - ใส,980,https://www.thaiwatsadu.com/th/sku/60406668,2150,https://www.boonthavorn.com/hj-8633-1wm-e27x1,60406668
โคมไฟช่อแก้วเจียรไน 51603/8+4 Luzino E14x12 80x80x60 ซม. สีทอง/ใส,22800,https://www.thaiwatsadu.com/th/sku/60420021,25470,https://www.boonthavorn.com/max-light-1102135,60420021
โคมไฟผนังภายนอก (PS) 6 นิ้ว 1xE27 LUZINO รุ่น JEWEL W06(CL) ขนาด 15 x 17 x 18.5 ซม. สีใส,138,https://www.thaiwatsadu.com/th/sku/60252715,379,https://www.boonthavorn.com/max-light-1249472?page=1,60252715
โคมไฟผนังภายนอกอลูมิเนียม 1xE27 LUZINO รุ่น PHOEBE 2197/1(GY) สีเทา,348,https://www.thaiwatsadu.com/th/sku/60257199,590,https://www.boonthavorn.com/max-light-1257089,60257199
โคมไฟผนังภายนอกอลูมิเนียม 2xE27 LUZINO รุ่น SOPHIE 2013S/2-BK สีดำ,358,https://www.thaiwatsadu.com/th/sku/60257192,759,https://www.boonthavorn.com/max-light-1060839,60257192
โคมไฟผนังภายนอกอะลูมิเนียม E27x1 LUZINO รุ่น 2461-E27 สีดำ - ใส,398,https://www.thaiwatsadu.com/th/sku/60406664,1330,https://www.boonthavorn.com/max-light-1202280,60406664
โคมไฟผนังภายนอกอะลูมิเนียม E27x1 LUZINO รุ่น 2763-E27 สีดำ - ใส,580,https://www.thaiwatsadu.com/th/sku/60406672,599,https://www.boonthavorn.com/max-light-1060790,60406672
โคมไฟผนังภายนอกอะลูมิเนียม E27x1 LUZINO รุ่น GD-AWY31 สีดำ - ใส,388,https://www.thaiwatsadu.com/th/sku/60402136,620,https://www.boonthavorn.com/yj-2180a-1-e27x1,60402136
โคมไฟผนังภายนอกอะลูมิเนียม E27x1 LUZINO รุ่น GD-AWY33 สีดำ - ใส,398,https://www.thaiwatsadu.com/th/sku/60402138,620,https://www.boonthavorn.com/yj-2180a-1-e27x1,60402138
โคมไฟผนังภายนอกอะลูมิเนียม LED 12W Warm White LUZINO รุ่น GD-AWP071-BK สีดำ,580,https://www.thaiwatsadu.com/th/sku/60404644,2350,https://www.boonthavorn.com/max-light-1222374,60404644
โคมไฟผนังภายนอกอะลูมิเนียม LED 2x3W Warm White LUZINO รุ่น GD-AWZ17-BK สีดำ,498,https://www.thaiwatsadu.com/th/sku/60404640,1290,https://www.boonthavorn.com/le-1226422,60404640
โคมไฟผนังภายนอกอะลูมิเนียม LED 2x4W Warm White LUZINO รุ่น GD-AWZ57-8-BK สีดำ,498,https://www.thaiwatsadu.com/th/sku/60404643,700,https://www.boonthavorn.com/max-light-1257088,60404643
โคมไฟผนังภายนอกอะลูมิเนียม LED 3W Warm White LUZINO รุ่น GD-AWZ18-BK สีดำ,398,https://www.thaiwatsadu.com/th/sku/60404639,990,https://www.boonthavorn.com/le-1226522,60404639
โคมไฟผนังภายนอกอะลูมิเนียม LED 5W Warm White LUZINO รุ่น GD-AWG14-BK สีดำ,398,https://www.thaiwatsadu.com/th/sku/60404631,500,https://www.boonthavorn.com/max-light-1109431,60404631
โคมไฟผนังภายนอกอะลูมิเนียม LED 5W Warm White LUZINO รุ่น GD-AWG16-BK สีดำ,398,https://www.thaiwatsadu.com/th/sku/60404635,500,https://www.boonthavorn.com/max-light-1109431,60404635
โคมไฟหัวเสาภายนอก (1xE27) LUZINO VIETNAMESE รุ่น 0011-PF(BG) ขนาด 25.1 x 25.1 x 54 ซม. ทองรมดำ,980,https://www.thaiwatsadu.com/th/sku/60272330,575,https://www.boonthavorn.com/max-light-1143594,60272330
โคมไฟหัวเสาภายนอก E27x1 LUZINO รุ่น GD-BL05-40 สีดำ - ใส,228,https://www.thaiwatsadu.com/th/sku/60402145,385,https://www.boonthavorn.com/max-light-1060904,60402145
โคมไฟหัวเสาภายนอก E27x1 LUZINO รุ่น HW13PF-BK-WD สีดำ - ไม้,880,https://www.thaiwatsadu.com/th/sku/60395094,2200,https://www.boonthavorn.com/max-light-1252593,60395094
โคมไฟเสาสนาม 1xE27 LUZINO รุ่น RH1876D(BK) สีดำ,780,https://www.thaiwatsadu.com/th/sku/60322158,1040,https://www.boonthavorn.com/max-light-1249477,60322158
โคมไฟเสาสูง 2xE27 LUZINO รุ่น 0372-PL-2 (BG) สีทองรมดำ,3380,https://www.thaiwatsadu.com/th/sku/60322077,2600,https://www.boonthavorn.com/max-light-1143591,60322077
โคมไฟเสาสูง 2xE27 LUZINO รุ่น RH1876P-2-L(BK) สีดำ,2880,https://www.thaiwatsadu.com/th/sku/60322159,4740,https://www.boonthavorn.com/max-light-1145397,60322159
โคมไฟแขวนเหล็ก (E27x1) LUZINO F8105C-M 30x30x24 ซม. ขาว,680,https://www.thaiwatsadu.com/th/sku/60315847,1090,https://www.boonthavorn.com/le-1112987,60315847
โคมไฟแขวนแก้ว Mamo G LUZINO HH150 91x11x120 ซม.(E27x3) สีดำ,1380,https://www.thaiwatsadu.com/th/sku/60365506,3250,https://www.boonthavorn.com/lightmost-1208338,60365506
โคมไฟแขวนแก้วเจียระไน (E14x4) LUZINO 19115M 40x40x120 ซม. ทอง - ใส,3180,https://www.thaiwatsadu.com/th/sku/60324849,7850,https://www.boonthavorn.com/max-light-1263321,60324849
สายยางเด้ง 5/8 นิ้ว FONTE ยาว 15 เมตร,363,https://www.thaiwatsadu.com/th/sku/60338031,369,https://www.boonthavorn.com/homemart-1111123,60338031
สายยางเด้ง 5/8 นิ้ว FONTE ยาว 20 เมตร,478,https://www.thaiwatsadu.com/th/sku/60314436,469,https://www.boonthavorn.com/anyhome-1111122,60314436
สายยางเด้ง FONTE ขนาด 5/8 นิ้ว x 10 เมตร สีฟ้า,258,https://www.thaiwatsadu.com/th/sku/60338030,250,https://www.boonthavorn.com/sakura-1084347,60338030
สายยางใยเชือก+โรล 1/2 x 21 ม. FONTE MG2012 สีเขียว-ดำ,598,https://www.thaiwatsadu.com/th/sku/60324354,1090,https://www.boonthavorn.com/homemart-1111134,60324354
สายยางใยเชือกพร้อมโรล FONTE รุ่น MG1512 ขนาด 1/2 นิ้ว x 16 เมตร สีเขียว - ดำ,488,https://www.thaiwatsadu.com/th/sku/60324353,890,https://www.boonthavorn.com/anyhome-1111136,60324353
สายยางใยเชือกพร้อมโรล FONTE รุ่น MG1512B (V.2) ขนาด 1/2 นิ้ว x 16 เมตร สีส้ม - เทา,488,https://www.thaiwatsadu.com/th/sku/60363037,890,https://www.boonthavorn.com/homemart-1111135,60363037
เก้าอี้บาร์สตูลขาไม้ KASSA ROME รุ่น 1886AA-W สีขาว,1280,https://www.thaiwatsadu.com/th/sku/60338027,1800,https://www.boonthavorn.com/lifestyle-1140280,60338027
เทปพันเกลียว GIANT KINGKONG รุ่น TF12-10 ขนาด 12 มม. x 10 ม. สีเขียว,6,https://www.thaiwatsadu.com/th/sku/60250830,40,https://www.boonthavorn.com/scg-1114446,60250830
กุญแจดิจิทัล Rim Lock 2 ระบบ สำหรับประตูเลื่อน GIANTTECH รุ่น LH300-SN/Hook สีดำ,2380,https://www.thaiwatsadu.com/th/sku/60306786,9900,https://www.boonthavorn.com/yale-1061304,60306786
คลิปปรับระดับกระเบื้อง GIANT KINGKONG PRO KKP8117-2P 2 มม. ใส แพ็ค 100 ชิ้น,98,https://www.thaiwatsadu.com/th/sku/60313083,149,https://www.boonthavorn.com/cotto-fix-1163524,60313083
บันไดอะลูมิเนียมพร้อมถาดแบบมีด้ามจับ GIANT KINGKONG PRO รุ่น LJ105DLT2 ขนาด 5 ขั้น สีเงิน,1280,https://www.thaiwatsadu.com/th/sku/60255579,1390,https://www.boonthavorn.com/bf-1055169,60255579
บันไดอะลูมิเนียมอเนกประสงค์พับได้ GIANT KINGKONG PRO รุ่น HCSS-01 ขนาด 4 x 2 ขั้น สีเงิน,2280,https://www.thaiwatsadu.com/th/sku/60345787,1990,https://www.boonthavorn.com/nl-home-1104357,60345787
บันไดอะลูมิเนียมอเนกประสงค์พับได้ GIANT KINGKONG PRO รุ่น HCSS-02 ขนาด 4 x 3 ขั้น สีเงิน,2380,https://www.thaiwatsadu.com/th/sku/60345788,2890,https://www.boonthavorn.com/bf-1136106,60345788
ฟิล์มยืดพันพาเลท 15 ไมครอน GIANT KINGKONG รุ่น MH50-300-15 สีใส,178,https://www.thaiwatsadu.com/th/sku/60260200,250,https://www.boonthavorn.com/bih-1072224,60260200
มือจับดึงประตู สเตนเลส GIANT KINGKONG รุ่น DPH02 800SS ขนาด 800 มม. สีเงิน,933,https://www.thaiwatsadu.com/th/sku/60318377,999,https://www.boonthavorn.com/veco-1251701?page=1,60318377
ลูกกลิ้งทาสีเคมีพร้อมอะไหล่ 1 ชิ้น GIANT KINGKONG รุ่น MRC01 ขนาด 4 นิ้ว,67,https://www.thaiwatsadu.com/th/sku/60245712,119,https://www.boonthavorn.com/somic-77663,60245712
ลูกบิดห้องทั่วไปหัวกลมจานใหญ่สเตนเลส GIANT KINGKONG รุ่น 587ET-SS ขนาด 75 มม. สีเงิน,95,https://www.thaiwatsadu.com/th/sku/60318383,209,https://www.boonthavorn.com/hafele-1074605,60318383
หน้ากาก KN95 GIANT KINGKONG รุ่น 54001 สีขาว,9,https://www.thaiwatsadu.com/th/sku/60332150,13,https://www.boonthavorn.com/kn95-pm2-5-8230-size-l-1212916,60332150
หน้ากากอนามัย GIANT KINGKONG รุ่น 33001-5OPP (แพ็ค 50 ชิ้น) สีเขียว,53,https://www.thaiwatsadu.com/th/sku/60325724,80,https://www.boonthavorn.com/yamada-1200390,60325724
อะไหล่ลูกกลิ้งทาสี GIANT KINGKONG รุ่น PR-007C ขนาด 7 นิ้ว,47,https://www.thaiwatsadu.com/th/sku/60271305,49,https://www.boonthavorn.com/somic-77681,60271305
อะไหล่ลูกกลิ้งทาสีขนขาวแถบเหลือง GIANT KINGKONG รุ่น PR-004YSC ขนาด 4 นิ้ว สีขาว,38,https://www.thaiwatsadu.com/th/sku/60304673,45,https://www.boonthavorn.com/indy-1140736,60304673
แปรงทาสีขนสังเคราะห์ด้ามพลาสติก GIANT KINGKONG รุ่น FD05 ขนาด 3 นิ้ว,43,https://www.thaiwatsadu.com/th/sku/60245647,165,https://www.boonthavorn.com/at-indy-1069312,60245647
แปรงทาสีขนสัตว์ เกรด A ด้ามพลาสติก GIANT KINGKONG รุ่น C303AP3 ขนาด 2 นิ้ว สีน้ำตาล,25,https://www.thaiwatsadu.com/th/sku/60342289,60,https://www.boonthavorn.com/hachi-1218464,60342289
แปรงทาสีน้ำมันขนสัตว์ ด้ามพลาสติก GIANT KINGKONG BPB08 4 นิ้ว,48,https://www.thaiwatsadu.com/th/sku/60342251,60,https://www.boonthavorn.com/hachi-1218465,60342251
แปรงทาสีน้ำมันขนสัตว์ ด้ามพลาสติก GIANT KINGKONG รุ่น BPB06 ขนาด 2.5 นิ้ว สีน้ำตาล,28,https://www.thaiwatsadu.com/th/sku/60342249,35,https://www.boonthavorn.com/indy-1140763,60342249
ชุดสะดืออ่างล้างจานพร้อมท่อน้ำล้น ท่อน้ำทิ้ง 1 ทาง ZAGIO รุ่น P-110A3,175,https://www.thaiwatsadu.com/th/sku/60378621,365,https://www.boonthavorn.com/anyhome-1216140,60378621
ตู้แขวนคู่ ZAGIO CRYSTAL Z ก86ล34xส66 ซม. สีขาว,2630,https://www.thaiwatsadu.com/th/sku/60316369,3290,https://www.boonthavorn.com/king-1020319,60316369
ท่อย่นอเนกประสงค์ ZAGIO ความยาว 180 ซม. สีเทา,118,https://www.thaiwatsadu.com/th/sku/60272515,139,https://www.boonthavorn.com/anyhome-1160885,60272515
บานซิงค์คู่ ZAGIO รุ่น MAX21 #3876 ขนาด 84 x 10 x 64 ซม. สีขาว,1230,https://www.thaiwatsadu.com/th/sku/60327394,2059,https://www.boonthavorn.com/king-1028712,60327394
ฝาครอบช่องระบายอากาศ ชนิดครอบกันฝน ZAGIO รุ่น HTTP6G ขนาด 6 นิ้ว สีขาว,278,https://www.thaiwatsadu.com/th/sku/60374784,359,https://www.boonthavorn.com/anyhome-1160866,60374784