Product_name,Product_name_link,Thaiwatsadu_price,Thaiwatsadu_link,GlobalHouse_price,GlobalHouse_link
ข้อต่อนั่งร้าน MAXLIGER JP35 35x220 มม. เงิน,http://spy.price2spy.com/product/538047405,18,https://www.thaiwatsadu.com/th/sku/60211921,18,https://globalhouse.co.th/product/%E0%B8%82%E0%B9%89%E0%B8%AD%E0%B8%95%E0%B9%88%E0%B8%AD%E0%B8%99%E0%B8%B1%E0%B9%88%E0%B8%87%E0%B8%A3%E0%B9%89%E0%B8%B2%E0%B8%99%E0%B9%80%E0%B8%AB%E0%B8%A5%E0%B9%87%E0%B8%81-35x225-%E0%B8%A1%E0%B8%A1.-i.6082102000001
ฐานปรับระดับ MAXLIGER JB40 40 ซม. เงิน,http://spy.price2spy.com/product/538047417,170,https://www.thaiwatsadu.com/th/sku/60194708,170,https://globalhouse.co.th/product/%E0%B9%81%E0%B8%88%E0%B9%8A%E0%B8%94%E0%B9%80%E0%B8%9A%E0%B8%94-40cm%E0%B8%AD%E0%B8%B8%E0%B8%9B%E0%B8%81%E0%B8%A3%E0%B8%93%E0%B9%8C%E0%B8%99%E0%B8%B1%E0%B9%88%E0%B8%87%E0%B8%A3%E0%B9%89%E0%B8%B2%E0%B8%99-i.6082800001006
ฐานปรับระดับ MAXLIGER JB60 60 ซม. เงิน,http://spy.price2spy.com/product/538047413,190,https://www.thaiwatsadu.com/th/sku/60209001,190,https://globalhouse.co.th/product/%E0%B9%81%E0%B8%88%E0%B9%8A%E0%B8%94%E0%B9%80%E0%B8%9A%E0%B8%94-60cm%E0%B8%AD%E0%B8%B8%E0%B8%9B%E0%B8%81%E0%B8%A3%E0%B8%93%E0%B9%8C%E0%B8%99%E0%B8%B1%E0%B9%88%E0%B8%87%E0%B8%A3%E0%B9%89%E0%B8%B2%E0%B8%99-i.6082800001007
ทริมเมอร์ MAKITA M011-M3700B 530 วัตต์ เขียว-ดำ,http://spy.price2spy.com/product/536667301,2290,https://www.thaiwatsadu.com/th/sku/60329271,2080,https://globalhouse.co.th/product/MAKITA-%E0%B9%80%E0%B8%84%E0%B8%A3%E0%B8%B7%E0%B9%88%E0%B8%AD%E0%B8%87%E0%B8%97%E0%B8%A3%E0%B8%B4%E0%B8%A1%E0%B9%80%E0%B8%A1%E0%B8%AD%E0%B8%A3%E0%B9%8C-14-%E0%B8%99%E0%B8%B4%E0%B9%89%E0%B8%A7-530W-%E0%B8%A3%E0%B8%B8%E0%B9%88%E0%B8%99-M3700B-i.088381815741
นั่งร้านเหล็กหนา 1.5 มม. MAXLIGER SF1700G 1700x1219x1829 มม. เขียว,http://spy.price2spy.com/product/538047401,1580,https://www.thaiwatsadu.com/th/sku/60185771,1390,https://globalhouse.co.th/product/%E0%B8%99%E0%B8%B1%E0%B9%88%E0%B8%87%E0%B8%A3%E0%B9%89%E0%B8%B2%E0%B8%99%E0%B9%80%E0%B8%AB%E0%B8%A5%E0%B9%87%E0%B8%81%E0%B8%84%E0%B8%A3%E0%B8%9A%E0%B8%8A%E0%B8%B8%E0%B8%94--%E0%B8%AB%E0%B8%99%E0%B8%B21.70%E0%B8%A1%E0%B8%A1.%E0%B8%82%E0%B8%99%E0%B8%B2%E0%B8%94-1700x1219x1829-%E0%B8%A1%E0%B8%A1.%E0%B8%AA%E0%B8%B5%E0%B9%80%E0%B8%82%E0%B8%B5%E0%B8%A2%E0%B8%A7-i.6082800001017
น้ำยากันซึมผสมคอนกรีต จระเข้ แอดมิค พรูฟ 5 ลิตร ใส,http://spy.price2spy.com/product/355860010,168,https://www.thaiwatsadu.com/th/sku/60240182,168,https://globalhouse.co.th/product/%E0%B8%88%E0%B8%A3%E0%B8%B0%E0%B9%80%E0%B8%82%E0%B9%89-%E0%B9%81%E0%B8%AD%E0%B8%94%E0%B8%A1%E0%B8%B4%E0%B8%84%E0%B8%9E%E0%B8%A3%E0%B8%B9%E0%B8%9F--5-%E0%B8%A5%E0%B8%B4%E0%B8%95%E0%B8%A3-i.8852278100294
บันไดนั่งร้าน MAXLIGER ST917 1725x1829 มม. น้ำเงิน,http://spy.price2spy.com/product/538047409,1190,https://www.thaiwatsadu.com/th/sku/60190221,1190,https://globalhouse.co.th/product/%E0%B8%9A%E0%B8%B1%E0%B8%99%E0%B9%84%E0%B8%94%E0%B8%99%E0%B8%B1%E0%B9%88%E0%B8%87%E0%B8%A3%E0%B9%89%E0%B8%B2%E0%B8%99-7-%E0%B8%82%E0%B8%B1%E0%B9%89%E0%B8%99-%E0%B8%AA%E0%B8%B5%E0%B8%99%E0%B9%89%E0%B8%B3%E0%B9%80%E0%B8%87%E0%B8%B4%E0%B8%99%E0%B8%82%E0%B8%99%E0%B8%B2%E0%B8%94-450-x-2514%E0%B8%A1%E0%B8%A1.-i.2410024210018
บานพับปีกผีเสื้อสเตนเลส201 COLT LITE 746 4x3นิ้วx2.5มม. ดำ แพ็ค3ชิ้น,http://spy.price2spy.com/product/537485889,215,https://www.thaiwatsadu.com/sku/60425806,225,https://globalhouse.co.th/product/COLTLITE%E0%B8%9A%E0%B8%B2%E0%B8%99%E0%B8%9E%E0%B8%B1%E0%B8%9A%E0%B8%9B%E0%B8%B5%E0%B8%81%E0%B8%9C%E0%B8%B5%E0%B9%80%E0%B8%AA%E0%B8%B7%E0%B9%89%E0%B8%AD%E0%B8%AA%E0%B9%80%E0%B8%95%E0%B8%99%E0%B9%80%E0%B8%A5%E0%B8%AA%E0%B8%A3%E0%B8%B8%E0%B9%88%E0%B8%99746%E0%B8%82%E0%B8%99%E0%B8%B2%E0%B8%944X3X2.5%E0%B8%A1%E0%B8%A1.%E0%B8%AA%E0%B8%B5%E0%B8%94%E0%B8%B3%E0%B9%81%E0%B8%9E%E0%B9%87%E0%B8%843%E0%B8%8A%E0%B8%B4%E0%B9%89%E0%B8%99-i.8859014954364
ประแจแหวนข้างปากตาย STANLEY STMT80226-8 16 มม. เงิน,http://spy.price2spy.com/product/537485925,73,https://www.thaiwatsadu.com/sku/60289156,92,https://globalhouse.co.th/product/STANLEY-%E0%B8%9B%E0%B8%A3%E0%B8%B0%E0%B9%81%E0%B8%88%E0%B9%81%E0%B8%AB%E0%B8%A7%E0%B8%99%E0%B8%82%E0%B9%89%E0%B8%B2%E0%B8%87-%E0%B8%9B%E0%B8%B2%E0%B8%81%E0%B8%95%E0%B8%B2%E0%B8%A2-16-%E0%B8%A1%E0%B8%A1.%E0%B8%A3%E0%B8%B8%E0%B9%88%E0%B8%99-STMT802268-i.4715898220190
ฝาครอบนั่งร้าน MAXLIGER H1218 1050x1829 มม. เทา,http://spy.price2spy.com/product/538047425,378,https://www.thaiwatsadu.com/th/sku/60190222,378,https://globalhouse.co.th/product/%E0%B8%9D%E0%B8%B2%E0%B8%84%E0%B8%A3%E0%B8%AD%E0%B8%9A%E0%B8%99%E0%B8%B1%E0%B9%88%E0%B8%87%E0%B8%A3%E0%B9%89%E0%B8%B2%E0%B8%99-%E0%B8%AA%E0%B8%B5%E0%B9%80%E0%B8%82%E0%B8%B5%E0%B8%A2%E0%B8%A7--%E0%B8%82%E0%B8%99%E0%B8%B2%E0%B8%94-1829x1050-%E0%B8%A1%E0%B8%A1.-i.6082800001003
พุ๊กพลาสติก เบอร์7 MR METAL ขาว แพ็ค 0.25กก.,http://spy.price2spy.com/product/538047177,43,https://www.thaiwatsadu.com/th/sku/60244772,159,https://globalhouse.co.th/product/FIXXY-%E0%B8%9E%E0%B8%B8%E0%B9%8A%E0%B8%81%E0%B8%9E%E0%B8%A5%E0%B8%B2%E0%B8%AA%E0%B8%95%E0%B8%B4%E0%B8%81%E0%B9%80%E0%B8%81%E0%B8%A3%E0%B8%94-A-No.7%E0%B8%82%E0%B8%99%E0%B8%B2%E0%B8%94-1%E0%B8%81%E0%B8%81.-i.062210062292
มือจับก้านโยกห้องทั่วไปซิงค์ YALE VL5327US15 นิกเกิ้ลด้าน,http://spy.price2spy.com/product/447969981,638,https://www.thaiwatsadu.com/th/sku/60245892,639,https://globalhouse.co.th/product/YALE-%E0%B8%A1%E0%B8%B7%E0%B8%AD%E0%B8%88%E0%B8%B1%E0%B8%9A%E0%B8%81%E0%B9%89%E0%B8%B2%E0%B8%99%E0%B9%82%E0%B8%A2%E0%B8%81%E0%B9%80%E0%B8%82%E0%B8%B2%E0%B8%84%E0%B8%A7%E0%B8%B2%E0%B8%A2%E0%B8%AB%E0%B9%89%E0%B8%AD%E0%B8%87%E0%B8%97%E0%B8%B1%E0%B9%88%E0%B8%A7%E0%B9%84%E0%B8%9B-%E0%B8%A3%E0%B8%B8%E0%B9%88%E0%B8%99-KL5327ETUS15-%E0%B8%AA%E0%B8%B5%E0%B8%99%E0%B8%B4%E0%B9%80%E0%B8%81%E0%B8%B4%E0%B8%A5%E0%B8%94%E0%B9%89%E0%B8%B2%E0%B8%99-i.4893862062394
ยูโบลท์เหล็ก 4x3/8นิ้ว U HENG ซิงค์ขาว,http://spy.price2spy.com/product/536667669,23,https://www.thaiwatsadu.com/th/sku/60249174,19,https://globalhouse.co.th/product/%E0%B8%A2%E0%B8%B9%E0%B9%82%E0%B8%9A%E0%B8%A5%E0%B8%97%E0%B9%8C-4x38-i.8859177003923
รถเข็นปูนจัมโบ้ล้อเดี่ยวพียู 15 นิ้ว MARTON 100 ลิตร (170 กก.) แดง,http://spy.price2spy.com/product/444085441,2270,https://www.thaiwatsadu.com/th/sku/60316322,2600,https://globalhouse.co.th/product/MARTON-%E0%B8%A3%E0%B8%96%E0%B9%80%E0%B8%82%E0%B9%87%E0%B8%99%E0%B8%9B%E0%B8%B9%E0%B8%99%E0%B9%82%E0%B8%84%E0%B8%A3%E0%B8%87%E0%B9%80%E0%B8%8A%E0%B8%B7%E0%B9%88%E0%B8%AD%E0%B8%A1%E0%B8%A5%E0%B9%89%E0%B8%AD%E0%B9%80%E0%B8%94%E0%B8%B5%E0%B9%88%E0%B8%A2%E0%B8%A7-%E0%B8%A5%E0%B9%89%E0%B8%ADPU%E0%B8%88%E0%B8%B1%E0%B8%A1%E0%B9%82%E0%B8%9A%E0%B9%89-15-%E0%B8%99%E0%B8%B4%E0%B9%89%E0%B8%A7-%E0%B8%82%E0%B8%99%E0%B8%B2%E0%B8%94%E0%B8%9A%E0%B8%A3%E0%B8%A3%E0%B8%88%E0%B8%B8-65-%E0%B8%A5%E0%B8%B4%E0%B8%95%E0%B8%A3-%E0%B8%AA%E0%B8%B5%E0%B9%80%E0%B8%82%E0%B8%B5%E0%B8%A2%E0%B8%A7-i.8859229140521
รถเข็นปูนล้อคู่แม็กซ์ 12 นิ้ว MARTON 55 ลิตร (180 กก.) น้ำเงิน,http://spy.price2spy.com/product/444085437,2130,https://www.thaiwatsadu.com/th/sku/60151613,2800,https://globalhouse.co.th/product/MARTON-%E0%B8%A3%E0%B8%96%E0%B9%80%E0%B8%82%E0%B9%87%E0%B8%99%E0%B8%9B%E0%B8%B9%E0%B8%99%E0%B9%82%E0%B8%84%E0%B8%A3%E0%B8%87%E0%B9%80%E0%B8%8A%E0%B8%B7%E0%B9%88%E0%B8%AD%E0%B8%A1%E0%B8%A5%E0%B9%89%E0%B8%AD%E0%B8%84%E0%B8%B9%E0%B9%88-%E0%B8%94%E0%B8%B1%E0%B9%8A%E0%B8%A1%E0%B9%84%E0%B8%94%E0%B9%89-%E0%B8%A5%E0%B9%89%E0%B8%AD%E0%B8%95%E0%B8%B1%E0%B8%99-13-%E0%B8%99%E0%B8%B4%E0%B9%89%E0%B8%A7-%E0%B8%82%E0%B8%99%E0%B8%B2%E0%B8%94%E0%B8%9A%E0%B8%A3%E0%B8%A3%E0%B8%88%E0%B8%B8-65-%E0%B8%A5%E0%B8%B4%E0%B8%95%E0%B8%A3-%E0%B8%A3%E0%B8%B1%E0%B8%9A%E0%B8%99%E0%B9%89%E0%B8%B3%E0%B8%AB%E0%B8%99%E0%B8%B1%E0%B8%81%E0%B9%84%E0%B8%94%E0%B9%89-250kg.-%E0%B8%AA%E0%B8%B5%E0%B9%80%E0%B8%82%E0%B8%B5%E0%B8%A2%E0%B8%A7-i.8859229140569
รถเข็นปูนล้อเดี่ยวแม็กซ์ 12 นิ้ว MARTON 55 ลิตร (90 กก.) แดง,http://spy.price2spy.com/product/536667325,1360,https://www.thaiwatsadu.com/th/sku/60151612,1580,https://globalhouse.co.th/product/MARTON-%E0%B8%A3%E0%B8%96%E0%B9%80%E0%B8%82%E0%B9%87%E0%B8%99%E0%B8%9B%E0%B8%B9%E0%B8%99%E0%B9%82%E0%B8%84%E0%B8%A3%E0%B8%87%E0%B8%9B%E0%B8%B1%E0%B9%8A%E0%B8%A1%E0%B8%A5%E0%B9%89%E0%B8%AD%E0%B9%80%E0%B8%94%E0%B8%B5%E0%B9%88%E0%B8%A2%E0%B8%A7-%E0%B8%A5%E0%B9%89%E0%B8%AD%E0%B9%81%E0%B8%A1%E0%B9%87%E0%B8%81%E0%B8%8B%E0%B9%8C-12-%E0%B8%99%E0%B8%B4%E0%B9%89%E0%B8%A7-%E0%B8%82%E0%B8%99%E0%B8%B2%E0%B8%94%E0%B8%9A%E0%B8%A3%E0%B8%A3%E0%B8%88%E0%B8%B8-55-%E0%B8%A5%E0%B8%B4%E0%B8%95%E0%B8%A3-%E0%B8%A3%E0%B8%B1%E0%B8%9A%E0%B8%99%E0%B9%89%E0%B8%B3%E0%B8%AB%E0%B8%99%E0%B8%B1%E0%B8%81%E0%B9%84%E0%B8%94%E0%B9%89-80kg.-%E0%B8%AA%E0%B8%B5%E0%B9%81%E0%B8%94%E0%B8%87-i.8859229140017
สตัดเหล็กเกลียวหุน 5/8นิ้ว x 1 ม. U HENG ซิงค์ขาว,http://spy.price2spy.com/product/532393313,123,https://www.thaiwatsadu.com/th/sku/60246232,125,https://globalhouse.co.th/product/%E0%B8%AA%E0%B8%81%E0%B8%A3%E0%B8%B9%E0%B8%95%E0%B8%B1%E0%B8%A7%E0%B8%AB%E0%B8%99%E0%B8%AD%E0%B8%99%E0%B8%8A%E0%B8%B8%E0%B8%9A%E0%B8%82%E0%B8%B2%E0%B8%A7%C2%A058x100cm.-i.11445010
สว่านกระแทกไร้สาย J-Series PUMPKIN J-12ID1502 (50208) 12 V ส้ม-ดำ,http://spy.price2spy.com/product/537485913,2690,https://www.thaiwatsadu.com/th/sku/60423050,2690,https://globalhouse.co.th/product/PUMPKIN-%E0%B8%AA%E0%B8%A7%E0%B9%88%E0%B8%B2%E0%B8%99%E0%B8%81%E0%B8%A3%E0%B8%B0%E0%B9%81%E0%B8%97%E0%B8%81%E0%B9%84%E0%B8%A3%E0%B9%89%E0%B8%AA%E0%B8%B2%E0%B8%A2-12V-%E0%B9%81%E0%B8%9A%E0%B8%95%E0%B9%81%E0%B8%99%E0%B8%A7%E0%B8%95%E0%B8%B1%E0%B9%89%E0%B8%87-%E0%B8%A3%E0%B8%B8%E0%B9%88%E0%B8%99-JSeries-J12ID1502-i.8859539502811
สว่านกระแทกไร้สายไร้แปรงถ่าน พร้อมแบตเตอรี่ 2 Ah x 2 PUMPKIN INF-13IMDB-202K (50260) 20 โวลต์ 90 Nm.,http://spy.price2spy.com/product/444085585,6290,https://www.thaiwatsadu.com/th/sku/60353278,6490,https://globalhouse.co.th/product/PUMPKIN-%E0%B8%AA%E0%B8%A7%E0%B9%88%E0%B8%B2%E0%B8%99%E0%B8%81%E0%B8%A3%E0%B8%B0%E0%B9%81%E0%B8%97%E0%B8%81%E0%B9%84%E0%B8%A3%E0%B9%89%E0%B8%AA%E0%B8%B2%E0%B8%A2-%E0%B9%84%E0%B8%A3%E0%B9%89%E0%B9%81%E0%B8%9B%E0%B8%A3%E0%B8%87%E0%B8%96%E0%B9%88%E0%B8%B2%E0%B8%99-13-%E0%B8%A1%E0%B8%A1.-20V-Liion-%E0%B8%A3%E0%B8%B8%E0%B9%88%E0%B8%99-INFINITY-POWER-INF13IDBL-i.8859539591877
หมวกนิรภัย REDHAND SC-03RHDPE-OL 16 x 21 x 21 ซม. ส้ม,http://spy.price2spy.com/product/435919382,87,https://www.thaiwatsadu.com/th/sku/60209328,85,https://globalhouse.co.th/product/%E0%B8%AB%E0%B8%A1%E0%B8%A7%E0%B8%81%E0%B8%99%E0%B8%B4%E0%B8%A3%E0%B8%A0%E0%B8%B1%E0%B8%A2-%E0%B8%A3%E0%B8%B8%E0%B9%88%E0%B8%99-B003-%E0%B8%AA%E0%B8%B5%E0%B8%AA%E0%B9%89%E0%B8%A1-i.6022000410201
อะคริลิคกันรั่วซึม อัลตร้าเคลียร์ SISTA 2301121 1 กก. สีใส,http://spy.price2spy.com/product/466399081,398,https://www.thaiwatsadu.com/th/sku/60392559,415,https://globalhouse.co.th/product/SISTA-%E0%B8%AD%E0%B8%B1%E0%B8%A5%E0%B8%95%E0%B8%A3%E0%B9%89%E0%B8%B2%E0%B9%80%E0%B8%84%E0%B8%A5%E0%B8%B5%E0%B8%A2%E0%B8%A3%E0%B9%8C-%E0%B8%9C%E0%B8%A5%E0%B8%B4%E0%B8%95%E0%B8%A0%E0%B8%B1%E0%B8%93%E0%B8%91%E0%B9%8C%E0%B8%81%E0%B8%B1%E0%B8%99%E0%B8%99%E0%B9%89%E0%B8%B3%E0%B8%A3%E0%B8%B1%E0%B9%88%E0%B8%A7%E0%B8%8B%E0%B8%B6%E0%B8%A1-1-%E0%B8%81%E0%B8%81.-%E0%B8%AA%E0%B8%B5%E0%B9%83%E0%B8%AA-i.8851332004769
อะคริลิคกันรั่วซึมสะท้อนความร้อน SISTA D100 PLUS 920928 4 กก. เทา,http://spy.price2spy.com/product/536667641,868,https://www.thaiwatsadu.com/th/sku/60326108,869,https://globalhouse.co.th/product/SISTA-%E0%B8%AD%E0%B8%B0%E0%B8%84%E0%B8%A3%E0%B8%B4%E0%B8%A5%E0%B8%B4%E0%B8%84%E0%B8%81%E0%B8%B1%E0%B8%99%E0%B8%99%E0%B9%89%E0%B8%B3%E0%B8%A3%E0%B8%B1%E0%B9%88%E0%B8%A7%E0%B8%8B%E0%B8%B6%E0%B8%A1-D100-%E0%B8%9E%E0%B8%A5%E0%B8%B1%E0%B8%AA-4-%E0%B8%81%E0%B8%81.-%E0%B8%AA%E0%B8%B5%E0%B9%80%E0%B8%97%E0%B8%B2-i.8851332003472
อะคริลิคยาแนว BESBOND NINJA 450 กรัม สีขาว,http://spy.price2spy.com/product/536666345,65,https://www.thaiwatsadu.com/th/sku/60419916,65,https://globalhouse.co.th/product/BESBOND-%E0%B8%99%E0%B8%B4%E0%B8%99%E0%B8%88%E0%B8%B2%E0%B9%81%E0%B8%94%E0%B9%8A%E0%B8%9B-%E0%B8%AD%E0%B8%B0%E0%B8%84%E0%B8%A3%E0%B8%B4%E0%B8%A5%E0%B8%B4%E0%B8%84-%E0%B8%8B%E0%B8%B5%E0%B8%A5%E0%B9%81%E0%B8%A5%E0%B8%99%E0%B8%97%E0%B9%8C-450-%E0%B8%81%E0%B8%A3%E0%B8%B1%E0%B8%A1-%E0%B8%AA%E0%B8%B5%E0%B8%82%E0%B8%B2%E0%B8%A7-i.8852863001814
อะคริลิคยาแนว SISTA F130 790915 300 มล. โอ๊ค,http://spy.price2spy.com/product/536667637,98,https://www.thaiwatsadu.com/th/sku/60133206,99,https://globalhouse.co.th/product/SISTA-%E0%B8%81%E0%B8%B2%E0%B8%A7%E0%B8%A2%E0%B8%B2%E0%B9%81%E0%B8%99%E0%B8%A7%E0%B8%AD%E0%B8%B0%E0%B8%84%E0%B8%A3%E0%B8%B5%E0%B8%A5%E0%B8%B4%E0%B8%84-F130--%E0%B8%AA%E0%B8%B5%E0%B9%82%E0%B8%AD%E0%B9%8A%E0%B8%84-i.8851332002185
"เครื่องฉีดน้ำแรงดันสูง 1,600 วัตต์ PUMPKIN GENEVA (50307) 125 บาร์ ส้ม-ดำ",http://spy.price2spy.com/product/529278353,2790,https://www.thaiwatsadu.com/th/sku/60423052,2790,https://globalhouse.co.th/product/PUMPKIN-%E0%B9%80%E0%B8%84%E0%B8%A3%E0%B8%B7%E0%B9%88%E0%B8%AD%E0%B8%87%E0%B8%89%E0%B8%B5%E0%B8%94%E0%B8%99%E0%B9%89%E0%B8%B3%E0%B9%81%E0%B8%A3%E0%B8%87%E0%B8%94%E0%B8%B1%E0%B8%99%E0%B8%AA%E0%B8%B9%E0%B8%87-GENEVA-125-%E0%B8%9A%E0%B8%B2%E0%B8%A3%E0%B9%8C-i.8859539597954
เสาค้ำยัน MAXLIGER MP30 1750-3000 มม. น้ำเงิน,http://spy.price2spy.com/product/538047429,548,https://www.thaiwatsadu.com/th/sku/60189595,560,https://globalhouse.co.th/product/%E0%B9%80%E0%B8%AA%E0%B8%B2%E0%B8%84%E0%B9%89%E0%B8%B3%E0%B8%A2%E0%B8%B1%E0%B8%99-3.5%E0%B8%A1.-20503500-i.2410024210007
เสาค้ำยัน MAXLIGER MP35 2050-3500 มม. แดง,http://spy.price2spy.com/product/538047421,560,https://www.thaiwatsadu.com/th/sku/60194757,560,https://globalhouse.co.th/product/%E0%B9%80%E0%B8%AA%E0%B8%B2%E0%B8%84%E0%B9%89%E0%B8%B3%E0%B8%A2%E0%B8%B1%E0%B8%99-3.5%E0%B8%A1.-20503500-i.2410024210007
เหล็กฉากเจาะรู 5 รู 25x32x2.2มม. PANSIAM SA-5H ซิงค์รุ้ง แพ็ค 5 ชิ้น,http://spy.price2spy.com/product/538047185,18,https://www.thaiwatsadu.com/th/sku/60153328,25,https://globalhouse.co.th/product/PANSIAM-%E0%B9%80%E0%B8%AB%E0%B8%A5%E0%B9%87%E0%B8%81%E0%B8%89%E0%B8%B2%E0%B8%815%E0%B8%A3%E0%B8%B9-SA5H-4%E0%B8%8A%E0%B8%B4%E0%B9%89%E0%B8%99%E0%B9%81%E0%B8%9E%E0%B9%87%E0%B8%84-i.8855952098832
ไพพ์แฮงเกอร์ 2นิ้ว U HENG (UROD) 2นิ้ว แพ็ค 5 ชิ้น,http://spy.price2spy.com/product/536667665,147,https://www.thaiwatsadu.com/th/sku/60249200,132,https://globalhouse.co.th/product/UHENG-%E0%B9%84%E0%B8%9E%E0%B8%9E%E0%B9%8C%E0%B9%81%E0%B8%AE%E0%B8%87%E0%B9%80%E0%B8%81%E0%B8%AD%E0%B8%A3%E0%B9%8C-2%E0%B9%81%E0%B8%9E%E0%B9%87%E0%B8%84-5-%E0%B8%95%E0%B8%B1%E0%B8%A7-i.8859177005996
ไพพ์แฮงเกอร์ 3นิ้ว U HENG (UROD) 3นิ้ว,http://spy.price2spy.com/product/536667677,40,https://www.thaiwatsadu.com/th/sku/60249210,34,https://globalhouse.co.th/product/UHENG-%E0%B9%84%E0%B8%9E%E0%B8%9E%E0%B9%8C%E0%B9%81%E0%B8%AE%E0%B8%87%E0%B9%80%E0%B8%81%E0%B8%AD%E0%B8%A3%E0%B9%8C-3-i.8859177005637
OTOP ไม้กวาด4เสาทาเรนโค้ดด้ามไม้ สินค้าชุมชนของเรา ตำบลโพธิ์งาม 30-40x150x2 ซม.,http://spy.price2spy.com/product/538047641,73,https://www.thaiwatsadu.com/th/sku/60222145,69,https://globalhouse.co.th/product/NNN-%E0%B9%84%E0%B8%A1%E0%B9%89%E0%B8%81%E0%B8%A7%E0%B8%B2%E0%B8%94%E0%B8%94%E0%B8%AD%E0%B8%81%E0%B8%AB%E0%B8%8D%E0%B9%89%E0%B8%B2-4%E0%B9%80%E0%B8%AA%E0%B8%B2-%E0%B8%94%E0%B9%89%E0%B8%B2%E0%B8%A1%E0%B9%84%E0%B8%A1%E0%B9%89%E0%B8%A2%E0%B9%89%E0%B8%AD%E0%B8%A1%E0%B8%AA%E0%B8%B5-i.1261195712591
กระทะด้ามนอนสติ๊กทรงตื้น 24 ซม. Everyday Cooking TEFAL C5730496 24x44.9x5.5 ซม. ดำ,http://spy.price2spy.com/product/536667873,548,https://www.thaiwatsadu.com/th/sku/60313183,590,https://globalhouse.co.th/product/TEFAL-%E0%B8%81%E0%B8%A3%E0%B8%B0%E0%B8%97%E0%B8%B0%E0%B9%81%E0%B8%9A%E0%B8%99-24-%E0%B8%8B%E0%B8%A1.-EVERYDAY-COOKING-%E0%B8%A3%E0%B8%B8%E0%B9%88%E0%B8%99-C5730496-i.3168430297234
กระทะด้ามนอนสติ๊กทรงลึก 24 ซม. Everyday Cooking TEFAL C5738496 26.1x44.7x11.6 ซม. ดำ,http://spy.price2spy.com/product/536667877,598,https://www.thaiwatsadu.com/th/sku/60314029,690,https://globalhouse.co.th/product/TEFAL-%E0%B8%81%E0%B8%A3%E0%B8%B0%E0%B8%97%E0%B8%B0%E0%B8%81%E0%B9%89%E0%B8%99%E0%B8%A5%E0%B8%B6%E0%B8%81-24-%E0%B8%8B%E0%B8%A1.-EVERYDAY-COOKING-%E0%B8%A3%E0%B8%B8%E0%B9%88%E0%B8%99-C5738496-i.3168430297210
กระทะด้ามนอนสติ๊กทรงลึก 28 ซม. Everyday Cooking TEFAL C5738696 30.1x48.9x9.5 ซม. ดำ,http://spy.price2spy.com/product/536667869,698,https://www.thaiwatsadu.com/th/sku/60314030,790,https://globalhouse.co.th/product/TEFAL-%E0%B8%81%E0%B8%A3%E0%B8%B0%E0%B8%97%E0%B8%B0%E0%B8%81%E0%B9%89%E0%B8%99%E0%B8%A5%E0%B8%B6%E0%B8%81-28-%E0%B8%8B%E0%B8%A1.-EVERYDAY-COOKING-%E0%B8%A3%E0%B8%B8%E0%B9%88%E0%B8%99-C5738696-i.3168430297227
กระทะด้ามสแตนเลสทรงลึก 36 ซม.ROCKET เวนิส 36x59.30x7.80 ซม.เงิน,http://spy.price2spy.com/product/422696262,627,https://www.thaiwatsadu.com/th/sku/60140954,539,https://globalhouse.co.th/product/ROCKET-%E0%B8%81%E0%B8%A3%E0%B8%B0%E0%B8%97%E0%B8%B0%E0%B8%94%E0%B9%89%E0%B8%B2%E0%B8%A1%E0%B8%AB%E0%B8%B9-36-%E0%B8%8B%E0%B8%A1.-100259236-i.8851992592361
กล่องอเนกประสงค์พร้อมฝาล็อค 60 ลิตร Japan JCJ 5225 59x40.9x32.8 ซม. ขาว,http://spy.price2spy.com/product/402244054,,,389,https://globalhouse.co.th/product/detail/8852080552250
กล่องเอนกประสงค์พร้อมฝาล็อค (ญี่ปุ่น) JCJ-5222 14 ลิตร 28.4X42X16.6 ซม. สีขาว,http://spy.price2spy.com/product/453091329,128,https://www.thaiwatsadu.com/th/sku/60308002,139,https://globalhouse.co.th/product/JCJ-%E0%B8%81%E0%B8%A5%E0%B9%88%E0%B8%AD%E0%B8%87%E0%B8%8D%E0%B8%B5%E0%B9%88%E0%B8%9B%E0%B8%B8%E0%B9%88%E0%B8%99-14-%E0%B8%A5%E0%B8%B4%E0%B8%95%E0%B8%A3-%E0%B8%82%E0%B8%99%E0%B8%B2%E0%B8%94-28.4x42x16.6-%E0%B8%8B%E0%B8%A1.-%E0%B8%A3%E0%B8%B8%E0%B9%88%E0%B8%99-5222-%E0%B8%AA%E0%B8%B5%E0%B9%83%E0%B8%AA-i.8852080552229
ชุดกระทะและหม้อด้าม 4 ชิ้น /เซ็ท Cook & Clean TEFAL B225S405 47.5x31.5x14.5 ซม. ดำ,http://spy.price2spy.com/product/536667901,988,https://www.thaiwatsadu.com/th/sku/60316174,1390,https://globalhouse.co.th/product/TEFAL-B225S405-COOK--CLEAN-%E0%B8%8A%E0%B8%B8%E0%B8%94%E0%B8%81%E0%B8%A3%E0%B8%B0%E0%B8%97%E0%B8%B0%E0%B9%80%E0%B8%8B%E0%B9%87%E0%B8%95-4-%E0%B8%8A%E0%B8%B4%E0%B9%89%E0%B8%99-WOKPAN-28SAUCEPAN-16LIDSPATULA-i.3168430301115
ตะหลิว - เล็ก (ด้ามดำ) SEAGULL รุ่น ENJOY 9x33x5 ซม. เงิน,http://spy.price2spy.com/product/536667745,73,https://www.thaiwatsadu.com/th/sku/60141182,59,https://globalhouse.co.th/product/SEAGULL-%E0%B8%95%E0%B8%B0%E0%B8%AB%E0%B8%A5%E0%B8%B4%E0%B8%A7%E0%B9%80%E0%B8%A5%E0%B9%87%E0%B8%81%E0%B8%94%E0%B9%89%E0%B8%B2%E0%B8%A1%E0%B8%94%E0%B8%B3-100304009-%E0%B8%AA%E0%B8%B5%E0%B8%94%E0%B8%B3-i.8850633040094
ตะหลิว - เล็ก (ด้ามยาว) SEAGULL รุ่น SP 932 9.4x37x5 ซม. เงิน,http://spy.price2spy.com/product/536667761,117,https://www.thaiwatsadu.com/th/sku/60141173,93,https://globalhouse.co.th/product/SEAGULL-%E0%B8%95%E0%B8%B0%E0%B8%AB%E0%B8%A5%E0%B8%B4%E0%B8%A7%E0%B9%80%E0%B8%A5%E0%B9%87%E0%B8%81%E0%B8%94%E0%B9%89%E0%B8%B2%E0%B8%A1%E0%B8%A2%E0%B8%B2%E0%B8%A7-100304009-%E0%B8%AA%E0%B8%B5%E0%B9%82%E0%B8%84%E0%B8%A3%E0%B9%80%E0%B8%A1%E0%B8%B5%E0%B9%88%E0%B8%B5%E0%B9%88%E0%B8%A2%E0%B8%A1%E0%B8%94%E0%B9%89%E0%B8%B2%E0%B8%A1%E0%B9%84%E0%B8%A1%E0%B9%89-i.8850633041091
ถังขยะฝาสวิง 50 ลิตร DKW HH-206P 33.8*40.4*66 CM สีเทาอ่อน,http://spy.price2spy.com/product/385721402,409,https://www.thaiwatsadu.com/th/sku/60295754,369,https://globalhouse.co.th/product/detail/8851349313564
ถาดกระบะสี่เหลี่ยม 20 ลิตร COMOS TRAY-2039x9.9x57.7 ซม.น้ำเงิน,http://spy.price2spy.com/product/258744706,258,https://www.thaiwatsadu.com/th/sku/60293398,299,https://globalhouse.co.th/product/detail/7419011110007
ถุงมือยางอเนกประสงค์ Size L RHINO (By Poly Brite) 938-M1D  9x0.2x33 cm. ส้ม,http://spy.price2spy.com/product/536667705,27,https://www.thaiwatsadu.com/th/sku/60354370,27,https://globalhouse.co.th/product/RHINO-%E0%B8%96%E0%B8%B8%E0%B8%87%E0%B8%A1%E0%B8%B7%E0%B8%AD%E0%B8%A2%E0%B8%B2%E0%B8%87%E0%B8%97%E0%B8%B3%E0%B8%84%E0%B8%A7%E0%B8%B2%E0%B8%A1%E0%B8%AA%E0%B8%B0%E0%B8%AD%E0%B8%B2%E0%B8%94%E0%B8%AD%E0%B9%80%E0%B8%99%E0%B8%81%E0%B8%9B%E0%B8%A3%E0%B8%B0%E0%B8%AA%E0%B8%87%E0%B8%84%E0%B9%8C-Size-L-%E0%B8%A3%E0%B8%B8%E0%B9%88%E0%B8%99-938L01D-%E0%B8%AA%E0%B8%B5%E0%B8%AA%E0%B9%89%E0%B8%A1-i.8850871938023
ถุงมือยางอเนกประสงค์ Size M RHINO (By Poly Brite) 938-M1D Basic 8x0.2x33 cm. ส้ม,http://spy.price2spy.com/product/536667709,27,https://www.thaiwatsadu.com/th/sku/60354368,27,https://globalhouse.co.th/product/RHINO-%E0%B8%96%E0%B8%B8%E0%B8%87%E0%B8%A1%E0%B8%B7%E0%B8%AD%E0%B8%A2%E0%B8%B2%E0%B8%87%E0%B8%AD%E0%B9%80%E0%B8%99%E0%B8%81%E0%B8%9B%E0%B8%A3%E0%B8%B0%E0%B8%AA%E0%B8%87%E0%B8%84%E0%B9%8C-SIZE-M-%E0%B8%82%E0%B8%99%E0%B8%B2%E0%B8%94-14.30x7x38-%E0%B8%8B%E0%B8%A1.-i.8850871938016
ทัพพี - เล็ก (ด้ามดำ) SEAGULL รุ่น SP 932 10x28x28 ซม. เงิน,http://spy.price2spy.com/product/536667757,68,https://www.thaiwatsadu.com/th/sku/60141172,58,https://globalhouse.co.th/product/SEAGULL-%E0%B8%97%E0%B8%B1%E0%B8%9E%E0%B8%9E%E0%B8%B5%E0%B9%80%E0%B8%A5%E0%B9%87%E0%B8%81%E0%B8%94%E0%B9%89%E0%B8%B2%E0%B8%A1%E0%B8%94%E0%B8%B3-100303007-%E0%B8%AA%E0%B8%B5%E0%B9%82%E0%B8%84%E0%B8%A3%E0%B9%80%E0%B8%A1%E0%B8%B5%E0%B9%88%E0%B8%B5%E0%B9%88%E0%B8%A2%E0%B8%A1-i.8850633030071
ทัพพี-ใหญ่ (ด้ามดำ) SEAGULL รุ่น ENJOY 8x36x5 ซม. เงิน,http://spy.price2spy.com/product/536667733,113,https://www.thaiwatsadu.com/th/sku/60141177,95,https://globalhouse.co.th/product/SEAGULL-%E0%B8%97%E0%B8%B1%E0%B8%9E%E0%B8%9E%E0%B8%B5%E0%B9%83%E0%B8%AB%E0%B8%8D%E0%B9%88%E0%B8%94%E0%B9%89%E0%B8%B2%E0%B8%A1%E0%B8%94%E0%B8%B3-100303008-%E0%B8%AA%E0%B8%B5%E0%B9%82%E0%B8%84%E0%B8%A3%E0%B9%80%E0%B8%A1%E0%B8%B5%E0%B9%88%E0%B8%B5%E0%B9%88%E0%B8%A2%E0%B8%A1-i.8850633030088
ฟิล์มยืดรีฟิวแพ็ค 30 ซม. MMP QG3003611 30x3600x11ซม.,http://spy.price2spy.com/product/536667937,38,https://www.thaiwatsadu.com/th/sku/60128157,38,https://globalhouse.co.th/product/MMP-%E0%B8%9F%E0%B8%B4%E0%B8%A5%E0%B9%8C%E0%B8%A1%E0%B8%A2%E0%B8%B7%E0%B8%94%E0%B8%A3%E0%B8%B5%E0%B8%9F%E0%B8%B4%E0%B8%A7%E0%B9%81%E0%B8%9E%E0%B9%87%E0%B8%84-QG3003611-%E0%B8%82%E0%B8%99%E0%B8%B2%E0%B8%94-30-%E0%B8%8B%E0%B8%A1.-i.8850919324511
อลูมิเนียมฟอยด์ 30 ซม. MMP AF3002516 30x750x16ซม.,http://spy.price2spy.com/product/536667929,57,https://www.thaiwatsadu.com/th/sku/60128126,69,https://globalhouse.co.th/product/MMP-MFoil-%E0%B8%AD%E0%B8%A5%E0%B8%B9%E0%B8%A1%E0%B8%B4%E0%B9%80%E0%B8%99%E0%B8%B5%E0%B8%A2%E0%B8%A1%E0%B8%9F%E0%B8%AD%E0%B8%A2%E0%B8%A5%E0%B9%8C-AF30025B-%E0%B8%82%E0%B8%99%E0%B8%B2%E0%B8%94-30-%E0%B8%8B%E0%B8%A1.-i.8850919414212
แกลลอนน้ำทรงเหลี่ยม PAN UNION ขนาด 20 ลิตร,http://spy.price2spy.com/product/337653366,213,https://www.thaiwatsadu.com/th/sku/60209803,259,https://www.globalhouse.co.th/product/detail/8850421923905
แปรงบรูมใหญ่หัวพลาสติก ตราสมอ รุ่น 101101 (แพ็ค 2 ชิ้น) สีฟ้า,http://spy.price2spy.com/product/532393885,158,https://www.thaiwatsadu.com/th/sku/60206056,109,https://globalhouse.co.th/product/ANCHOR-%E0%B9%81%E0%B8%9B%E0%B8%A3%E0%B8%87%E0%B8%82%E0%B8%B1%E0%B8%94%E0%B8%9E%E0%B8%B7%E0%B9%89%E0%B8%99%E0%B8%AB%E0%B8%B1%E0%B8%A7%E0%B8%9E%E0%B8%A5%E0%B8%B2%E0%B8%AA%E0%B8%95%E0%B8%B4%E0%B8%81%E0%B8%94%E0%B9%89%E0%B8%B2%E0%B8%A1%E0%B9%80%E0%B8%AB%E0%B8%A5%E0%B9%87%E0%B8%81%E0%B9%83%E0%B8%AB%E0%B8%8D%E0%B9%88-%E0%B8%82%E0%B8%99%E0%B8%B2%E0%B8%94-8x120x8%E0%B8%8B%E0%B8%A1.-%E0%B8%A3%E0%B8%B8%E0%B9%88%E0%B8%99-101101-i.8851938900625
มู่ลี่ไวนิล สกรีนเต็มผืน WSP TK-36/B-19 80x200 ซม. หลากสี,http://spy.price2spy.com/product/376275510,228,https://www.thaiwatsadu.com/th/sku/60292315,293,https://globalhouse.co.th/product/detail/8851128122929
สายไฟ BCC THW-A 1x25 Sq.mm. 100ม. ดำ,http://spy.price2spy.com/product/536666673,1870,https://www.thaiwatsadu.com/th/sku/60144765,1512,https://globalhouse.co.th/product/BCC-%E0%B8%AA%E0%B8%B2%E0%B8%A2%E0%B9%84%E0%B8%9F-THWA-1x25-%E0%B8%95%E0%B8%A3.%E0%B8%A1%E0%B8%A1.-100-m.-%E0%B8%AA%E0%B8%B5%E0%B8%94%E0%B8%B3-i.8854420001701
หลอดไฟ LED E27 LAMPTAN SHINE 13วัตต์ Cool White,http://spy.price2spy.com/product/536667237,79,https://www.thaiwatsadu.com/th/sku/60407114,79,https://globalhouse.co.th/product/Lamptan-%E0%B8%AB%E0%B8%A5%E0%B8%AD%E0%B8%94%E0%B9%84%E0%B8%9F-LED-BULB-13W-%E0%B8%A3%E0%B8%B8%E0%B9%88%E0%B8%99-SHINE-E27-%E0%B9%81%E0%B8%AA%E0%B8%87%E0%B8%84%E0%B8%A5%E0%B8%B9%E0%B9%84%E0%B8%A7%E0%B8%97%E0%B9%8C-i.8850646022995
โคมกันน้ำกันฝุ่น IP65 LED-T8 2xL1200 RACER Quarter Shield3 11.5x129x6 ซม. เทา,http://spy.price2spy.com/product/536667517,458,https://www.thaiwatsadu.com/th/sku/60357508,458,https://globalhouse.co.th/product/RACER-%E0%B9%82%E0%B8%84%E0%B8%A1%E0%B9%84%E0%B8%9F%E0%B8%81%E0%B8%B1%E0%B8%99%E0%B8%99%E0%B9%89%E0%B8%B3%E0%B8%81%E0%B8%B1%E0%B8%99%E0%B8%9D%E0%B8%B8%E0%B9%88%E0%B8%99%E0%B8%AA%E0%B8%B3%E0%B8%AB%E0%B8%A3%E0%B8%B1%E0%B8%9A%E0%B8%AB%E0%B8%A5%E0%B8%AD%E0%B8%94-LED-T8-2xL1200-IP65-i.8858869071998
โคมดาวน์ไลท์หน้ากลม 4 นิ้ว LED 10W Tri-Color RACER INNO TECH-D10W-Tri ขาว,http://spy.price2spy.com/product/536667525,225,https://www.thaiwatsadu.com/th/sku/60353927,225,https://globalhouse.co.th/product/RACER-%E0%B9%82%E0%B8%84%E0%B8%A1%E0%B8%94%E0%B8%B2%E0%B8%A7%E0%B8%99%E0%B9%8C%E0%B9%84%E0%B8%A5%E0%B8%97%E0%B9%8C-LED-%E0%B9%81%E0%B8%9A%E0%B8%9A%E0%B8%9D%E0%B8%B1%E0%B8%87%E0%B8%9D%E0%B9%89%E0%B8%B2%E0%B8%AB%E0%B8%99%E0%B9%89%E0%B8%B2%E0%B8%81%E0%B8%A5%E0%B8%A1-10W-%E0%B8%A3%E0%B8%B8%E0%B9%88%E0%B8%99-INNO-TECHD-3%E0%B9%81%E0%B8%AA%E0%B8%87-i.8858869071011
โคมดาวน์ไลท์หน้ากลม 5 นิ้ว LED 9W WW LAMPTAN Slim Alu RD 9W/WW ขาว,http://spy.price2spy.com/product/479553281,138,https://www.thaiwatsadu.com/th/sku/60343457,138,https://globalhouse.co.th/product/LAMPTAN-%E0%B9%82%E0%B8%84%E0%B8%A1%E0%B8%94%E0%B8%B2%E0%B8%A7%E0%B8%99%E0%B9%8C%E0%B9%84%E0%B8%A5%E0%B8%97%E0%B9%8C-LED-%E0%B9%81%E0%B8%9A%E0%B8%9A%E0%B8%9D%E0%B8%B1%E0%B8%87%E0%B8%AB%E0%B8%99%E0%B9%89%E0%B8%B2%E0%B8%81%E0%B8%A5%E0%B8%A1-5%E0%B8%99%E0%B8%B4%E0%B9%89%E0%B8%A7-9W-%E0%B8%82%E0%B8%AD%E0%B8%9A%E0%B8%82%E0%B8%B2%E0%B8%A7-%E0%B8%A3%E0%B8%B8%E0%B9%88%E0%B8%99%E0%B8%AD%E0%B8%B1%E0%B8%A5%E0%B8%95%E0%B8%A3%E0%B9%89%E0%B8%B2%E0%B8%AA%E0%B8%A5%E0%B8%B4%E0%B8%A1-%E0%B8%AD%E0%B8%A5%E0%B8%B9%E0%B8%A1%E0%B8%B4%E0%B9%80%E0%B8%99%E0%B8%B5%E0%B8%A2%E0%B8%A1--%E0%B9%81%E0%B8%AA%E0%B8%87%E0%B8%A7%E0%B8%AD%E0%B8%A3%E0%B9%8C%E0%B8%A1%E0%B9%84%E0%B8%A7%E0%B8%97%E0%B9%8C-i.8850646091243
โคมดาวน์ไลท์หน้ากลม 6 นิ้ว 1xE27 LAMPTAN Onix-6 Inch ขาว,http://spy.price2spy.com/product/536667137,159,https://www.thaiwatsadu.com/th/sku/60345099,155,https://globalhouse.co.th/product/LAMPTAN-%E0%B9%82%E0%B8%84%E0%B8%A1%E0%B8%94%E0%B8%B2%E0%B8%A7%E0%B8%99%E0%B9%8C%E0%B9%84%E0%B8%A5%E0%B8%97%E0%B9%8C%E0%B9%81%E0%B8%9A%E0%B8%9A%E0%B8%9D%E0%B8%B1%E0%B8%87%E0%B8%9D%E0%B9%89%E0%B8%B2%E0%B8%AB%E0%B8%99%E0%B9%89%E0%B8%B2%E0%B8%81%E0%B8%A5%E0%B8%A1-%E0%B8%82%E0%B8%AD%E0%B8%9A%E0%B8%82%E0%B8%B2%E0%B8%A7-6%E0%B8%99%E0%B8%B4%E0%B9%89%E0%B8%A7-E27-%E0%B8%A3%E0%B8%B8%E0%B9%88%E0%B8%99%E0%B9%82%E0%B8%AD%E0%B8%99%E0%B8%B4%E0%B8%81%E0%B8%AA%E0%B9%8C-i.8850646090024
โคมฟลัดไลท์ LED 100W WW RACER LUNA100W/30K 28.6x20.5x2.9 ซม. ดำ,http://spy.price2spy.com/product/536667537,898,https://www.thaiwatsadu.com/th/sku/60419169,908,https://globalhouse.co.th/product/RACER-%E0%B9%82%E0%B8%84%E0%B8%A1%E0%B9%84%E0%B8%9F%E0%B9%81%E0%B8%AD%E0%B8%A5%E0%B8%AD%E0%B8%B5%E0%B8%94%E0%B8%B5-%E0%B8%9F%E0%B8%A5%E0%B8%B1%E0%B8%94%E0%B9%84%E0%B8%A5%E0%B8%97%E0%B9%8C-%E0%B8%A3%E0%B8%B8%E0%B9%88%E0%B8%99%E0%B8%A5%E0%B8%B9%E0%B8%99%E0%B9%88%E0%B8%B2-100%E0%B8%A7%E0%B8%B1%E0%B8%95%E0%B8%95%E0%B9%8C-%E0%B9%81%E0%B8%AA%E0%B8%87%E0%B9%80%E0%B8%AB%E0%B8%A5%E0%B8%B7%E0%B8%AD%E0%B8%87-IP66-i.8858869076061
โคมฟลัดไลท์โซล่าเซลล์ LED 100W DL LAMPTAN RHINO 100W/DL 22.8x19.8x6.7 ซม. ดำ,http://spy.price2spy.com/product/536667173,1278,https://www.thaiwatsadu.com/th/sku/60406654,1278,https://globalhouse.co.th/product/LAMPTAN-%E0%B9%82%E0%B8%84%E0%B8%A1%E0%B9%84%E0%B8%9F%E0%B8%9F%E0%B8%A5%E0%B8%B1%E0%B8%94%E0%B9%84%E0%B8%A5%E0%B8%97%E0%B9%8C%E0%B9%82%E0%B8%8B%E0%B8%A5%E0%B8%B2%E0%B8%A3%E0%B9%8C%E0%B9%80%E0%B8%8B%E0%B8%A5%E0%B8%A5%E0%B9%8C-LED-100W-%E0%B8%A3%E0%B8%B8%E0%B9%88%E0%B8%99%E0%B9%84%E0%B8%A3%E0%B9%82%E0%B8%99--%E0%B8%A3%E0%B8%B5%E0%B9%82%E0%B8%A1%E0%B8%97-IP65-%E0%B9%81%E0%B8%AA%E0%B8%87%E0%B9%80%E0%B8%94%E0%B8%A2%E0%B9%8C%E0%B9%84%E0%B8%A5%E0%B8%97%E0%B9%8C-i.8850646026788
โคมฟลัดไลท์โซล่าเซลล์ LED 300W DL LAMPTAN RHINO 300W/DL 35.6x30x7.3 ซม. ดำ,http://spy.price2spy.com/product/536667205,2458,https://www.thaiwatsadu.com/th/sku/60406656,2458,https://globalhouse.co.th/product/LAMPTAN-%E0%B9%82%E0%B8%84%E0%B8%A1%E0%B9%84%E0%B8%9F%E0%B8%9F%E0%B8%A5%E0%B8%B1%E0%B8%94%E0%B9%84%E0%B8%A5%E0%B8%97%E0%B9%8C%E0%B9%82%E0%B8%8B%E0%B8%A5%E0%B8%B2%E0%B8%A3%E0%B9%8C%E0%B9%80%E0%B8%8B%E0%B8%A5%E0%B8%A5%E0%B9%8C-LED-300W-%E0%B8%A3%E0%B8%B8%E0%B9%88%E0%B8%99%E0%B9%84%E0%B8%A3%E0%B9%82%E0%B8%99--%E0%B8%A3%E0%B8%B5%E0%B9%82%E0%B8%A1%E0%B8%97-IP65-%E0%B9%81%E0%B8%AA%E0%B8%87%E0%B9%80%E0%B8%94%E0%B8%A2%E0%B9%8C%E0%B9%84%E0%B8%A5%E0%B8%97%E0%B9%8C-i.8850646026801
โคมฟลัดไลท์โซล่าเซลล์ LED 50W DL LAMPTAN RHINO 50W/DL 22.8x19.8x6.7 ซม. ดำ,http://spy.price2spy.com/product/536667225,898,https://www.thaiwatsadu.com/th/sku/60406653,898,https://globalhouse.co.th/product/LAMPTAN-%E0%B9%82%E0%B8%84%E0%B8%A1%E0%B9%84%E0%B8%9F%E0%B8%9F%E0%B8%A5%E0%B8%B1%E0%B8%94%E0%B9%84%E0%B8%A5%E0%B8%97%E0%B9%8C%E0%B9%82%E0%B8%8B%E0%B8%A5%E0%B8%B2%E0%B8%A3%E0%B9%8C%E0%B9%80%E0%B8%8B%E0%B8%A5%E0%B8%A5%E0%B9%8C-LED-50W-%E0%B8%A3%E0%B8%B8%E0%B9%88%E0%B8%99%E0%B9%84%E0%B8%A3%E0%B9%82%E0%B8%99--%E0%B8%A3%E0%B8%B5%E0%B9%82%E0%B8%A1%E0%B8%97-IP65-%E0%B9%81%E0%B8%AA%E0%B8%87%E0%B9%80%E0%B8%94%E0%B8%A2%E0%B9%8C%E0%B9%84%E0%B8%A5%E0%B8%97%E0%B9%8C-i.8850646026771
โคมไฟถนนพร้อมขาจับ LED 100W DL LAMPTAN NEW LEADER 100W 14.4x52.7x8.3 ซม. เทา,http://spy.price2spy.com/product/507292173,1758,https://www.thaiwatsadu.com/th/sku/60407702,1758,https://globalhouse.co.th/product/LAMPTAN-%E0%B9%82%E0%B8%84%E0%B8%A1%E0%B9%84%E0%B8%9F%E0%B8%96%E0%B8%99%E0%B8%99-LED-100W-%E0%B9%81%E0%B8%AA%E0%B8%87%E0%B9%80%E0%B8%94%E0%B8%A2%E0%B9%8C%E0%B9%84%E0%B8%A5%E0%B8%97%E0%B9%8C-%E0%B8%A3%E0%B8%B8%E0%B9%88%E0%B8%99%E0%B8%99%E0%B8%B4%E0%B8%A7%E0%B8%A5%E0%B8%B5%E0%B8%94%E0%B9%80%E0%B8%94%E0%B8%AD%E0%B8%A3%E0%B9%8C-i.8850646027891
โคมไฟถนนพร้อมขาจับ LED 50W DL LAMPTAN NEW LEADER 50W 12x45.6x8.3 ซม. เทา,http://spy.price2spy.com/product/507292169,958,https://www.thaiwatsadu.com/th/sku/60407700,958,https://globalhouse.co.th/product/LAMPTAN-%E0%B9%82%E0%B8%84%E0%B8%A1%E0%B9%84%E0%B8%9F%E0%B8%96%E0%B8%99%E0%B8%99-LED-50W-%E0%B9%81%E0%B8%AA%E0%B8%87%E0%B9%80%E0%B8%94%E0%B8%A2%E0%B9%8C%E0%B9%84%E0%B8%A5%E0%B8%97%E0%B9%8C-%E0%B8%A3%E0%B8%B8%E0%B9%88%E0%B8%99%E0%B8%99%E0%B8%B4%E0%B8%A7%E0%B8%A5%E0%B8%B5%E0%B8%94%E0%B9%80%E0%B8%94%E0%B8%AD%E0%B8%A3%E0%B9%8C-i.8850646027884
โคมไฟถนนโซล่าเซลล์พร้อมขาจับ LED 50W DL LAMPTAN NEW MICRO 50W/65K 13.3x27x4 ซม.ดำ,http://spy.price2spy.com/product/536667093,459,https://www.thaiwatsadu.com/th/sku/60415194,459,https://globalhouse.co.th/product/LAMPTAN-%E0%B9%82%E0%B8%84%E0%B8%A1%E0%B9%84%E0%B8%9F%E0%B8%96%E0%B8%99%E0%B8%99%E0%B9%82%E0%B8%8B%E0%B8%A5%E0%B8%B2%E0%B8%A3%E0%B9%8C%E0%B9%80%E0%B8%8B%E0%B8%A5%E0%B8%A5%E0%B9%8C-LED-50W-%E0%B8%A3%E0%B8%B8%E0%B9%88%E0%B8%99%E0%B9%84%E0%B8%A1%E0%B9%82%E0%B8%84%E0%B8%A3-DL-i.8850646025804
โคมไฟพาแนลไลท์ LED 40W DL RACER High Lumens1 65x64.5x4 ซม. ขาว,http://spy.price2spy.com/product/479553333,788,https://www.thaiwatsadu.com/th/sku/60357491,788,https://globalhouse.co.th/product/RACER-%E0%B9%82%E0%B8%84%E0%B8%A1-LED-%E0%B8%9E%E0%B8%B2%E0%B9%81%E0%B8%99%E0%B8%A5-%E0%B9%84%E0%B8%AE%E0%B8%A5%E0%B8%B9%E0%B9%80%E0%B8%A1%E0%B8%99-40W-6500K-%E0%B8%82%E0%B8%99%E0%B8%B2%E0%B8%94-60x60cm-%E0%B9%81%E0%B8%AA%E0%B8%87%E0%B9%80%E0%B8%94%E0%B8%A2%E0%B9%8C%E0%B9%84%E0%B8%A5%E0%B8%97%E0%B9%8C-i.8858869071936
โคมไฟเพดาน LED 50W Tri-Color LAMPTAN Camellia 50W 49.5x49.5x7.5 ซม. ขาว,http://spy.price2spy.com/product/536666929,2199,https://www.thaiwatsadu.com/th/product/%E0%B9%82%E0%B8%84%E0%B8%A1%E0%B9%84%E0%B8%9F%E0%B9%80%E0%B8%9E%E0%B8%94%E0%B8%B2%E0%B8%99%E0%B8%9E%E0%B8%A3%E0%B9%89%E0%B8%AD%E0%B8%A1%E0%B8%A3%E0%B8%B5%E0%B9%82%E0%B8%A1%E0%B8%95-LED-36W-Tri-Color-LAMPTAN-%E0%B8%A3%E0%B8%B8%E0%B9%88%E0%B8%99-Floria-Edge-36W%7CTri-Color-%E0%B8%AA%E0%B8%B5%E0%B8%82%E0%B8%B2%E0%B8%A7---%E0%B8%97%E0%B8%AD%E0%B8%87-60361902,2199,https://globalhouse.co.th/product/LAMPTAN-%E0%B9%82%E0%B8%84%E0%B8%A1%E0%B9%84%E0%B8%9F%E0%B9%80%E0%B8%9E%E0%B8%94%E0%B8%B2%E0%B8%99-%E0%B8%A1%E0%B8%B1%E0%B8%A5%E0%B8%95%E0%B8%B4%E0%B8%AA%E0%B8%A1%E0%B8%B2%E0%B8%A3%E0%B9%8C%E0%B8%97-LED-36W-%E0%B8%A3%E0%B8%B8%E0%B9%88%E0%B8%99-FLORIA-EDGE-3%E0%B9%81%E0%B8%AA%E0%B8%87--%E0%B8%A3%E0%B8%B5%E0%B9%82%E0%B8%A1%E0%B8%97-i.8850646023558
โคมไฟเพดานอะคริลิก LED 24W DL HI-TEK HFIL0SL24D(แบบเรียบ) 35x39x6.5 ซม. ขาว,http://spy.price2spy.com/product/536666781,298,https://www.thaiwatsadu.com/th/sku/60295982,298,https://globalhouse.co.th/product/HITEK-%E0%B8%8A%E0%B8%B8%E0%B8%94%E0%B9%82%E0%B8%84%E0%B8%A1-LED-%E0%B9%80%E0%B8%9E%E0%B8%94%E0%B8%B2%E0%B8%99%E0%B8%81%E0%B8%A5%E0%B8%A1-%E0%B9%81%E0%B8%9A%E0%B8%9A%E0%B8%9A%E0%B8%B2%E0%B8%87%E0%B8%A5%E0%B8%B2%E0%B8%A2%E0%B9%80%E0%B8%A3%E0%B8%B5%E0%B8%A2%E0%B8%9A-24W-DL-%E0%B9%81%E0%B8%AA%E0%B8%87%E0%B8%82%E0%B8%B2%E0%B8%A7-i.8859341905091
โคมไฟเพดานอะคริลิก LED 24W DL LAMPTAN Basic 24W/Daylight 37.5x37.5x6.2 ซม. ขาว,http://spy.price2spy.com/product/453090717,289,https://www.thaiwatsadu.com/th/sku/60385140,289,https://globalhouse.co.th/product/LAMPTAN-%E0%B9%82%E0%B8%84%E0%B8%A1%E0%B9%84%E0%B8%9F%E0%B9%80%E0%B8%9E%E0%B8%94%E0%B8%B2%E0%B8%99-LED-24W-%E0%B8%A3%E0%B8%B8%E0%B9%88%E0%B8%99-BASIC-%E0%B9%81%E0%B8%AA%E0%B8%87%E0%B9%80%E0%B8%94%E0%B8%A2%E0%B9%8C%E0%B9%84%E0%B8%A5%E0%B8%97%E0%B9%8C-i.8850646026009
โคมไฟเพดานอะคริลิก LED 36W DL LAMPTAN Basic 36W/Daylight 40.5x40.5x6.3 ซม. ขาว,http://spy.price2spy.com/product/453090721,348,https://www.thaiwatsadu.com/th/sku/60397060,349,https://globalhouse.co.th/product/LAMPTAN-%E0%B9%82%E0%B8%84%E0%B8%A1%E0%B9%84%E0%B8%9F%E0%B9%80%E0%B8%9E%E0%B8%94%E0%B8%B2%E0%B8%99-LED-36W-%E0%B8%A3%E0%B8%B8%E0%B9%88%E0%B8%99-BASIC-%E0%B9%81%E0%B8%AA%E0%B8%87%E0%B9%80%E0%B8%94%E0%B8%A2%E0%B9%8C%E0%B9%84%E0%B8%A5%E0%B8%97%E0%B9%8C-i.8850646026863
โคมไฟเพดานอะคริลิก LED 50W Tri-Color LAMPTAN Botan 50W 48.5x48.5x8.7 ซม. ขาว,http://spy.price2spy.com/product/536666977,959,https://www.thaiwatsadu.com/th/sku/60373321,959,https://globalhouse.co.th/product/LAMPTAN-%E0%B9%82%E0%B8%84%E0%B8%A1%E0%B9%84%E0%B8%9F%E0%B9%80%E0%B8%9E%E0%B8%94%E0%B8%B2%E0%B8%99-LED-50W-%E0%B8%A3%E0%B8%B8%E0%B9%88%E0%B8%99-BOTAN-%E0%B8%9B%E0%B8%A3%E0%B8%B1%E0%B8%9A%E0%B9%84%E0%B8%94%E0%B9%89-3-%E0%B9%81%E0%B8%AA%E0%B8%87-i.8850646025378
โคมไฟเพดานอะคริลิก LED 50W Tri-Color LAMPTAN Hana 50W 49x49x7.6 ซม. ขาว,http://spy.price2spy.com/product/536666981,959,https://www.thaiwatsadu.com/th/sku/60373323,989,https://globalhouse.co.th/product/LAMPTAN-%E0%B9%82%E0%B8%84%E0%B8%A1%E0%B9%84%E0%B8%9F%E0%B9%80%E0%B8%9E%E0%B8%94%E0%B8%B2%E0%B8%99-LED-50W-%E0%B8%A3%E0%B8%B8%E0%B9%88%E0%B8%99-HANA-%E0%B8%9B%E0%B8%A3%E0%B8%B1%E0%B8%9A%E0%B9%84%E0%B8%94%E0%B9%89-3-%E0%B9%81%E0%B8%AA%E0%B8%87-i.8850646025392
โคมไฟเพดานอะคริลิก LED 50W Tri-Color RACER POP BRIGHT PBT06-50W 49x49x10 ซม. ขาว,http://spy.price2spy.com/product/474252105,1472,https://www.thaiwatsadu.com/th/sku/60377721,1478,https://globalhouse.co.th/product/RACER-%E0%B9%82%E0%B8%84%E0%B8%A1%E0%B9%84%E0%B8%9F-%E0%B9%81%E0%B8%AD%E0%B8%A5%E0%B8%AD%E0%B8%B5%E0%B8%94%E0%B8%B5-%E0%B8%AA%E0%B8%B2%E0%B8%A1%E0%B8%AA%E0%B8%B5-%E0%B8%A3%E0%B8%B8%E0%B9%88%E0%B8%99-%E0%B8%9B%E0%B9%8A%E0%B8%AD%E0%B8%9B%E0%B9%84%E0%B8%9A%E0%B8%A3%E0%B8%97%E0%B9%8C-50-%E0%B8%A7%E0%B8%B1%E0%B8%95%E0%B8%95%E0%B9%8C-PBT07-i.8858869074203
โคมไฟเพดานอะคริลิก+รีโมท LED 36W Tri-Color LAMPTAN Floria Edge 36W 47.5x47.5x11 ซม. ขาว-ทอง,http://spy.price2spy.com/product/536666993,2199,https://www.thaiwatsadu.com/th/sku/60361902,2199,https://globalhouse.co.th/product/LAMPTAN-%E0%B9%82%E0%B8%84%E0%B8%A1%E0%B9%84%E0%B8%9F%E0%B9%80%E0%B8%9E%E0%B8%94%E0%B8%B2%E0%B8%99-%E0%B8%A1%E0%B8%B1%E0%B8%A5%E0%B8%95%E0%B8%B4%E0%B8%AA%E0%B8%A1%E0%B8%B2%E0%B8%A3%E0%B9%8C%E0%B8%97-LED-36W-%E0%B8%A3%E0%B8%B8%E0%B9%88%E0%B8%99-FLORIA-EDGE-3%E0%B9%81%E0%B8%AA%E0%B8%87--%E0%B8%A3%E0%B8%B5%E0%B9%82%E0%B8%A1%E0%B8%97-i.8850646023558
โคมไฟไฮเบย์ LED 150W DL LAMPTAN FIN 150W/DL 42.2x42.2x27.5 ซม. เงิน,http://spy.price2spy.com/product/536667021,1098,https://www.thaiwatsadu.com/th/sku/60367240,1098,https://globalhouse.co.th/product/LAMPTAN%E0%B9%82%E0%B8%84%E0%B8%A1%E0%B9%84%E0%B8%AE%E0%B9%80%E0%B8%9A%E0%B8%A2%E0%B9%8CLED150W%E0%B8%A3%E0%B8%B8%E0%B9%88%E0%B8%99FIN%E0%B9%81%E0%B8%AA%E0%B8%87%E0%B9%80%E0%B8%94%E0%B8%A2%E0%B9%8C%E0%B9%84%E0%B8%A5%E0%B8%97%E0%B9%8C-i.8850646024661
TV QLED (40นิ้ว Google TV) TCL 40S5K สีดำ,http://spy.price2spy.com/product/537486193,6990,https://www.thaiwatsadu.com/sku/60427184,6490,https://globalhouse.co.th/product/TCL-%E0%B9%82%E0%B8%97%E0%B8%A3%E0%B8%97%E0%B8%B1%E0%B8%A8%E0%B8%99%E0%B9%8C-QLED-TV-%E0%B8%82%E0%B8%99%E0%B8%B2%E0%B8%94-40-%E0%B8%99%E0%B8%B4%E0%B9%89%E0%B8%A7-%E0%B8%A3%E0%B8%B8%E0%B9%88%E0%B8%99-40S5K-%E0%B8%AA%E0%B8%B5%E0%B8%94%E0%B8%B3-i.6921732844301
TV QLED (65 นิ้ว 4K GOOGLE TV) TCL 65P7K สีดำ,http://spy.price2spy.com/product/537486197,20990,https://www.thaiwatsadu.com/sku/60426724,17990,https://globalhouse.co.th/product/TCL-%E0%B9%82%E0%B8%97%E0%B8%A3%E0%B8%97%E0%B8%B1%E0%B8%A8%E0%B8%99%E0%B9%8C-QLED-TV-%E0%B8%82%E0%B8%99%E0%B8%B2%E0%B8%94-65-%E0%B8%99%E0%B8%B4%E0%B9%89%E0%B8%A7-%E0%B8%A3%E0%B8%B8%E0%B9%88%E0%B8%99-65P7K-%E0%B8%AA%E0%B8%B5%E0%B8%94%E0%B8%B3-i.6937574800412
TV UHD LED (55นิ้ว 4K GOOGLE TV) TCL 55P6K สีดำ,http://spy.price2spy.com/product/537486181,10990,https://www.thaiwatsadu.com/sku/60426733,10490,https://globalhouse.co.th/product/TCL-%E0%B9%82%E0%B8%97%E0%B8%A3%E0%B8%97%E0%B8%B1%E0%B8%A8%E0%B8%99%E0%B9%8C-4K-LED-TV-%E0%B8%82%E0%B8%99%E0%B8%B2%E0%B8%94-55-%E0%B8%99%E0%B8%B4%E0%B9%89%E0%B8%A7-%E0%B8%A3%E0%B8%B8%E0%B9%88%E0%B8%99-55P6K-%E0%B8%AA%E0%B8%B5%E0%B8%94%E0%B8%B3-i.6937574800405
TV UHD LED (75 นิ้ว 4K VIDAA) HISENSE 75A6100N สีดำ,http://spy.price2spy.com/product/529278705,19999,https://www.thaiwatsadu.com/sku/60413631,19999,https://globalhouse.co.th/product/Hisense-%E0%B9%82%E0%B8%97%E0%B8%A3%E0%B8%97%E0%B8%B1%E0%B8%A8%E0%B8%99%E0%B9%8C-Smart-%E0%B8%97%E0%B8%B5%E0%B8%A7%E0%B8%B5-75-%E0%B8%99%E0%B8%B4%E0%B9%89%E0%B8%A7-4K-75A6100N-%E0%B8%AA%E0%B8%B5%E0%B8%94%E0%B8%B3-i.6942351409801
ขาแขวนทีวีติดผนัง 32 - 70 นิ้ว ROSS LRT400 / BR2C/HS-TW VESA400X400 ดำ,http://spy.price2spy.com/product/351485362,580,https://www.thaiwatsadu.com/th/sku/60287328,990,https://globalhouse.co.th/product/ROSS-%E0%B8%82%E0%B8%B2%E0%B9%81%E0%B8%82%E0%B8%A7%E0%B8%99%E0%B8%97%E0%B8%B5%E0%B8%A7%E0%B8%B5-%E0%B8%82%E0%B8%99%E0%B8%B2%E0%B8%94-3270-CR2CHSGH--%E0%B8%AA%E0%B8%B5%E0%B8%94%E0%B8%B3-i.4722006750036
ครีมแวกซ์ กรอส แอนด์ ไซน์ มูสเตอร์ 3M XS002005451 220 gram,http://spy.price2spy.com/product/536667821,308,https://www.thaiwatsadu.com/th/sku/60249958,269,https://globalhouse.co.th/product/%E0%B8%9C%E0%B8%A5%E0%B8%B4%E0%B8%95%E0%B8%A0%E0%B8%B1%E0%B8%93%E0%B8%91%E0%B9%8C%E0%B9%81%E0%B8%A7%E0%B9%8A%E0%B8%81%E0%B8%8B%E0%B9%8C%E0%B9%80%E0%B8%84%E0%B8%A5%E0%B8%B7%E0%B8%AD%E0%B8%9A%E0%B9%80%E0%B8%87%E0%B8%B2%E0%B8%AA%E0%B8%B5%E0%B8%A3%E0%B8%96-3M-%E0%B8%81%E0%B8%A3%E0%B8%AD%E0%B8%AA-%E0%B9%80%E0%B8%AD%E0%B9%87%E0%B8%99-%E0%B8%8A%E0%B8%B2%E0%B8%A2%E0%B8%99%E0%B9%8C-%E0%B8%9A%E0%B8%B9%E0%B8%AA%E0%B9%80%E0%B8%95%E0%B8%AD%E0%B8%A3%E0%B9%8C-220-g-i.8850304100294
น้ำยาเคลือบกระจก เรนออฟ Karshine ขนาด 150 มล.,http://spy.price2spy.com/product/537485829,163,https://www.thaiwatsadu.com/sku/60308610,155,https://globalhouse.co.th/product/%E0%B8%99%E0%B9%89%E0%B8%B3%E0%B8%A2%E0%B8%B2%E0%B9%80%E0%B8%84%E0%B8%A5%E0%B8%B7%E0%B8%AD%E0%B8%9A%E0%B8%81%E0%B8%A3%E0%B8%B0%E0%B8%88%E0%B8%81-Karshine-150-%E0%B8%A1%E0%B8%A5.-i.8852265074140
ผลิตภัณฑ์ลบคราบยางมะตอยและกาว 3M XS002003746 473 ml,http://spy.price2spy.com/product/536667617,303,https://www.thaiwatsadu.com/th/sku/60249930,270,https://globalhouse.co.th/product/%E0%B8%9C%E0%B8%A5%E0%B8%B4%E0%B8%95%E0%B8%A0%E0%B8%B1%E0%B8%93%E0%B8%91%E0%B9%8C%E0%B8%A5%E0%B8%9A%E0%B8%84%E0%B8%A3%E0%B8%B2%E0%B8%9A%E0%B8%A2%E0%B8%B2%E0%B8%87%E0%B8%A1%E0%B8%B0%E0%B8%95%E0%B8%AD%E0%B8%A2%E0%B9%81%E0%B8%A5%E0%B8%B0%E0%B8%84%E0%B8%A3%E0%B8%B2%E0%B8%9A%E0%B8%81%E0%B8%B2%E0%B8%A7-3M-i.9557907032975
ลำโพงบลูทูธ (20 วัตต์ )SHERMAN BS-3 สีดำ,http://spy.price2spy.com/product/490368897,1990,https://www.thaiwatsadu.com/th/sku/60412977,1990,https://globalhouse.co.th/product/Sherman-%E0%B8%A5%E0%B8%B3%E0%B9%82%E0%B8%9E%E0%B8%87%E0%B8%9A%E0%B8%A5%E0%B8%B9%E0%B8%97%E0%B8%B9%E0%B8%98-%E0%B8%A3%E0%B8%B8%E0%B9%88%E0%B8%99-BS3-%E0%B8%AA%E0%B8%B5%E0%B8%94%E0%B8%B3-i.8856588007489
สเปรย์เคลือบบำรุงรักษาเบาะหนัง 3M XS002005410 400 ml,http://spy.price2spy.com/product/536667825,238,https://www.thaiwatsadu.com/th/sku/60249920,225,https://globalhouse.co.th/product/%E0%B8%9C%E0%B8%A5%E0%B8%B4%E0%B8%95%E0%B8%A0%E0%B8%B1%E0%B8%93%E0%B8%91%E0%B9%8C%E0%B9%80%E0%B8%84%E0%B8%A5%E0%B8%B7%E0%B8%AD%E0%B8%9A%E0%B8%9A%E0%B8%B3%E0%B8%A3%E0%B8%B8%E0%B8%87%E0%B8%A3%E0%B8%B1%E0%B8%81%E0%B8%A9%E0%B8%B2%E0%B9%80%E0%B8%9A%E0%B8%B2%E0%B8%B0%E0%B8%AB%E0%B8%99%E0%B8%B1%E0%B8%87%E0%B8%A3%E0%B8%96%E0%B8%A2%E0%B8%99%E0%B8%95%E0%B9%8C-3M-400-ml.-i.8850304101123
"เตาแม่เหล็กไฟฟ้า (2,000 วัตต์)TOSHIBA IC-20R1STH สีดำ",http://spy.price2spy.com/product/536667621,1590,https://www.thaiwatsadu.com/th/sku/60411382,1690,https://globalhouse.co.th/product/TOSHIBA-%E0%B9%80%E0%B8%95%E0%B8%B2%E0%B9%81%E0%B8%A1%E0%B9%88%E0%B9%80%E0%B8%AB%E0%B8%A5%E0%B9%87%E0%B8%81%E0%B9%84%E0%B8%9F%E0%B8%9F%E0%B9%89%E0%B8%B2-2000W-IC20R1STH-%E0%B8%AA%E0%B8%B5%E0%B8%94%E0%B8%B3-i.6936718322292
แอร์ติดผนัง Inverter (12000 BTU) SAMSUNG AR13DYHZBWKNST สีขาว,http://spy.price2spy.com/product/529278633,9590,https://www.thaiwatsadu.com/sku/60424076,13990,https://globalhouse.co.th/product/SAMSUNG-%E0%B9%80%E0%B8%84%E0%B8%A3%E0%B8%B7%E0%B9%88%E0%B8%AD%E0%B8%87%E0%B8%9B%E0%B8%A3%E0%B8%B1%E0%B8%9A%E0%B8%AD%E0%B8%B2%E0%B8%81%E0%B8%B2%E0%B8%A8-SInverter-Eco-Plus-12000BTU-AR13DYHZBWKNST-%E0%B8%AA%E0%B8%B5%E0%B8%82%E0%B8%B2%E0%B8%A7-i.8806095452159
แอร์ติดผนัง Inverter (18000 BTU) SAMSUNG AR18DYHZBWKNST สีขาว,http://spy.price2spy.com/product/537486129,17290,https://www.thaiwatsadu.com/sku/60424074,17990,https://globalhouse.co.th/product/SAMSUNG-%E0%B9%80%E0%B8%84%E0%B8%A3%E0%B8%B7%E0%B9%88%E0%B8%AD%E0%B8%87%E0%B8%9B%E0%B8%A3%E0%B8%B1%E0%B8%9A%E0%B8%AD%E0%B8%B2%E0%B8%81%E0%B8%B2%E0%B8%A8-SInverter-Eco-Plus-18000BTU-AR18DYHZBWKNST-%E0%B8%AA%E0%B8%B5%E0%B8%82%E0%B8%B2%E0%B8%A7-i.8806095452210
แอร์ติดผนัง Inverter (21500 BTU) SAMSUNG AR24DYHZBWKNST สีขาว,http://spy.price2spy.com/product/537486133,24290,https://www.thaiwatsadu.com/sku/60424073,23990,https://globalhouse.co.th/product/SAMSUNG-%E0%B9%80%E0%B8%84%E0%B8%A3%E0%B8%B7%E0%B9%88%E0%B8%AD%E0%B8%87%E0%B8%9B%E0%B8%A3%E0%B8%B1%E0%B8%9A%E0%B8%AD%E0%B8%B2%E0%B8%81%E0%B8%B2%E0%B8%A8-SInverter-Eco-Plus-21500BTU-AR24DYHZBWKNST-%E0%B8%AA%E0%B8%B5%E0%B8%82%E0%B8%B2%E0%B8%A7-i.8806095452258
แอร์ติดผนัง Inverter (9000 BTU) SAMSUNG AR10DYHZBWKNST สีขาว,http://spy.price2spy.com/product/537486125,9590,https://www.thaiwatsadu.com/sku/60424075,12490,https://globalhouse.co.th/product/SAMSUNG-%E0%B9%80%E0%B8%84%E0%B8%A3%E0%B8%B7%E0%B9%88%E0%B8%AD%E0%B8%87%E0%B8%9B%E0%B8%A3%E0%B8%B1%E0%B8%9A%E0%B8%AD%E0%B8%B2%E0%B8%81%E0%B8%B2%E0%B8%A8-SInverter-Eco-Plus-9000BTU-AR10DYHZBWKNST-%E0%B8%AA%E0%B8%B5%E0%B8%82%E0%B8%B2%E0%B8%A7-i.8806095452074
ข้องอ90 เกลียวในหนา SCG 1/2 นิ้ว ฟ้า,http://spy.price2spy.com/product/536667309,10,https://www.thaiwatsadu.com/th/sku/60378408,8.25,https://globalhouse.co.th/product/SCG-%E0%B8%82%E0%B9%89%E0%B8%AD%E0%B8%87%E0%B8%AD-90-%E0%B9%80%E0%B8%81%E0%B8%A5%E0%B8%B5%E0%B8%A2%E0%B8%A7%E0%B9%83%E0%B8%99-%E0%B8%AB%E0%B8%99%E0%B8%B2-1218-%E0%B8%8A%E0%B8%B1%E0%B9%89%E0%B8%99-13.5-%E0%B8%AA%E0%B8%B5%E0%B8%9F%E0%B9%89%E0%B8%B2-i.8858721531189
ข้อต่อตรงเกลียวนอกหนา SCG 1/2 นิ้ว ฟ้า,http://spy.price2spy.com/product/536667337,6,https://www.thaiwatsadu.com/th/sku/60378401,4,https://globalhouse.co.th/product/SCG-%E0%B8%82%E0%B9%89%E0%B8%AD%E0%B8%95%E0%B9%88%E0%B8%AD%E0%B8%95%E0%B8%A3%E0%B8%87%E0%B9%80%E0%B8%81%E0%B8%A5%E0%B8%B5%E0%B8%A2%E0%B8%A7%E0%B8%99%E0%B8%AD%E0%B8%81-%E0%B8%AB%E0%B8%99%E0%B8%B2-1218-%E0%B8%8A%E0%B8%B1%E0%B9%89%E0%B8%99-13.5-%E0%B8%AA%E0%B8%B5%E0%B8%9F%E0%B9%89%E0%B8%B2-i.8858721530991
ชั้นวางทีวี 120 ซม. SF T-15-SD ขนาด 120x40x54 ซม. ลายไม้/ครีม,http://spy.price2spy.com/product/524885497,1580,https://www.thaiwatsadu.com/sku/60422068,1690,https://globalhouse.co.th/product/DELICATO-%E0%B8%8A%E0%B8%B1%E0%B9%89%E0%B8%99%E0%B8%A7%E0%B8%B2%E0%B8%87%E0%B8%97%E0%B8%B5%E0%B8%A7%E0%B8%B5T15-%E0%B8%82%E0%B8%99%E0%B8%B2%E0%B8%94-40x120x54-%E0%B8%8B%E0%B8%A1.-%E0%B8%AA%E0%B8%B5%E0%B8%9E%E0%B8%A3%E0%B8%B5%E0%B9%80%E0%B8%A1%E0%B8%B5%E0%B8%A2%E0%B8%A3%E0%B9%8C%E0%B9%82%E0%B8%AD%E0%B9%8A%E0%B8%84-i.8859439301224
ตู้เสื้อผ้าทึบ 3 ลิ้นชัก ONLY 3.5 ฟุต 108 cm. สีสักปาเก้,http://spy.price2spy.com/product/355862622,2530,https://www.thaiwatsadu.com/th/sku/60351456,2990,https://globalhouse.co.th/product/detail/8859439301408
ปั๊มน้ำอัตโนมัติ 100 วัตต์ MITSUBISHI ELECTRIC WP-105R2,http://spy.price2spy.com/product/536666337,5040,https://www.thaiwatsadu.com/th/sku/60422669,5090,https://globalhouse.co.th/product/MITSUBISHI-%E0%B8%9B%E0%B8%B1%E0%B9%8A%E0%B8%A1%E0%B8%99%E0%B9%89%E0%B8%B3%E0%B8%AD%E0%B8%B1%E0%B8%95%E0%B9%82%E0%B8%99%E0%B8%A1%E0%B8%B1%E0%B8%95%E0%B8%B4-%E0%B8%82%E0%B8%99%E0%B8%B2%E0%B8%94-100-%E0%B8%A7%E0%B8%B1%E0%B8%95%E0%B8%95%E0%B9%8C-WP105R2-i.8850519417682
ปั๊มน้ำอัตโนมัติ 150 วัตต์ MITSUBISHI ELECTRIC WP-155R2,http://spy.price2spy.com/product/536666289,5840,https://www.thaiwatsadu.com/sku/60422666,5850,https://globalhouse.co.th/product/MITSUBISHI-%E0%B8%9B%E0%B8%B1%E0%B9%8A%E0%B8%A1%E0%B8%99%E0%B9%89%E0%B8%B3%E0%B8%AD%E0%B8%B1%E0%B8%95%E0%B9%82%E0%B8%99%E0%B8%A1%E0%B8%B1%E0%B8%95%E0%B8%B4-%E0%B8%82%E0%B8%99%E0%B8%B2%E0%B8%94-150-%E0%B8%A7%E0%B8%B1%E0%B8%95%E0%B8%95%E0%B9%8C-WP155R2-i.8850519417699
ปั๊มน้ำอัตโนมัติ 200 วัตต์ MITSUBISHI ELECTRIC WP-205R2,http://spy.price2spy.com/product/536666469,7140,https://www.thaiwatsadu.com/sku/60422671,7150,https://globalhouse.co.th/product/MITSUBISHI-%E0%B8%9B%E0%B8%B1%E0%B9%8A%E0%B8%A1%E0%B8%99%E0%B9%89%E0%B8%B3%E0%B8%AD%E0%B8%B1%E0%B8%95%E0%B9%82%E0%B8%99%E0%B8%A1%E0%B8%B1%E0%B8%95%E0%B8%B4-%E0%B8%82%E0%B8%99%E0%B8%B2%E0%B8%94-200-%E0%B8%A7%E0%B8%B1%E0%B8%95%E0%B8%95%E0%B9%8C-WP205R2-i.8850519417705
ปั๊มน้ำอัตโนมัติ 250 วัตต์ MITSUBISHI ELECTRIC WP-255R2,http://spy.price2spy.com/product/536666429,7640,https://www.thaiwatsadu.com/th/sku/60422670,7650,https://globalhouse.co.th/product/MITSUBISHI-%E0%B8%9B%E0%B8%B1%E0%B9%8A%E0%B8%A1%E0%B8%99%E0%B9%89%E0%B8%B3%E0%B8%AD%E0%B8%B1%E0%B8%95%E0%B9%82%E0%B8%99%E0%B8%A1%E0%B8%B1%E0%B8%95%E0%B8%B4-%E0%B8%82%E0%B8%99%E0%B8%B2%E0%B8%94-250-%E0%B8%A7%E0%B8%B1%E0%B8%95%E0%B8%95%E0%B9%8C-WP255R2-i.8850519417712
ปั๊มน้ำอัตโนมัติ 300 วัตต์ MITSUBISHI ELECTRIC WP-305R2,http://spy.price2spy.com/product/536666277,7900,https://www.thaiwatsadu.com/sku/60422667,7900,https://globalhouse.co.th/product/MITSUBISHI-%E0%B8%9B%E0%B8%B1%E0%B9%8A%E0%B8%A1%E0%B8%99%E0%B9%89%E0%B8%B3%E0%B8%AD%E0%B8%B1%E0%B8%95%E0%B9%82%E0%B8%99%E0%B8%A1%E0%B8%B1%E0%B8%95%E0%B8%B4-%E0%B8%82%E0%B8%99%E0%B8%B2%E0%B8%94-300-%E0%B8%A7%E0%B8%B1%E0%B8%95%E0%B8%95%E0%B9%8C-WP305R2-i.8850519417729
ปั๊มน้ำอัตโนมัติ 400 วัตต์ MITSUBISHI ELECTRIC WP-405R2,http://spy.price2spy.com/product/536666385,14240,https://www.thaiwatsadu.com/th/sku/60422668,14250,https://globalhouse.co.th/product/MITSUBISHI-%E0%B8%9B%E0%B8%B1%E0%B9%8A%E0%B8%A1%E0%B8%99%E0%B9%89%E0%B8%B3%E0%B8%AD%E0%B8%B1%E0%B8%95%E0%B9%82%E0%B8%99%E0%B8%A1%E0%B8%B1%E0%B8%95%E0%B8%B4-%E0%B8%82%E0%B8%99%E0%B8%B2%E0%B8%94-400-%E0%B8%A7%E0%B8%B1%E0%B8%95%E0%B8%95%E0%B9%8C-WP405R2-i.8850519417743
ปั๊มน้ำอัตโนมัติแรงดันคงที่ 150 วัตต์ HITACHI WM-P150XX2,http://spy.price2spy.com/product/537485989,6380,https://www.thaiwatsadu.com/sku/60427117,6290,https://globalhouse.co.th/product/04TP-HITACHI-%E0%B8%9B%E0%B8%B1%E0%B9%8A%E0%B8%A1%E0%B8%99%E0%B9%89%E0%B8%B3%E0%B8%AD%E0%B8%B1%E0%B8%95%E0%B9%82%E0%B8%99%E0%B8%A1%E0%B8%B1%E0%B8%95%E0%B8%B4%E0%B9%81%E0%B8%A3%E0%B8%87%E0%B8%94%E0%B8%B1%E0%B8%99%E0%B8%84%E0%B8%87%E0%B8%97%E0%B8%B5%E0%B9%88-150W-%E0%B8%A3%E0%B8%B8%E0%B9%88%E0%B8%99-WMP150XX2-i.8850207702816
ปั๊มน้ำอัตโนมัติแรงดันคงที่ 250 วัตต์ HITACHI WM-P250XX2,http://spy.price2spy.com/product/537485993,7840,https://www.thaiwatsadu.com/sku/60427115,7790,https://globalhouse.co.th/product/04TP-HITACHI-%E0%B8%9B%E0%B8%B1%E0%B9%8A%E0%B8%A1%E0%B8%99%E0%B9%89%E0%B8%B3%E0%B8%AD%E0%B8%B1%E0%B8%95%E0%B9%82%E0%B8%99%E0%B8%A1%E0%B8%B1%E0%B8%95%E0%B8%B4%E0%B9%81%E0%B8%A3%E0%B8%87%E0%B8%94%E0%B8%B1%E0%B8%99%E0%B8%84%E0%B8%87%E0%B8%97%E0%B8%B5%E0%B9%88-250W-%E0%B8%A3%E0%B8%B8%E0%B9%88%E0%B8%99-WMP250XX2-i.8850207702830
ปั๊มน้ำอัตโนมัติแรงดันคงที่ 300 วัตต์ MITSUBISHI ELECTRIC EP-305R2,http://spy.price2spy.com/product/524885297,8240,https://www.thaiwatsadu.com/th/sku/60422615,8250,https://globalhouse.co.th/product/MITSUBISHI-%E0%B8%9B%E0%B8%B1%E0%B9%8A%E0%B8%A1%E0%B8%99%E0%B9%89%E0%B8%B3%E0%B8%AD%E0%B8%B1%E0%B8%95%E0%B9%82%E0%B8%99%E0%B8%A1%E0%B8%B1%E0%B8%95%E0%B8%B4-%E0%B9%81%E0%B8%A3%E0%B8%87%E0%B8%94%E0%B8%B1%E0%B8%99%E0%B8%84%E0%B8%87%E0%B8%97%E0%B8%B5%E0%B9%88-%E0%B8%82%E0%B8%99%E0%B8%B2%E0%B8%94-300-%E0%B8%A7%E0%B8%B1%E0%B8%95%E0%B8%95%E0%B9%8C-EP305R2-i.8850519417811
ปั๊มน้ำอัตโนมัติแรงดันคงที่ 350 วัตต์ HITACHI WM-P350XX2,http://spy.price2spy.com/product/537485997,9180,https://www.thaiwatsadu.com/sku/60427116,8850,https://globalhouse.co.th/product/04TP-HITACHI-%E0%B8%9B%E0%B8%B1%E0%B9%8A%E0%B8%A1%E0%B8%99%E0%B9%89%E0%B8%B3%E0%B8%AD%E0%B8%B1%E0%B8%95%E0%B9%82%E0%B8%99%E0%B8%A1%E0%B8%B1%E0%B8%95%E0%B8%B4%E0%B9%81%E0%B8%A3%E0%B8%87%E0%B8%94%E0%B8%B1%E0%B8%99%E0%B8%84%E0%B8%87%E0%B8%97%E0%B8%B5%E0%B9%88-350W-%E0%B8%A3%E0%B8%B8%E0%B9%88%E0%B8%99-WMP350XX2-i.8850207702854
ปั๊มน้ำอัตโนมัติแรงดันคงที่ 350 วัตต์ MITSUBISHI ELECTRIC EP-355R2,http://spy.price2spy.com/product/532393489,8890,https://www.thaiwatsadu.com/th/sku/60422612,8990,https://globalhouse.co.th/product/MITSUBISHI-%E0%B8%9B%E0%B8%B1%E0%B9%8A%E0%B8%A1%E0%B8%99%E0%B9%89%E0%B8%B3%E0%B8%AD%E0%B8%B1%E0%B8%95%E0%B9%82%E0%B8%99%E0%B8%A1%E0%B8%B1%E0%B8%95%E0%B8%B4-%E0%B9%81%E0%B8%A3%E0%B8%87%E0%B8%94%E0%B8%B1%E0%B8%99%E0%B8%84%E0%B8%87%E0%B8%97%E0%B8%B5%E0%B9%88-%E0%B8%82%E0%B8%99%E0%B8%B2%E0%B8%94-350-%E0%B8%A7%E0%B8%B1%E0%B8%95%E0%B8%95%E0%B9%8C-EP355R-i.8850519417828
ปั๊มน้ำอัตโนมัติแรงดันคงที่ 400 วัตต์ MITSUBISHI ELECTRIC EP-405R2,http://spy.price2spy.com/product/536666393,15040,https://www.thaiwatsadu.com/th/sku/60422614,14950,https://globalhouse.co.th/product/MITSUBISHI-%E0%B8%9B%E0%B8%B1%E0%B9%8A%E0%B8%A1%E0%B8%99%E0%B9%89%E0%B8%B3%E0%B8%AD%E0%B8%B1%E0%B8%95%E0%B9%82%E0%B8%99%E0%B8%A1%E0%B8%B1%E0%B8%95%E0%B8%B4-%E0%B9%81%E0%B8%A3%E0%B8%87%E0%B8%94%E0%B8%B1%E0%B8%99%E0%B8%84%E0%B8%87%E0%B8%97%E0%B8%B5%E0%B9%88-%E0%B8%82%E0%B8%99%E0%B8%B2%E0%B8%94-400-%E0%B8%A7%E0%B8%B1%E0%B8%95%E0%B8%95%E0%B9%8C-EP405R2-i.8850519417835
พลาสติกใสกันชื้น 140 ไมครอน 111 54 นิ้วx16 หลา,http://spy.price2spy.com/product/355862086,575,https://www.thaiwatsadu.com/th/sku/60274877,869,https://globalhouse.co.th/product/detail/051907035485
เก้าอี้สุขสบาย FREEZE TO FT-234 A ขาว,http://spy.price2spy.com/product/404391734,398,https://www.thaiwatsadu.com/th/sku/60212485,389,https://globalhouse.co.th/product/detail/8851730112448
โต๊ะพับขาโครมหน้าโฟเมก้า 1.260*180*75 cm STG 60*180*75 ซม ขาว,http://spy.price2spy.com/product/299132434,1930,https://www.thaiwatsadu.com/th/sku/60219637,1890,https://globalhouse.co.th/product/detail/5910022630001
โต๊ะพับพ่นขาดำหน้าเมลามีน STG 120x45x75 ซม. สีขาว,http://spy.price2spy.com/product/299132490,938,https://www.thaiwatsadu.com/th/sku/60241289,1050,https://globalhouse.co.th/product/detail/5910022630005
ชุดเตาฝัง+เครื่องดูดควัน DYNA HOME DH 0390+DF-922 90 ซม. สีสเตนเลส,http://spy.price2spy.com/product/536667453,7990,https://www.thaiwatsadu.com/th/sku/60255981,6990,https://globalhouse.co.th/product/DYNAHOME-%E0%B8%8A%E0%B8%B8%E0%B8%94%E0%B9%80%E0%B8%8B%E0%B9%87%E0%B8%97%E0%B9%80%E0%B8%84%E0%B8%A3%E0%B8%B7%E0%B9%88%E0%B8%AD%E0%B8%87%E0%B8%94%E0%B8%B9%E0%B8%94%E0%B8%84%E0%B8%A7%E0%B8%B1%E0%B8%99-DH0390--%E0%B9%80%E0%B8%95%E0%B8%B2%E0%B9%81%E0%B8%81%E0%B9%8A%E0%B8%AA-DF0922G-i.8858919004242
ตั้งพื้นท็อปเรียบ ADVANCED C1T 5010N ก100xล50.5xส80 ซม. สีขาว,http://spy.price2spy.com/product/448606777,4599,https://www.thaiwatsadu.com/th/sku/60342164,4599,https://globalhouse.co.th/product/ADVANCED-%E0%B8%95%E0%B8%B9%E0%B9%89%E0%B8%9E%E0%B8%A3%E0%B9%89%E0%B8%AD%E0%B8%A1%E0%B8%97%E0%B9%8A%E0%B8%AD%E0%B8%9B%E0%B8%AA%E0%B9%80%E0%B8%95%E0%B8%99%E0%B9%80%E0%B8%A5%E0%B8%AA%E0%B8%AB%E0%B8%99%E0%B9%89%E0%B8%B2%E0%B9%80%E0%B8%A3%E0%B8%B5%E0%B8%A2%E0%B8%9A-100x50x80-%E0%B8%8B%E0%B8%A1.-C1T5010-%E0%B8%AA%E0%B8%B5%E0%B8%82%E0%B8%B2%E0%B8%A7-i.8858743306826
บานซิงค์คู่ MJ HG-S6080X-WW HG 86x10x66 ซม. ไวท์วู๊ด,http://spy.price2spy.com/product/453091249,2590,https://www.thaiwatsadu.com/th/sku/60379360,2590,https://globalhouse.co.th/product/MJ-%E0%B8%9A%E0%B8%B2%E0%B8%99%E0%B8%8B%E0%B8%B4%E0%B8%87%E0%B8%84%E0%B9%8C%E0%B8%84%E0%B8%B9%E0%B9%88%E0%B8%97%E0%B8%B6%E0%B8%9A%E0%B8%95%E0%B8%A3%E0%B8%87-%E0%B8%82%E0%B8%99%E0%B8%B2%E0%B8%94-80x60-%E0%B8%8B%E0%B8%A1.-%E0%B8%A3%E0%B8%B8%E0%B9%88%E0%B8%99-HGS608--WW-%E0%B8%AA%E0%B8%B5%E0%B9%84%E0%B8%A7%E0%B8%97%E0%B9%8C%E0%B8%A7%E0%B8%B9%E0%B9%8A%E0%B8%94-i.4446080012400
บานซิงค์ถังแก็ส MJ HG-S7545X-WW 51x9x75 ซม. ไวท์วู๊ด,http://spy.price2spy.com/product/453091253,2500,https://www.thaiwatsadu.com/th/sku/60380679,2500,https://globalhouse.co.th/product/MJ--%E0%B8%9A%E0%B8%B2%E0%B8%99%E0%B8%8B%E0%B8%B4%E0%B8%87%E0%B8%84%E0%B9%8C%E0%B9%83%E0%B8%AA%E0%B9%88%E0%B8%96%E0%B8%B1%E0%B8%87%E0%B9%81%E0%B8%81%E0%B9%8A%E0%B8%AA%E0%B8%97%E0%B8%B6%E0%B8%9A%E0%B8%95%E0%B8%A3%E0%B8%87-HGS7545--WW-%E0%B8%AA%E0%B8%B5%E0%B9%84%E0%B8%A7%E0%B8%97%E0%B9%8C%E0%B8%A7%E0%B8%B9%E0%B9%8A%E0%B8%94-i.4447545001240
บานซิงค์ถังแก๊ส KITZCHO GLOSSY KEM-GLR-S-FT- 56x74 ซม. สีคริสตัลไวท์,http://spy.price2spy.com/product/444084969,1757,https://www.thaiwatsadu.com/th/sku/60286532,1757,https://globalhouse.co.th/product/KITZCHO-%E0%B8%9A%E0%B8%B2%E0%B8%99%E0%B8%8B%E0%B8%B4%E0%B8%87%E0%B8%84%E0%B9%8C%E0%B8%96%E0%B8%B1%E0%B8%87%E0%B9%81%E0%B8%81%E0%B9%8A%E0%B8%AA--GLOSSY-KEMGLRSFT7050XCW-%E0%B8%AA%E0%B8%B5%E0%B8%84%E0%B8%A3%E0%B8%B4%E0%B8%AA%E0%B8%95%E0%B8%B1%E0%B8%A5%E0%B9%84%E0%B8%A7%E0%B8%97%E0%B9%8C-i.8858805567271
บานซิงค์เดี่ยวพร้อมปีกวงกบเปิดขวา6040 KENCUHSFT6040RDI EAZY KITZCHO CURVE 46 x 9.2 x 66 ซม. ไดมอนด์,http://spy.price2spy.com/product/532393621,2590,https://www.thaiwatsadu.com/sku/60422841,2590,https://globalhouse.co.th/product/KITZCHO-%E0%B8%9A%E0%B8%B2%E0%B8%99%E0%B8%8B%E0%B8%B4%E0%B8%87%E0%B8%84%E0%B9%8C%E0%B9%80%E0%B8%94%E0%B8%B5%E0%B9%88%E0%B8%A2%E0%B8%A7%E0%B8%9E%E0%B8%A3%E0%B9%89%E0%B8%AD%E0%B8%A1%E0%B8%9B%E0%B8%B5%E0%B8%81%E0%B8%A7%E0%B8%87%E0%B8%81%E0%B8%9A%E0%B9%80%E0%B8%9B%E0%B8%B4%E0%B8%94%E0%B8%82%E0%B8%A7%E0%B8%B26040-KENCUHSFT6040RDI-%E0%B8%AA%E0%B8%B5%E0%B9%84%E0%B8%94%E0%B8%A1%E0%B8%AD%E0%B8%99%E0%B8%94%E0%B9%8C-i.8858805025719
บานถังแก๊สพร้อมปีกวงกบเปิดขวา7050 KENCUHSFT7050RDI Eazy KITZCHO CURVE 56 x 9.2 x 74 ซม. ไดมอนด์,http://spy.price2spy.com/product/532393617,2890,https://www.thaiwatsadu.com/sku/60422836,2890,https://globalhouse.co.th/product/KITZCHO-%E0%B8%9A%E0%B8%B2%E0%B8%99%E0%B8%96%E0%B8%B1%E0%B8%87%E0%B9%81%E0%B8%81%E0%B9%8A%E0%B8%AA%E0%B8%9E%E0%B8%A3%E0%B9%89%E0%B8%AD%E0%B8%A1%E0%B8%9B%E0%B8%B5%E0%B8%81%E0%B8%A7%E0%B8%87%E0%B8%81%E0%B8%9A%E0%B9%80%E0%B8%9B%E0%B8%B4%E0%B8%94%E0%B8%82%E0%B8%A7%E0%B8%B27050-KENCUHSFT7050RDI-%E0%B8%AA%E0%B8%B5%E0%B9%84%E0%B8%94%E0%B8%A1%E0%B8%AD%E0%B8%99%E0%B8%94%E0%B9%8C-i.8858805023913
อ่างล้างจานขาตั้ง 1 หลุม 1 ที่พัก DYNA HOME DH-10050-STCR 100 ซม. สีสเตนเลส,http://spy.price2spy.com/product/453091237,2990,https://www.thaiwatsadu.com/th/sku/60393238,3190,https://globalhouse.co.th/product/DYNAHOME-%E0%B8%AD%E0%B9%88%E0%B8%B2%E0%B8%87%E0%B8%A5%E0%B9%89%E0%B8%B2%E0%B8%87%E0%B8%88%E0%B8%B2%E0%B8%99%E0%B8%9E%E0%B8%A3%E0%B9%89%E0%B8%AD%E0%B8%A1%E0%B8%82%E0%B8%B2%E0%B8%95%E0%B8%B1%E0%B9%89%E0%B8%87-1-%E0%B8%AB%E0%B8%A5%E0%B8%B8%E0%B8%A1-%E0%B8%9E%E0%B8%A3%E0%B9%89%E0%B8%AD%E0%B8%A1%E0%B8%97%E0%B8%B5%E0%B9%88%E0%B8%9E%E0%B8%B1%E0%B8%81%E0%B8%88%E0%B8%B2%E0%B8%99-DH10050STCR-%E0%B8%82%E0%B8%99%E0%B8%B2%E0%B8%94100x50x85-%E0%B8%8B%E0%B8%A1.%E0%B8%AA%E0%B8%B5%E0%B8%AA%E0%B9%80%E0%B8%95%E0%B8%99%E0%B9%80%E0%B8%A5%E0%B8%AA-i.8858919004440
อ่างล้างจานขาตั้ง 1 หลุม 1 ที่พัก MESTER PSR75 75 ซม. สีสเตนเลส,http://spy.price2spy.com/product/529278477,1990,https://www.thaiwatsadu.com/th/sku/60420377,1990,https://globalhouse.co.th/product/MEX-%E0%B8%AD%E0%B9%88%E0%B8%B2%E0%B8%87%E0%B8%A5%E0%B9%89%E0%B8%B2%E0%B8%87%E0%B8%88%E0%B8%B2%E0%B8%99%E0%B8%9E%E0%B8%A3%E0%B9%89%E0%B8%AD%E0%B8%A1%E0%B8%82%E0%B8%B2%E0%B8%95%E0%B8%B1%E0%B9%89%E0%B8%87-1-%E0%B8%AB%E0%B8%A5%E0%B8%B8%E0%B8%A1%E0%B8%A1%E0%B8%B5%E0%B8%97%E0%B8%B5%E0%B9%88%E0%B8%9E%E0%B8%B1%E0%B8%81-%E0%B8%A3%E0%B8%B8%E0%B9%88%E0%B8%99--PSR75-%E0%B8%AA%E0%B8%B5%E0%B9%82%E0%B8%84%E0%B8%A3%E0%B9%80%E0%B8%A1%E0%B8%B5%E0%B9%88%E0%B8%A2%E0%B8%A1-i.8858787034945
อ่างล้างจานขาตั้ง 2 หลุม DYNA HOME DH 1050 GB 100 ซม. สีสเตนเลส,http://spy.price2spy.com/product/536667433,4990,https://www.thaiwatsadu.com/th/sku/60314798,4990,https://globalhouse.co.th/product/DYNAHOME-%E0%B8%AD%E0%B9%88%E0%B8%B2%E0%B8%87%E0%B8%A5%E0%B9%89%E0%B8%B2%E0%B8%87%E0%B8%88%E0%B8%B2%E0%B8%99%E0%B8%9E%E0%B8%A3%E0%B9%89%E0%B8%AD%E0%B8%A1%E0%B8%82%E0%B8%B2%E0%B8%95%E0%B8%B1%E0%B9%89%E0%B8%87-2-%E0%B8%AB%E0%B8%A5%E0%B8%B8%E0%B8%A1%E0%B9%84%E0%B8%A1%E0%B9%88%E0%B8%A1%E0%B8%B5%E0%B8%97%E0%B8%B5%E0%B9%88%E0%B8%9E%E0%B8%B1%E0%B8%81%E0%B8%A1%E0%B8%B5%E0%B8%8A%E0%B8%B1%E0%B9%89%E0%B8%99%E0%B8%84%E0%B8%A7%E0%B9%88%E0%B8%B3%E0%B8%88%E0%B8%B2%E0%B8%99-DH-1050GB-i.8858919002514
อ่างล้างจานฝัง 1 หลุม 1 ที่พัก MESTER DSX100 100 ซม. สีสเตนเลส,http://spy.price2spy.com/product/453091233,1890,https://www.thaiwatsadu.com/th/sku/60376275,1890,https://globalhouse.co.th/product/MEX-%E0%B8%AD%E0%B9%88%E0%B8%B2%E0%B8%87%E0%B8%A5%E0%B9%89%E0%B8%B2%E0%B8%87%E0%B8%88%E0%B8%B2%E0%B8%99-1-%E0%B8%AB%E0%B8%A5%E0%B8%B8%E0%B8%A1-1-%E0%B8%97%E0%B8%B5%E0%B9%88%E0%B8%9E%E0%B8%B1%E0%B8%81-%E0%B8%A3%E0%B8%B8%E0%B9%88%E0%B8%99-DSX100-%E0%B8%AA%E0%B8%B5%E0%B8%AA%E0%B9%80%E0%B8%95%E0%B8%99%E0%B9%80%E0%B8%A5%E0%B8%AA-i.8858787031425
อ่างล้างจานฝัง 1 หลุม Teka Linea V80.50 1B 80 ซม. สีสเตนเลส,http://spy.price2spy.com/product/444881897,2990,https://www.thaiwatsadu.com/th/sku/60326738,3390,https://globalhouse.co.th/product/TEKA-%E0%B8%AD%E0%B9%88%E0%B8%B2%E0%B8%87%E0%B8%A5%E0%B9%89%E0%B8%B2%E0%B8%87%E0%B8%88%E0%B8%B2%E0%B8%99-1-%E0%B8%AB%E0%B8%A5%E0%B8%B8%E0%B8%A1%E0%B9%83%E0%B8%AB%E0%B8%8D%E0%B9%88%E0%B9%84%E0%B8%A1%E0%B9%88%E0%B8%A1%E0%B8%B5%E0%B8%97%E0%B8%B5%E0%B9%88%E0%B8%9E%E0%B8%B1%E0%B8%81-V80.50-i.8858944205058
เครื่องดูดควันกระโจม AXIA HERO KNIGHT 90 90 ซม. สีดำ,http://spy.price2spy.com/product/537486233,8590,https://www.thaiwatsadu.com/sku/60384023,8590,https://globalhouse.co.th/product/AXIA-%E0%B9%80%E0%B8%84%E0%B8%A3%E0%B8%B7%E0%B9%88%E0%B8%AD%E0%B8%87%E0%B8%94%E0%B8%B9%E0%B8%94%E0%B8%84%E0%B8%A7%E0%B8%B1%E0%B8%99%E0%B9%81%E0%B8%9A%E0%B8%9A%E0%B8%81%E0%B8%A3%E0%B8%B0%E0%B9%82%E0%B8%88%E0%B8%A1-%E0%B8%A3%E0%B8%B8%E0%B9%88%E0%B8%99-HERO-KNIGHT-90-%E0%B8%AA%E0%B8%B5%E0%B8%94%E0%B8%B3-i.8859709300582
เครื่องดูดควันกระโจม MESTER MT390B 90 ซม. สีดำ,http://spy.price2spy.com/product/479554149,4990,https://www.thaiwatsadu.com/th/sku/60407350,4990,https://globalhouse.co.th/product/MEX%E0%B9%80%E0%B8%84%E0%B8%A3%E0%B8%B7%E0%B9%88%E0%B8%AD%E0%B8%87%E0%B8%94%E0%B8%B9%E0%B8%94%E0%B8%84%E0%B8%A7%E0%B8%B1%E0%B8%99%E0%B8%81%E0%B8%A3%E0%B8%B0%E0%B9%82%E0%B8%88%E0%B8%A1%E0%B8%97%E0%B8%A3%E0%B8%87%E0%B8%81%E0%B8%A5%E0%B9%88%E0%B8%AD%E0%B8%87-%E0%B8%AA%E0%B8%B5%E0%B8%94%E0%B8%B3-%E0%B8%A3%E0%B8%B8%E0%B9%88%E0%B8%99-MT390B-i.8858787033337
เตาแก๊สสเตนเลสตั้งโต๊ะ 2 หัวแก๊ส Rinnai RT-902A 72 ซม. สีสเตนเลส,http://spy.price2spy.com/product/440784977,2190,https://www.thaiwatsadu.com/th/sku/60328409,2190,https://globalhouse.co.th/product/RINNAI%E0%B9%80%E0%B8%95%E0%B8%B2%E0%B9%81%E0%B8%81%E0%B9%8A%E0%B8%AA%E0%B8%AA%E0%B9%80%E0%B8%95%E0%B8%99%E0%B9%80%E0%B8%A5%E0%B8%AA2%E0%B8%AB%E0%B8%B1%E0%B8%A7%E0%B9%80%E0%B8%95%E0%B8%B2%E0%B8%97%E0%B8%AD%E0%B8%87%E0%B9%80%E0%B8%AB%E0%B8%A5%E0%B8%B7%E0%B8%AD%E0%B8%8771.90x39.80x15.35%E0%B8%8B%E0%B8%A1.RT902A-i.8855253000374
,,,,,
