Product_name,Product_name_link,Thaiwatsadu_price,Thaiwatsadu_link,Boonthavorn_price,Boonthavorn_link
กระดาษทรายขัดสกิมโค้ท WAC TOA รุ่น 120 ขนาด 9 x 11 นิ้ว สีน้ำตาล,http://spy.price2spy.com/product/231646270,9,https://www.thaiwatsadu.com/th/sku/60331694,12,https://www.boonthavorn.com/toa-111199
กลอนสับสเตนเลส YALE DL909SS 4นิ้ว สเตนเลสด้าน,http://spy.price2spy.com/product/520639801,130,https://www.thaiwatsadu.com/th/sku/60342754,179,https://www.boonthavorn.com/yale-1161857
กาวตะปู สูตรน้ำมันแห้งเร็ว จระเข้ ขนาด 300 มล. สีน้ำตาลอ่อน,http://spy.price2spy.com/product/243602422,158,https://www.thaiwatsadu.com/th/sku/60240190,158,https://www.boonthavorn.com/jorakay-1066226
กาวตะปู สูตรน้ำแห้งเร็ว จระเข้ รุ่น AdhesiveQuick ขนาด 280 มล. สีขาว,http://spy.price2spy.com/product/231646302,149,https://www.thaiwatsadu.com/th/sku/60305492,149,https://www.boonthavorn.com/jorakay-1083436
กาวตะปูสูตรน้ำมัน ชนิดแห้งเร็ว BESBOND ขนาด 320 กรัม สีครีม,http://spy.price2spy.com/product/382998802,238,https://www.thaiwatsadu.com/th/sku/60370836,239,https://www.boonthavorn.com/threebond-1220877
กาวปูกระเบื้องยาง BESBOND รุ่น GBV001AM00O ขนาด 3 กก. สีขาว,http://spy.price2spy.com/product/128896877,497,https://www.thaiwatsadu.com/th/sku/60221840,575,https://www.boonthavorn.com/threebond-1042046
กุญแจคีย์อะไลค์ลูกปืนคล้องคอยาวทองเหลือง YALE BD45P3L 45มม. ทองเหลือง แพ็ค 3 ชิ้น,http://spy.price2spy.com/product/517907261,1045,https://www.thaiwatsadu.com/th/sku/60313843,1045,https://www.boonthavorn.com/yale-1113599?page=1
ชุดลูกล้อบานเลื่อน(บานแขวน) SC ขนาด 60 กก. / ชุด,http://spy.price2spy.com/product/355861582,223,https://www.thaiwatsadu.com/th/sku/60155374,490,https://www.boonthavorn.com/hafele-1005288
ชุดอุปกรณ์ลูกล้อบานเลื่อน Silent 100/A HAFELE 499.72.055 สีครีม บรรจุ 1 ชุด,http://spy.price2spy.com/product/517907045,790,https://www.thaiwatsadu.com/th/sku/60340427,750,https://www.boonthavorn.com/hafele-1016246
ซิลิโคนยาแนว 100% NEOBOND รุ่น GN0008AF01F ขนาด 300 มล. สีใส,http://spy.price2spy.com/product/161308341,218,https://www.thaiwatsadu.com/th/sku/60135422,218,https://www.boonthavorn.com/threebond-118622
ซิลิโคนยาแนว แห้งเร็ว NEOBOND รุ่น GN0002AF01F ขนาด 300 มล. สีใส,http://spy.price2spy.com/product/128896881,208,https://www.thaiwatsadu.com/th/sku/60221853,220,https://www.boonthavorn.com/threebond-1042041
ซิลิโคนยาแนว แห้งเร็ว NEOBOND รุ่น GN0002AF02F ขนาด 300 มล. สีขาว,http://spy.price2spy.com/product/128896909,208,https://www.thaiwatsadu.com/th/sku/60221854,220,https://www.boonthavorn.com/threebond-1042042
ซีเมนต์ซ่อมแซม ปรับผิวคอนกรีตชนิดบาง จระเข้ ฟลอร์ สมูท แพทซ์ ขนาด 20 กก. สีเทา,http://spy.price2spy.com/product/355859934,1160,https://www.thaiwatsadu.com/th/sku/60322946,1160,https://www.boonthavorn.com/jorakay-1171506
ซีเมนต์ซ่อมแซมโครงสร้าง จระเข้ ขนาด 20 กก. สีเทา,http://spy.price2spy.com/product/187366330,615,https://www.thaiwatsadu.com/th/sku/60250453,615,https://www.boonthavorn.com/jorakay-1040122
ซีเมนต์ทากันซึมส่วนผสมเดียวอีโคชิลด์ จระเข้ รุ่น C04100106 ขนาด 20 กก. สีเทา,http://spy.price2spy.com/product/299130766,1160,https://www.thaiwatsadu.com/th/sku/60318265,1160,https://www.boonthavorn.com/jorakay-1157382
ซีเมนต์ทากันรั่วซึมยืดหยุ่นผสมสองส่วน จระเข้ รุ่น C04051145 ขนาด ปูน 18 กก. + น้ำยา 5 ลิตร สีเทา,http://spy.price2spy.com/product/396378614,869,https://www.thaiwatsadu.com/th/sku/60292046,869,https://www.boonthavorn.com/jorakay-1104332
ซีเมนต์ทากันรั่วซึมยืดหยุ่นส่วนผสมเดี่ยว จระเข้ รุ่น 1350 ขนาด 4 กก. สีเทา,http://spy.price2spy.com/product/355861822,599,https://www.thaiwatsadu.com/th/sku/60187911,599,https://www.boonthavorn.com/jorakay-1008702
ซีเมนต์อุดรอยรั่วซึมชนิดแห้งเร็ว จระเข้ รุ่น 1090 ขนาด 4.5 กก. สีเทา,http://spy.price2spy.com/product/428294434,655,https://www.thaiwatsadu.com/th/sku/60093473,655,https://www.boonthavorn.com/jorakay-33288
ดอกไขควงกระแทกสี่แฉก 2 หัว BOSCH รุ่น 2608522408 ขนาด PH2 x 65 มม. (แพ็ก 2 ชิ้น),http://spy.price2spy.com/product/414096006,130,https://www.thaiwatsadu.com/th/sku/60311851,130,https://www.boonthavorn.com/bosch-1222283
ตลับเมตร STANLEY POWERLOCK ขนาด 33-158(33-233) ขนาด 5 เมตร สีเงิน,http://spy.price2spy.com/product/428286078,347,https://www.thaiwatsadu.com/th/sku/60178459,415,https://www.boonthavorn.com/stanley-31801
ตลับเมตร STANLEY รุ่น GLOBALTAPE 30 - 496N ขนาด 5 เมตร x 19 มม. สีเหลือง,http://spy.price2spy.com/product/299472090,175,https://www.thaiwatsadu.com/th/sku/60269292,210,https://www.boonthavorn.com/stanley-1045167
ตาข่ายไฟเบอร์ BESBOND 50 มม.x 45 ม. ขาว,http://spy.price2spy.com/product/359926786,188,https://www.thaiwatsadu.com/th/sku/60292157,188,https://www.boonthavorn.com/threebond-1104161
น้ำยาบ่มคอนกรีต จระเข้ Sodium Silicate รุ่น 2130 ขนาด 20 ลิตร สีใส,http://spy.price2spy.com/product/161308333,660,https://www.thaiwatsadu.com/th/sku/60188869,660,https://www.boonthavorn.com/jorakay-1193917
น้ำยาประสานคอนกรีต จระเข้ อะคริลิก บอนด์กรีต รุ่น C08051015 ขนาด 5 ลิตร สีใส,http://spy.price2spy.com/product/428312170,890,https://www.thaiwatsadu.com/th/sku/60327643,890,https://www.boonthavorn.com/jorakay-1160723
น้ำยาเคลือบเงาใสกันซึม (สูตรน้ำ) TOA รุ่น A-200 ขนาด 1 ลิตร สีใส,http://spy.price2spy.com/product/299131598,230,https://www.thaiwatsadu.com/th/sku/60278320,220,https://www.boonthavorn.com/toa-1088565
น้ำยาเคลือบเงาใสกันซึม (สูตรน้ำ) TOA รุ่น A-200 ขนาด 5 ลิตร สีใส,http://spy.price2spy.com/product/123901813,690,https://www.thaiwatsadu.com/th/sku/60278323,690,https://www.boonthavorn.com/toa-1088564
บันไดอะลูมิเนียม (มอก.) 6 ขั้น ทรง A แบบมีถาด SANKI รุ่น LD-SKT06 สีเงิน,http://spy.price2spy.com/product/428286042,2280,https://www.thaiwatsadu.com/th/sku/60340008,2570,https://www.boonthavorn.com/sanki-1067374
บานพับประตูปีกผีเสื้อสเตนเลส 2แหวนลูกปืนหัวตัด SOLEX รุ่น 4275 SS ขนาด 4 x 2.75 นิ้ว (แพ็ก 3 ชิ้น),http://spy.price2spy.com/product/231646354,180,https://www.thaiwatsadu.com/th/sku/60331458,195,https://www.boonthavorn.com/solex-1072181
บานพับประตูสเตนเลส 4แหวนลูกปืนหัวตัด SOLEX รุ่น 4324 2SS ขนาด 4 x 3 นิ้ว x 2 มม. (3 ชิ้น) สีสเตนเลส,http://spy.price2spy.com/product/127407045,187,https://www.thaiwatsadu.com/th/sku/60111673,210,https://www.boonthavorn.com/solex-1025982
บานพับประตูสเตนเลส304 2แหวนลูกปืนหัวตัด YALE HI-SL4325BBP3 4x3นิ้วx2.5 มม. สเตนเลส แพ็ค3ชิ้น,http://spy.price2spy.com/product/517907349,458,https://www.thaiwatsadu.com/th/sku/60245967,490,https://www.boonthavorn.com/yale-1026226
บานพับเฟอร์นิเจอร์สเตนเลส หัวตัด SOLEX 3522 SS 3.5x2.2 นิ้ว x1.5มม. สเตนเลส แพ็ค3ชิ้น,http://spy.price2spy.com/product/517907285,117,https://www.thaiwatsadu.com/th/sku/60331456,145,https://www.boonthavorn.com/solex-1060562
ปืนยิงยาแนว BESBOND รุ่น GEZ003AF00Q ขนาด 9 นิ้ว สีแดง,http://spy.price2spy.com/product/428294486,288,https://www.thaiwatsadu.com/th/sku/60195340,299,https://www.boonthavorn.com/threebond-1025054
ปูนฉาบบางแต่งผิว BESBOND รุ่น SUPER SKIM ขนาด 20 กก. สีขาว,http://spy.price2spy.com/product/428294474,298,https://www.thaiwatsadu.com/th/sku/60340321,310,https://www.boonthavorn.com/threebond-1074934
พียูโฟม BESBOND รุ่น GBP001AM00D ขนาด 500 มล. สีครีม,http://spy.price2spy.com/product/128897197,188,https://www.thaiwatsadu.com/th/sku/60212544,289,https://www.boonthavorn.com/threebond-1034650
พียูโฟมสเปรย์ TOA ขนาด 500 มล. สีครีม,http://spy.price2spy.com/product/243602266,199,https://www.thaiwatsadu.com/th/sku/60344917,210,https://www.boonthavorn.com/toa-1198289
พุ๊กพลาสติก PAN SIAM เบอร์ 7 รุ่น P-7 (แพ็ก 100 ตัว) สีขาว,http://spy.price2spy.com/product/414099014,23,https://www.thaiwatsadu.com/th/sku/60358626,36,https://www.boonthavorn.com/pansiam-106580
พุ๊กพลาสติกเบอร์ 7 พร้อมสกรู PAN SIAM รุ่น P-7 TP-7112 (แพ็ก 100 ชุด) สีขาว,http://spy.price2spy.com/product/414099026,73,https://www.thaiwatsadu.com/th/sku/60358623,110,https://www.boonthavorn.com/pansiam-106567
มอร์ตาร์ปรับระดับด้วยตัวเองชนิดพร้อมใช้ จระเข้ เซลฟ์-เลเวลลิ่ง เกเตอร์ ขนาด 25 กก. สีเทา,http://spy.price2spy.com/product/396378610,585,https://www.thaiwatsadu.com/th/sku/60371010,585,https://www.boonthavorn.com/jorakay-1249053
มอร์ต้าปรับผิวหน้าชนิดบาง จระเข้ ฟลอร์ แพทชิ่ง มอร์ต้า 20 kg. เทา,http://spy.price2spy.com/product/466399077,1200,https://www.thaiwatsadu.com/th/sku/60381769,1205,https://www.boonthavorn.com/jorakay-1249051
มือจับก้านโยกห้องทั่วไปซิงค์ ISON รุ่น 6411,http://spy.price2spy.com/product/299132286,389,https://www.thaiwatsadu.com/th/sku/60064962,390.37,https://www.boonthavorn.com/ison-1247171
มือจับก้านโยกห้องทั่วไปซิงค์ YALE EL4427US27 สเตนเลส,http://spy.price2spy.com/product/517907201,479,https://www.thaiwatsadu.com/th/sku/60302828,479,https://www.boonthavorn.com/yale-1136747
มือจับก้านโยกห้องทั่วไปซิงค์ YALE VL5327US15 นิกเกิ้ลด้าน,http://spy.price2spy.com/product/447969981,638,https://www.thaiwatsadu.com/th/sku/60245892,639,https://www.boonthavorn.com/yale-1012644?page=1
มือจับก้านโยกห้องน้ำซิงค์ ISON NO.6411 SS-BK สเตนเลส,http://spy.price2spy.com/product/468253901,379,https://www.thaiwatsadu.com/th/sku/60365746,379,https://www.boonthavorn.com/ison-1247171
มือจับก้านโยกห้องน้ำซิงค์ YALE VL5322US15 นิกเกิ้ลด้าน,http://spy.price2spy.com/product/517907433,518,https://www.thaiwatsadu.com/th/sku/60245900,519,https://www.boonthavorn.com/yale-1012625?page=1
มือจับก้านโยกเพลทห้องทั่วไปสเตนเลส Mortise SOLEX 4550QHM02 TE60SS 45x50 มม. สเตนเลสด้าน,http://spy.price2spy.com/product/517907525,819,https://www.thaiwatsadu.com/th/sku/60306167,893,https://www.boonthavorn.com/solex-1072200
มือจับล็อคอลูมิเนียม+กุญแจ SOLEX 2KLL 2.7x18.6x3 ซม. ดำ,http://spy.price2spy.com/product/517907337,293,https://www.thaiwatsadu.com/th/sku/60267812,275,https://www.boonthavorn.com/solex-1254434?page=1
มือจับแท่งสเตนเลส SOLEX 175 SS 12mm 175 มม. แกน 12มม. สเตนเลส,http://spy.price2spy.com/product/517907301,107,https://www.thaiwatsadu.com/th/sku/60287125,105,https://www.boonthavorn.com/solex-1045979?page=1
มือจับแท่งสแตนเลส SOLEX No.210SS แกน 12 มม. สเตนเลส,http://spy.price2spy.com/product/517907437,125,https://www.thaiwatsadu.com/th/sku/60324924,109,https://www.boonthavorn.com/solex-1136136
รางบานเลื่อนสำหรับบานหนักไม่เกิน 60/100 กก. HAFELE รุ่น 499.40.042 ขนาด 2 เมตร สีอะลูมิเนียม,http://spy.price2spy.com/product/408462254,435,https://www.thaiwatsadu.com/th/sku/60340431,435,https://www.boonthavorn.com/hafele-42312
ลูกกลิ้งทาสี SOMIC ขนาด 10 นิ้ว สีเหลือง,http://spy.price2spy.com/product/128889049,68,https://www.thaiwatsadu.com/th/sku/60001618,98,https://www.boonthavorn.com/somic-77355
ลูกกลิ้งทาสี SOMIC ขนาด 7 นิ้ว สีเหลือง,http://spy.price2spy.com/product/128889165,60,https://www.thaiwatsadu.com/th/sku/60001616,88,https://www.boonthavorn.com/somic-77665
ลูกกลิ้งทาสีขนยาว 14 มม. HACHI ขนาด 7 นิ้ว,http://spy.price2spy.com/product/414096926,55,https://www.thaiwatsadu.com/th/sku/60270101,58,https://www.boonthavorn.com/hachi-1218471
ลูกกลิ้งทาสีพร้อมถาดรองพลาสติก SOMIC 10 นิ้ว ส้ม,http://spy.price2spy.com/product/536667765,148,https://www.thaiwatsadu.com/th/sku/60001623,155,https://www.boonthavorn.com/somic-77667
ลูกกลิ้งทาสีไฟเบอร์กาสเคมี HACHI ขนาด 4 นิ้ว,http://spy.price2spy.com/product/231646290,58,https://www.thaiwatsadu.com/th/sku/60256561,58,https://www.boonthavorn.com/hachi-1218459
ลูกบิดห้องทั่วไปหัวกลม สเตนเลส 201 YALE รุ่น EKN-VCA5147US32D สีสเตนเลสด้าน,http://spy.price2spy.com/product/127407061,198,https://www.thaiwatsadu.com/th/sku/60287394,199,https://www.boonthavorn.com/yale-1161849
ลูกบิดห้องทั่วไปหัวกลม สเตนเลส 304 YALE KN VCA5127US11 ทองแดงรมดำ,http://spy.price2spy.com/product/517907321,299,https://www.thaiwatsadu.com/th/sku/60245993,299,https://www.boonthavorn.com/yale-118069
ลูกบิดห้องทั่วไปหัวกลม สเตนเลส 304 YALE รุ่น KN-VCA5127US32D ขนาด 65 มม. สีสเตนเลสด้าน,http://spy.price2spy.com/product/127407005,218,https://www.thaiwatsadu.com/th/sku/60245992,219,https://www.boonthavorn.com/yale-118071
ลูกบิดห้องทั่วไปหัวกลมสเตนเลส 201 SCP รุ่น K587SS ขนาด 65 มม. สีสเตนเลส,http://spy.price2spy.com/product/127407025,158,https://www.thaiwatsadu.com/th/sku/60168682,209,https://www.boonthavorn.com/hafele-1074605
ลูกบิดห้องทั่วไปหัวจันจานใหญ่หนาสเตนเลส SOLEX 9210 SS สเตนเลส,http://spy.price2spy.com/product/517907257,398,https://www.thaiwatsadu.com/th/sku/60007620,410,https://www.boonthavorn.com/solex-120104
ลูกบิดห้องน้ำหัวกลม สเตนเลส 201 YALE รุ่น EKN-VCA5142US32D สีสเตนเลสด้าน,http://spy.price2spy.com/product/355858894,198,https://www.thaiwatsadu.com/th/sku/60302825,199,https://www.boonthavorn.com/yale-1161855
ลูกบิดห้องน้ำหัวกลม สเตนเลส 304 YALE รุ่น KN-VCA5122US32D สีสเตนเลส,http://spy.price2spy.com/product/127407085,218,https://www.thaiwatsadu.com/th/sku/60246001,219,https://www.boonthavorn.com/yale-118068
ลูกบิดห้องน้ำหัวจันจานใหญ่หนาสเตนเลส304 SOLEX 9210 SS BK สเตนเลสด้าน,http://spy.price2spy.com/product/517907293,398,https://www.thaiwatsadu.com/th/sku/60007547,410,https://www.boonthavorn.com/solex-120104
สกรูปลายสว่านหัวกลม/Pan 8x3/4นิ้ว PAN SIAM TPSD-834 ซิงค์รุ้ง แพ็ค 50 ตัว,http://spy.price2spy.com/product/510633789,28,https://www.thaiwatsadu.com/th/sku/60254163,76,https://www.boonthavorn.com/pansiam-1160707?page=1
สกรูปลายสว่านหัวเตเปอร์ (เกลียวหุน) 8 x 1 1/2 นิ้ว PAN SIAM รุ่น TFSD-8112 (แพ็ก 50 ตัว),http://spy.price2spy.com/product/483769157,33,https://www.thaiwatsadu.com/th/sku/60254195,40,https://www.boonthavorn.com/pansiam-1160701
สกรูปลายสว่านหัวเตเปอร์/Flat 6x1/2นิ้ว PAN SIAM TFSD-612 ซิงค์รุ้ง แพ็ค 50 ตัว,http://spy.price2spy.com/product/501371977,19,https://www.thaiwatsadu.com/th/sku/60254183,28,https://www.boonthavorn.com/pansiam-1160706
สกรูปลายสว่านหัวเตเปอร์/Flat 8x1 1/4นิ้ว PAN SIAM TFSD-8114 ซิงค์รุ้ง แพ็ค 50 ตัว,http://spy.price2spy.com/product/501371981,33,https://www.thaiwatsadu.com/th/sku/60254194,40,https://www.boonthavorn.com/pansiam-1160705
สกรูปลายสว่านหัวเวเฟอร์ 8x3/4นิ้ว PAN SIAM SDD-834W รัสเปิต แพ็ค 50 ตัว,http://spy.price2spy.com/product/479553069,43,https://www.thaiwatsadu.com/th/sku/60254003,95,https://www.boonthavorn.com/pansiam-1160707
สกรูเกลียวปล่อยหัวเตเปอร์ (เกลียวหุน) 7 x 1 1/2 นิ้ว PAN SIAM รุ่น TF-7112 (แพ็ก 100 ตัว),http://spy.price2spy.com/product/414099070,53,https://www.thaiwatsadu.com/th/sku/60147019,64,https://www.boonthavorn.com/pansiam-106476
สกรูเกลียวปล่อยหัวเตเปอร์ (เกลียวหุน) 7 x 1 1/4 นิ้ว PAN SIAM รุ่น TF-7114 (แพ็ก 100 ตัว),http://spy.price2spy.com/product/414099090,43,https://www.thaiwatsadu.com/th/sku/60147018,56,https://www.boonthavorn.com/pansiam-106470
สกรูเกลียวปล่อยหัวเตเปอร์ (เกลียวหุน) 7 x 2 นิ้ว PAN SIAM รุ่น TF-720 (แพ็ก 100 ตัว),http://spy.price2spy.com/product/414099102,67,https://www.thaiwatsadu.com/th/sku/60147021,68,https://www.boonthavorn.com/pansiam-106477
สกรูเกลียวปล่อยหัวเตเปอร์ (เกลียวหุน) 8 x 1 นิ้ว PAN SIAM รุ่น TF-810 (แพ็ก 100 ตัว) สินิกเกิล,http://spy.price2spy.com/product/414099114,43,https://www.thaiwatsadu.com/th/sku/60147042,56,https://www.boonthavorn.com/pansiam-106546
สกรูไดร์วอลล์หัวเรียบ/Flat 6x3/4นิ้ว MR METAL ดำ แพ็ค 0.5กก.,http://spy.price2spy.com/product/448605781,63,https://www.thaiwatsadu.com/th/sku/60254257,70,https://www.boonthavorn.com/pansiam-106522
สว่านกระแทกไร้สาย 12V 30 Nm. BOSCH รุ่น GSB120-LI (รวมแบต 2Ah x 2),http://spy.price2spy.com/product/128889057,3190,https://www.thaiwatsadu.com/th/sku/60308532,3550,https://www.boonthavorn.com/bosch-1131230
สว่านโรตารี่ BOSCH รุ่น GBH2-26DFR ขนาด 26 มม.,http://spy.price2spy.com/product/140823061,6290,https://www.thaiwatsadu.com/th/sku/60049169,6290,https://www.boonthavorn.com/bosch-1015431
อะคริลิกยาแนว BESBOND รุ่น GBA001AM00F พลัส ขนาด 300 มล. สีขาว,http://spy.price2spy.com/product/428313714,218,https://www.thaiwatsadu.com/th/sku/60161013,239,https://www.boonthavorn.com/threebond-1005567
อะคริลิกยาแนว BESBOND รุ่น GBA001AM01F ขนาด 300 มล. สีขาว,http://spy.price2spy.com/product/128896921,208,https://www.thaiwatsadu.com/th/sku/60161012,225,https://www.boonthavorn.com/threebond-1005565
อะคริลิกยาแนวจระเข้ รุ่น GATOR ขนาด 450 กรัม สีขาว,http://spy.price2spy.com/product/128896953,48,https://www.thaiwatsadu.com/th/sku/60305497,48,https://www.boonthavorn.com/jorakay-1121183
อะคริลิคกันรั่วซึมสะท้อนความร้อน จระเข้ รุ่น 2122G ขนาด 20 กก. สีเทา,http://spy.price2spy.com/product/428294398,2690,https://www.thaiwatsadu.com/th/sku/60188865,2690,https://www.boonthavorn.com/jorakay-1008708
อะคริลิคกันรั่วซึมสะท้อนความร้อน จระเข้ รุ่น C04077706 ขนาด 20 กก. สีเทาเข้ม,http://spy.price2spy.com/product/428294386,2690,https://www.thaiwatsadu.com/th/sku/60371009,2690,https://www.boonthavorn.com/jorakay-1162201
อะคริลิคยาแนว TOA 303 280 มล. สีน้ำตาล,http://spy.price2spy.com/product/474251933,36,https://www.thaiwatsadu.com/th/sku/60381754,45,https://www.boonthavorn.com/toa-1226772
อะคริลิคยาแนว TOA 303 280 มล. สีเทา,http://spy.price2spy.com/product/474251929,36,https://www.thaiwatsadu.com/th/sku/60381753,45,https://www.boonthavorn.com/toa-1226771
อะคริลิคยาแนว TOA 303 280 มล. สีโอ๊ค,http://spy.price2spy.com/product/474251925,36,https://www.thaiwatsadu.com/th/sku/60381751,45,https://www.boonthavorn.com/toa-1226740
อะคริลิคโป๊ว จระเข้ วอลล์พัตตี้ รุ่น ขนาด 5 กก. สีขาว,http://spy.price2spy.com/product/428294502,353,https://www.thaiwatsadu.com/th/sku/60240181,352,https://www.boonthavorn.com/jorakay-1040087
อะไหล่ลูกกลิ้งทาสี AT INDY รุ่น C30104-10 ขนาด 4 นิ้ว,http://spy.price2spy.com/product/355861354,28,https://www.thaiwatsadu.com/th/sku/60164369,30,https://www.boonthavorn.com/at-indy-115259
อะไหล่ลูกกลิ้งทาสี HACHI ขนาด 10 นิ้ว สีดำ - ส้ม,http://spy.price2spy.com/product/414097206,53,https://www.thaiwatsadu.com/th/sku/60270105,58,https://www.boonthavorn.com/hachi-1218454
อะไหล่ลูกกลิ้งทาสี SOMIC ขนาด 10 นิ้ว,http://spy.price2spy.com/product/128889177,58,https://www.thaiwatsadu.com/th/sku/60001842,59,https://www.boonthavorn.com/somic-77680
อะไหล่ลูกกลิ้งทาสีเคมี HACHI ขนาด 4 นิ้วสีดำ - ส้ม,http://spy.price2spy.com/product/231646262,30,https://www.thaiwatsadu.com/th/sku/60270107,30,https://www.boonthavorn.com/hachi-1218479
อะไหล่ลูกกลิ้งเคมีขนแกะ HACHI ขนาด 4 นิ้ว (แพ็ก 10 ชิ้น),http://spy.price2spy.com/product/414096878,218,https://www.thaiwatsadu.com/th/sku/60336036,218,https://www.boonthavorn.com/hachi-1218458
เทปกระดาษกาวย่น SCOTCH XT002077672 24 มม. x 25 หลา ขาว,http://spy.price2spy.com/product/524609877,39,https://www.thaiwatsadu.com/th/sku/60121671,35,https://www.boonthavorn.com/3m-1161908
เหล็กฉากเจาะรู 3 รู 25x32x2.2มม. PANSIAM SA-3H ซิงค์รุ้ง แพ็ค 5 ชิ้น,http://spy.price2spy.com/product/536667521,18,https://www.thaiwatsadu.com/th/sku/60153326,20,https://www.boonthavorn.com/pansiam-1160709
แปรงทาวานิช FONKEY 3 นิ้ว (8 ซม.),http://spy.price2spy.com/product/529278329,37,https://www.thaiwatsadu.com/sku/60344005,32,https://www.boonthavorn.com/hachi-1218480
แปรงทาวานิช FONKEY 4 นิ้ว (10 ซม.),http://spy.price2spy.com/product/529278333,47,https://www.thaiwatsadu.com/sku/60344006,42,https://www.boonthavorn.com/hachi-1218460
แปรงทาสีขนสัตว์ 100% ด้ามไม้ HACHI ขนาด 2 นิ้ว,http://spy.price2spy.com/product/161308365,60,https://www.thaiwatsadu.com/th/sku/60270110,60,https://www.boonthavorn.com/hachi-1218464
แปรงทาสีขนสัตว์ 100% ด้ามไม้ HACHI ขนาด 2.5 นิ้ว,http://spy.price2spy.com/product/355861606,78,https://www.thaiwatsadu.com/th/sku/60270112,79,https://www.boonthavorn.com/hachi-1218481
แปรงทาสีขนสัตว์ 100% ด้ามไม้ HACHI ขนาด 3 นิ้ว,http://spy.price2spy.com/product/414096898,98,https://www.thaiwatsadu.com/th/sku/60270115,99,https://www.boonthavorn.com/hachi-1218463
แปรงทาสีขนสัตว์แบบสั้นด้ามไม้ AT INDY C303 1.0 นิ้ว,http://spy.price2spy.com/product/532393389,18,https://www.thaiwatsadu.com/sku/60001863,20,https://www.boonthavorn.com/at-indy-115099?page=1
แปรงทาสีขนสัตว์แบบสั้นด้ามไม้ AT INDY รุ่น C305 ขนาด 2 นิ้ว สีน้ำตาล,http://spy.price2spy.com/product/428286146,38,https://www.thaiwatsadu.com/th/sku/60001871,45,https://www.boonthavorn.com/at-indy-115100
แปรงทาสีขนสัตว์แบบสั้นด้ามไม้ ATINDY รุ่น C304 ขนาด 1.5 นิ้ว สีน้ำตาล,http://spy.price2spy.com/product/414097482,28,https://www.thaiwatsadu.com/th/sku/60001867,35,https://www.boonthavorn.com/at-indy-115101
แปรงทาสีขนสัตว์แบบสั้นด้ามไม้ ATINDY รุ่น C306 ขนาด 2.5 นิ้ว สีน้ำตาล,http://spy.price2spy.com/product/414097102,53,https://www.thaiwatsadu.com/th/sku/60001873,65,https://www.boonthavorn.com/at-indy-115104
แปรงทาสีขนสัตว์แบบสั้นด้ามไม้ ATINDY รุ่น C307 ขนาด 3 นิ้ว สีน้ำตาล,http://spy.price2spy.com/product/414097114,67,https://www.thaiwatsadu.com/th/sku/60001878,75,https://www.boonthavorn.com/at-indy-115103
โพลียูรีเทนทากันน้ำซึมดาดฟ้า/หลังคาสูตรน้ำ TOA ขนาด 20 กก. สีขาว,http://spy.price2spy.com/product/408462166,4680,https://www.thaiwatsadu.com/th/sku/60295842,4690,https://www.boonthavorn.com/toa-1113377
โพลียูรีเทนทากันน้ำซึมดาดฟ้า/หลังคาสูตรน้ำ TOA ขนาด 20 กก. สีเทา,http://spy.price2spy.com/product/355859230,4680,https://www.thaiwatsadu.com/th/sku/60291922,4690,https://www.boonthavorn.com/toa-1113378
โพลียูรีเทนยาแนว จระเข้ รุ่น 4090G ขนาด 310 มล. สีเทา,http://spy.price2spy.com/product/140822969,208,https://www.thaiwatsadu.com/th/sku/60212538,208,https://www.boonthavorn.com/jorakay-1008709
โพลียูรีเทนยาแนว จระเข้ รุ่น 4090W ขนาด 310 มล. สีขาว,http://spy.price2spy.com/product/140822973,208,https://www.thaiwatsadu.com/th/sku/60212539,208,https://www.boonthavorn.com/jorakay-1008695
ใบมีดคัตเตอร์ AT INDY รุ่น H608 ขนาด 18 มม. สีเงิน,http://spy.price2spy.com/product/372775626,57,https://www.thaiwatsadu.com/th/sku/60173490,45,https://www.boonthavorn.com/at-indy-85114
ชุดรางLED T5 LAMPTAN GLOSS SLIM 18วัตต์ Day Light,http://spy.price2spy.com/product/299131526,225,https://www.thaiwatsadu.com/th/sku/60328219,225,https://www.boonthavorn.com/lamptan-1146480
ถ่านกระดุมลิเธี่ยม PANASONIC CR-2032PT/1B 3V,http://spy.price2spy.com/product/536667393,53,https://www.thaiwatsadu.com/th/sku/60062735,55,https://www.boonthavorn.com/panasonic-1261184
ถ่านอัลคาไลน์ AAA PANASONIC รุ่น LRO3T/4B (แพ็ค 4 ก้อน),http://spy.price2spy.com/product/453203965,118,https://www.thaiwatsadu.com/th/sku/60050765,123,https://www.boonthavorn.com/panasonic-1261156
ถ่านอัลคาไลน์ PANASONIC LR6T/20SL AA แพ็ค20 ก้อน,http://spy.price2spy.com/product/536667389,398,https://www.thaiwatsadu.com/th/sku/60311594,410,https://www.boonthavorn.com/panasonic-1261159
ถ่านอัลคาไลน์ PANASONIC รุ่น LR03T/20SL ขนาด AAA (แพ็ค 20 ก้อน),http://spy.price2spy.com/product/453203337,398,https://www.thaiwatsadu.com/th/sku/60311605,410,https://www.boonthavorn.com/panasonic-1261160
เต้ารับ3 ขามีกราวด์+ม่าน Wide PANASONIC รุ่น Weg 1181K สีขาว,http://spy.price2spy.com/product/355858782,98,https://www.thaiwatsadu.com/th/sku/60014773,117,https://www.boonthavorn.com/panasonic-78574
เต้ารับกราวด์คู่ 16A CT ELECTRIC รุ่น CPS-116B สีดำ,http://spy.price2spy.com/product/355858598,63,https://www.thaiwatsadu.com/th/sku/60360012,284,https://www.boonthavorn.com/panasonic-78531
เต้ารับกราวด์เดี่ยว 16 A CT ELECTRIC รุ่น CPS-113 สีขาว,http://spy.price2spy.com/product/355858610,43,https://www.thaiwatsadu.com/th/sku/60359996,102,https://www.boonthavorn.com/panasonic-1152092
เต้ารับคู่ 3 ขา Wide PANASONIC รุ่น Weg 15929 สีขาว,http://spy.price2spy.com/product/125142233,110,https://www.thaiwatsadu.com/th/sku/60014789,163,https://www.boonthavorn.com/panasonic-78576
เต้ารับคู่ ขากลมแบน มีกราวด์ PANASONIC รุ่น Weg 15929H สีเทา,http://spy.price2spy.com/product/161308449,238,https://www.thaiwatsadu.com/th/sku/60014799,284,https://www.boonthavorn.com/panasonic-78531
เทปพันสายไฟ 3M รุ่น Z053-0010 ขนาด 3/4 นิ้ว x 10 ม. สีดำ,http://spy.price2spy.com/product/140823253,22,https://www.thaiwatsadu.com/th/sku/60008664,26,https://www.boonthavorn.com/3m-1161879
เสาโคมไฟสนาม (เหล็ก) 4 เมตร LAMPTAN Pole Street Light 7.3x400x7.5 ซม.ดำ,http://spy.price2spy.com/product/537485945,2599,https://www.thaiwatsadu.com/sku/60423433,2899,https://www.boonthavorn.com/lamptan-1249383
โคมดาวน์ไลท์หน้ากลม 4 นิ้ว LED 9W Warm White EVE LIGHTING รุ่น RD Panel Light 9W WW สีขาว,http://spy.price2spy.com/product/359926794,148,https://www.thaiwatsadu.com/th/sku/60259049,259,https://www.boonthavorn.com/eve-lighting-1073660
โคมฟลัดไลท์ LED 100W DL EVE LIGHTING BEST 100W DL 24.5x20x2.9 ซม. ดำ,http://spy.price2spy.com/product/466399333,788,https://www.thaiwatsadu.com/th/sku/60396881,898,https://www.boonthavorn.com/led-best-100w-dl
โคมฟลัดไลท์ LED 200W DL EVE LIGHTING BEST 200W DL 33.5x27x3.1 ซม. ดำ,http://spy.price2spy.com/product/466399341,1788,https://www.thaiwatsadu.com/th/sku/60396883,2398,https://www.boonthavorn.com/led-best-200w-dl
โคมฟลัดไลท์ LED 400W DL EVE LIGHTING BEST 400W DL 49x35x3.8 ซม. ดำ,http://spy.price2spy.com/product/466399349,2888,https://www.thaiwatsadu.com/th/sku/60396885,3498,https://www.boonthavorn.com/led-best-400w-dl
โคมฟลัดไลท์โซล่าเซลล์ LED 200W DL EVE LIGHTING Dawn 200W 33.3x27.1x7.5 ซม. ดำ,http://spy.price2spy.com/product/299131670,2198,https://www.thaiwatsadu.com/th/product/%E0%B9%82%E0%B8%84%E0%B8%A1%E0%B8%9F%E0%B8%A5%E0%B8%B1%E0%B8%94%E0%B9%84%E0%B8%A5%E0%B8%97%E0%B9%8C%E0%B9%82%E0%B8%8B%E0%B8%A5%E0%B8%B2%E0%B8%A3%E0%B9%8C%E0%B9%80%E0%B8%8B%E0%B8%A5%E0%B8%A5%E0%B9%8C-LED-200-%E0%B8%A7%E0%B8%B1%E0%B8%95%E0%B8%95%E0%B9%8C-Daylight-EVE-LIGHTING-%E0%B8%A3%E0%B8%B8%E0%B9%88%E0%B8%99-Dawn-200W-%E0%B8%AA%E0%B8%B5%E0%B8%94%E0%B8%B3-60351225,2988,https://www.boonthavorn.com/eve-lighting-1204563
โคมแทรคไลท์เข้าราง 1xGU5.3 LED 7W WW LAMPTAN PROLONG BK 7W 5.5x9.5 x15.8 ซม. ดำ,http://spy.price2spy.com/product/536666917,298,https://www.thaiwatsadu.com/th/sku/60407703,299,https://www.boonthavorn.com/lamptan-1250138
โคมแทรคไลท์เข้าราง 1xGU5.3 LED 7W WW LAMPTAN PROLONG WH 7W 5.5x9.5x15.8 ซม. ขาว,http://spy.price2spy.com/product/536666925,298,https://www.thaiwatsadu.com/th/sku/60407705,299,https://www.boonthavorn.com/lamptan-1249891
โคมไฟถนนโซล่าเซลล์พร้อมขาจับ LED 400W DL PHILIPS BRC010 400W DL 22.8x50.8x5 ซม. เทา,http://spy.price2spy.com/product/524885233,1998,https://www.thaiwatsadu.com/th/sku/60422883,1998,https://www.boonthavorn.com/philips-1264380
โคมไฟเพดานอะคริลิก LED 24W DL LAMPTAN Basic 24W/Daylight 37.5x37.5x6.2 ซม. ขาว,http://spy.price2spy.com/product/453090717,289,https://www.thaiwatsadu.com/th/sku/60385140,340,https://www.boonthavorn.com/lamptan-1245821
โคมไฟไฮเบย์ LED 100W DL PHILIPS รุ่น BY239/120LM สีดำ,http://spy.price2spy.com/product/428366186,2380,https://www.thaiwatsadu.com/th/sku/60363442,3299,https://www.boonthavorn.com/philips-1205646
ก๊อกบอล SANWA รุ่น CK 15 ขนาดเกลียว 1/2 นิ้ว,http://spy.price2spy.com/product/128089565,145,https://www.thaiwatsadu.com/th/sku/60006993,135,https://www.boonthavorn.com/sanwa-48455
ก๊อกบอลสนาม SANWA รุ่น CKT 15 ขนาดเกลียว 1/2 นิ้ว สีแดง,http://spy.price2spy.com/product/128089501,165,https://www.thaiwatsadu.com/th/sku/60007088,165,https://www.boonthavorn.com/sanwa-48453
ก๊อกบอลสนามด้ามแดง 3P รุ่น 3P-003 ขนาดเกลียว 1/2 นิ้ว สีแดง,http://spy.price2spy.com/product/355858906,79,https://www.thaiwatsadu.com/th/sku/60216176,125,https://www.boonthavorn.com/icon-1036701
ก๊อกบอลแฟนซี SANWA รุ่น CK 15 FB ขนาดเกลียว 1/2 นิ้ว สีฟ้า,http://spy.price2spy.com/product/128089549,115,https://www.thaiwatsadu.com/th/sku/60006995,99,https://www.boonthavorn.com/sanwa-61076
ก๊อกบอลแฟนซี SANWA รุ่น CK 15 FG ขนาดเกลียว 1/2 นิ้ว สีเขียว,http://spy.price2spy.com/product/128089545,115,https://www.thaiwatsadu.com/th/sku/60006988,99,https://www.boonthavorn.com/sanwa-48451
ข้องอ 90 องศา 1/2 นิ้ว THAI PP-R ขนาด 29 x 42 x 42 มม. สีเขียว,http://spy.price2spy.com/product/372790118,15,https://www.thaiwatsadu.com/th/sku/60249268,14,https://www.boonthavorn.com/thai-pp-r-1069597
ข้อต่อตรง 1/2 นิ้ว THAIPPR รุ่น D20 ขนาด 29 x 29 x 35 มม. สีเขียว,http://spy.price2spy.com/product/372790298,10,https://www.thaiwatsadu.com/th/sku/60249230,10,https://www.boonthavorn.com/thai-pp-r-1069605
ข้อต่อตรงเกลียวใน 1/2 THAIPPR 29*29*45 mm เขียว,http://spy.price2spy.com/product/520640177,76,https://www.thaiwatsadu.com/th/sku/60249278,76,https://www.boonthavorn.com/thai-pp-r-1069620?page=1
ตู้ทำน้ำเย็น-น้ำร้อน MAZUMA รุ่น DP-639HC,http://spy.price2spy.com/product/388123282,6490,https://www.thaiwatsadu.com/th/sku/60326653,6490,https://www.boonthavorn.com/mazuma-1196467
ถังดักไขมัน (ตั้งพื้น) G-TEK DOS รุ่น GT-05/GY-15L ความจุ 15 ลิตร สีน้ำเงิน,http://spy.price2spy.com/product/355859894,1290,https://www.thaiwatsadu.com/th/sku/60325801,1290,https://www.boonthavorn.com/dos-1014242
ถังดักไขมัน (ตั้งพื้น) G-TEK DOS รุ่น GT-05/GY-40L ความจุ 40 ลิตร สีน้ำเงิน,http://spy.price2spy.com/product/355859898,1990,https://www.thaiwatsadu.com/th/sku/60325802,1990,https://www.boonthavorn.com/dos-gt-05-gy-40l
"ถังบำบัดน้ำเสีย 1,000 ลิตร HERO DOS รุ่น ST-20/BK-1000L สีดำ",http://spy.price2spy.com/product/140823381,4190,https://www.thaiwatsadu.com/th/sku/60325805,4190,https://www.boonthavorn.com/dos-1025640
"ถังบำบัดน้ำเสีย 1,000 ลิตร WAVE รุ่น ZAD 1000 สีดำ",http://spy.price2spy.com/product/355859906,4190,https://www.thaiwatsadu.com/th/sku/60265615,4190,https://www.boonthavorn.com/wave-1114398
"ถังบำบัดน้ำเสีย 1,200 ลิตร HERO DOS รุ่น ST-05/BK-1200L สีดำ",http://spy.price2spy.com/product/161308517,4990,https://www.thaiwatsadu.com/th/sku/60325806,4990,https://www.boonthavorn.com/dos-1025641
"ถังบำบัดน้ำเสีย 1,600 ลิตร HERO DOS รุ่น ST-20/BK-1600L สีดำ",http://spy.price2spy.com/product/140823461,6290,https://www.thaiwatsadu.com/th/sku/60325807,6290,https://www.boonthavorn.com/dos-1025642
"ถังบำบัดน้ำเสีย 2,000 ลิตร HERO DOS รุ่น ST-05/BK-2000L สีดำ",http://spy.price2spy.com/product/355859506,8880,https://www.thaiwatsadu.com/th/sku/60325808,8880,https://www.boonthavorn.com/dos-1064171
ถังบำบัดน้ำเสีย 600 ลิตร HERO FITT DOS รุ่น ST-28/BK-600L สีดำ,http://spy.price2spy.com/product/365308870,3690,https://www.thaiwatsadu.com/th/sku/60349402,3690,https://www.boonthavorn.com/dos-1204360
ถังบำบัดน้ำเสีย 600 ลิตร WAVE รุ่น ZAD 600 สีดำ,http://spy.price2spy.com/product/355859694,3690,https://www.thaiwatsadu.com/th/sku/60265607,3790,https://www.boonthavorn.com/wave-1114454
"ถังเก็บน้ำบนดิน 1,000 ลิตร DOS LIFE รุ่น NATURA SILVER COMBAC HY-42/GC-1000L สี Glacier Granite",http://spy.price2spy.com/product/507292197,9990,https://www.thaiwatsadu.com/th/sku/60415731,10090,https://www.boonthavorn.com/dos-1085587
"ถังเก็บน้ำบนดิน 1,000 ลิตร GIANT DOS รุ่น DE-49/SB-1000L สีแซนดี้ บราวน์",http://spy.price2spy.com/product/355509078,5680,https://www.thaiwatsadu.com/th/sku/60300234,5990,https://www.boonthavorn.com/dos-1189461
"ถังเก็บน้ำบนดิน 1,000 ลิตร GRANITO DWT DOS รุ่น COM-01/SB-1000L สีแซนดี้ บราวน์",http://spy.price2spy.com/product/355859490,5490,https://www.thaiwatsadu.com/th/sku/60325700,5490,https://www.boonthavorn.com/dos-1016459
"ถังเก็บน้ำบนดิน 1,000 ลิตร ICE DOS รุ่น ECO-14/BL-1000L สีไอซ์บลู",http://spy.price2spy.com/product/393231054,2790,https://www.thaiwatsadu.com/th/sku/60363373,2790,https://www.boonthavorn.com/dos-1219448
"ถังเก็บน้ำบนดิน 1,050 ลิตร CHABA NANODOS รุ่น HY-47/PG-1050L สีพิงค์โกลด์",http://spy.price2spy.com/product/140823473,7490,https://www.thaiwatsadu.com/th/sku/60325682,7490,https://www.boonthavorn.com/dos-1085603
"ถังเก็บน้ำบนดิน 2,000 ลิตร GRANITO DWT DOS รุ่น COM-01/SB-2000L สีแซนดี้ บราวน์",http://spy.price2spy.com/product/253257646,8690,https://www.thaiwatsadu.com/th/sku/60325702,8690,https://www.boonthavorn.com/dos-1073266
"ถังเก็บน้ำบนดิน 2,000 ลิตร ICE DOS รุ่น ECO-14/BL-2000L สีไอซ์บลู",http://spy.price2spy.com/product/402477230,5490,https://www.thaiwatsadu.com/th/sku/60364006,5490,https://www.boonthavorn.com/dos-1219492
ถังเก็บน้ำบนดิน 500 ลิตร CHABA NANO DOS รุ่น HY-47/PG-500L สีพิงค์โกลด์,http://spy.price2spy.com/product/140823969,4790,https://www.thaiwatsadu.com/th/sku/60325691,4790,https://www.boonthavorn.com/dos-1085600
ท่อประปา 1 X4m. แบบธรรมดา THAIPPR SDR11 PN10 D32 3*3*400 cm เขียว,http://spy.price2spy.com/product/536667153,228,https://www.thaiwatsadu.com/th/sku/60249252,228,https://www.boonthavorn.com/thai-pp-r-1069583
ท่อประปา 3/4 x4 m.แบบธรรมดา THAIPPR SDR11 2.5*2.5*400 cm เขียว,http://spy.price2spy.com/product/536667401,138,https://www.thaiwatsadu.com/th/sku/60249251,138,https://www.boonthavorn.com/thai-pp-r-1069582?page=1
ปั๊มน้ำอัตโนมัติ 100 วัตต์ MITSUBISHI ELECTRIC WP-105R2,http://spy.price2spy.com/product/536666337,5040,https://www.thaiwatsadu.com/th/sku/60422669,5340,https://www.boonthavorn.com/mitsubishi-1263153
ปั๊มน้ำอัตโนมัติ 150 วัตต์ MITSUBISHI ELECTRIC WP-155R2,http://spy.price2spy.com/product/536666289,5840,https://www.thaiwatsadu.com/sku/60422666,6140,https://www.boonthavorn.com/mitsubishi-1263154
ปั๊มน้ำอัตโนมัติ 200 วัตต์ MITSUBISHI ELECTRIC WP-205R2,http://spy.price2spy.com/product/536666469,7140,https://www.thaiwatsadu.com/sku/60422671,7440,https://www.boonthavorn.com/mitsubishi-1263152
ปั๊มน้ำอัตโนมัติ 250 วัตต์ MITSUBISHI ELECTRIC WP-255R2,http://spy.price2spy.com/product/536666429,7640,https://www.thaiwatsadu.com/th/sku/60422670,7940,https://www.boonthavorn.com/mitsubishi-1263160
ปั๊มน้ำอัตโนมัติ HITACHI รุ่น WT-P100XX กำลัง 100 วัตต์,http://spy.price2spy.com/product/140823373,4980,https://www.thaiwatsadu.com/th/sku/60320918,4880,https://www.boonthavorn.com/hitachi-1148737
ปั๊มน้ำอัตโนมัติ HITACHI รุ่น WT-P150XX กำลัง 150 วัตต์,http://spy.price2spy.com/product/140823393,5680,https://www.thaiwatsadu.com/th/sku/60320924,5680,https://www.boonthavorn.com/hitachi-1148738
ปั๊มน้ำอัตโนมัติ HITACHI รุ่น WT-P200XX กำลัง 200 วัตต์,http://spy.price2spy.com/product/140823449,6900,https://www.thaiwatsadu.com/th/sku/60320928,6900,https://www.boonthavorn.com/hitachi-1148739
ปั๊มน้ำอัตโนมัติ HITACHI รุ่น WT-P250XX กำลัง 250 วัตต์,http://spy.price2spy.com/product/140823417,7480,https://www.thaiwatsadu.com/th/sku/60320930,7480,https://www.boonthavorn.com/hitachi-1148740
ปั๊มน้ำอัตโนมัติแรงดันคงที่ (เสียงเงียบ) 200 วัตต์ HITACHI TM-P200XX2,http://spy.price2spy.com/product/364193330,10280,https://www.thaiwatsadu.com/th/sku/60374398,10880,https://www.boonthavorn.com/hitachi-1224179?page=1
ปั๊มน้ำอัตโนมัติแรงดันคงที่ (เสียงเงียบ) HITACHI รุ่น TM-P300XX2 กำลัง 300 วัตต์ สีเทา,http://spy.price2spy.com/product/350749906,11980,https://www.thaiwatsadu.com/th/sku/60361683,12280,https://www.boonthavorn.com/hitachi-1211704
ปั๊มน้ำอัตโนมัติแรงดันคงที่ (เสียงเงียบ) HITACHI รุ่น TM-P450XX2 กำลัง 450 วัตต์ สีเทา,http://spy.price2spy.com/product/357704126,14280,https://www.thaiwatsadu.com/th/sku/60363973,14690,https://www.boonthavorn.com/hitachi-1211703
ปั๊มน้ำอัตโนมัติแรงดันคงที่ (เสียงเงียบ) HITACHI รุ่น TM-P600XX2 กำลัง 600 วัตต์ สีเทา,http://spy.price2spy.com/product/372821390,15780,https://www.thaiwatsadu.com/th/sku/60361887,16000,https://www.boonthavorn.com/hitachi-1211705
ปั๊มน้ำอัตโนมัติแรงดันคงที่ 300 วัตต์ MITSUBISHI ELECTRIC EP-305R2,http://spy.price2spy.com/product/524885297,8240,https://www.thaiwatsadu.com/th/sku/60422615,8540,https://www.boonthavorn.com/mitsubishi-1263144
ปั๊มน้ำอัตโนมัติแรงดันคงที่ 350 วัตต์ MITSUBISHI ELECTRIC EP-355R2,http://spy.price2spy.com/product/532393489,8890,https://www.thaiwatsadu.com/th/sku/60422612,9300,https://www.boonthavorn.com/mitsubishi-1263155
ปั๊มน้ำอัตโนมัติแรงดันคงที่ 400 วัตต์ MITSUBISHI ELECTRIC EP-405R2,http://spy.price2spy.com/product/536666393,15040,https://www.thaiwatsadu.com/th/sku/60422614,15240,https://www.boonthavorn.com/mitsubishi-1263143
ปั๊มน้ำอัตโนมัติแรงดันคงที่ HITACHI รุ่น WM-P150XX กำลัง 150 วัตต์ สีเทา,http://spy.price2spy.com/product/140823361,5590,https://www.thaiwatsadu.com/th/sku/60320945,6080,https://www.boonthavorn.com/hitachi-1148754
ปั๊มน้ำอัตโนมัติแรงดันคงที่ HITACHI รุ่น WM-P200XX กำลัง 200 วัตต์ สีเทา,http://spy.price2spy.com/product/140823397,6650,https://www.thaiwatsadu.com/th/sku/60320946,7290,https://www.boonthavorn.com/hitachi-1148755
ปั๊มน้ำอัตโนมัติแรงดันคงที่ HITACHI รุ่น WM-P300XX กำลัง 300 วัตต์ สีเทา,http://spy.price2spy.com/product/140823409,7450,https://www.thaiwatsadu.com/th/sku/60320948,7980,https://www.boonthavorn.com/hitachi-1148757
ปั๊มน้ำอัตโนมัติแรงดันคงที่ HITACHI รุ่น WM-P350XX กำลัง 350 วัตต์ สีเทา,http://spy.price2spy.com/product/193222291,7890,https://www.thaiwatsadu.com/th/sku/60320950,8480,https://www.boonthavorn.com/hitachi-1148758
ปั๊มน้ำอัตโนมัติแรงดันคงที่ Inverter 400 วัตต์ HITACHI รุ่น WM-PV400XX2,http://spy.price2spy.com/product/128089633,16180,https://www.thaiwatsadu.com/th/sku/60389227,16180,https://www.boonthavorn.com/hitachi-1248430
มินิบอลวาล์ว (ผผ) SANWA รุ่น BV 15 MM ขนาด 1/2 นิ้ว,http://spy.price2spy.com/product/128089541,100,https://www.thaiwatsadu.com/th/sku/60068729,89,https://www.boonthavorn.com/sanwa-1138379
มินิบอลวาล์ว (ผผผ) SANWA รุ่น BV 15 MMM ขนาด 1/2 นิ้ว,http://spy.price2spy.com/product/128089553,130,https://www.thaiwatsadu.com/th/sku/60119460,135,https://www.boonthavorn.com/sanwa-1138377
มินิบอลวาล์ว NP (ผผ) ANA รุ่น MV110-MM ขนาด 1/2 นิ้ว,http://spy.price2spy.com/product/128089557,83,https://www.thaiwatsadu.com/th/sku/60157950,89,https://www.boonthavorn.com/ana-76613
ลูกลอยถังเก็บน้ำ SANWA ขนาด 3/4 นิ้ว สีส้ม,http://spy.price2spy.com/product/479590797,347,https://www.thaiwatsadu.com/th/sku/60221084,399,https://www.boonthavorn.com/sanwa-80119
ลูกลอยแท็งค์น้ำ DOS ขนาด 1 นิ้ว สีขาว,http://spy.price2spy.com/product/479590781,557,https://www.thaiwatsadu.com/th/sku/60325824,580,https://www.boonthavorn.com/dos-1101000
วาล์วลูกลอย SANWA รุ่น FV-15 ขนาด 1/2 นิ้ว,http://spy.price2spy.com/product/479590793,233,https://www.thaiwatsadu.com/th/sku/60324351,269,https://www.boonthavorn.com/sanwa-80118
เครื่องกรองน้ำดื่ม 4 ขั้นตอน MAZUMA รุ่น AQ-30PC สีขาว,http://spy.price2spy.com/product/128089609,3190,https://www.thaiwatsadu.com/th/sku/60167374,3190,https://www.boonthavorn.com/mazuma-123302
เครื่องกรองน้ำดื่ม UF 5 ขั้นตอน MAZUMA รุ่น AQ-50UF สีขาว,http://spy.price2spy.com/product/125383049,4590,https://www.thaiwatsadu.com/th/sku/60271315,4590,https://www.boonthavorn.com/mazuma-1139839
เครื่องทำน้ำร้อน 6000 วัตต์ MAZUMA รุ่น POWER3 6.0 สีขาว,http://spy.price2spy.com/product/323855066,6190,https://www.thaiwatsadu.com/th/sku/60232936,6490,https://www.boonthavorn.com/mazuma-1050251
เครื่องทำน้ำร้อน 6000 วัตต์ MEX รุ่น CENTRI 6R สีเงิน,http://spy.price2spy.com/product/304882826,6390,https://www.thaiwatsadu.com/th/sku/60269469,6790,https://www.boonthavorn.com/mex-1084525
เครื่องทำน้ำร้อน 6000 วัตต์ MEX รุ่น CUBE6000R สีเงิน,http://spy.price2spy.com/product/359721950,7690,https://www.thaiwatsadu.com/th/sku/60269470,8190,https://www.boonthavorn.com/mex-1084524
เครื่องทำน้ำร้อน 8000 วัตต์ STIEBEL ELTRON รุ่น DHC8 EC สีเงิน,http://spy.price2spy.com/product/359721898,9290,https://www.thaiwatsadu.com/th/sku/60218840,9290,https://www.boonthavorn.com/stiebel-eltron-1036208
"เครื่องทำน้ำร้อน MAZUMA รุ่น POWER4 กำลัง 6,000 วัตต์",http://spy.price2spy.com/product/359722134,7990,https://www.thaiwatsadu.com/th/sku/60355556,7890,https://www.boonthavorn.com/mazuma-1139236
เครื่องทำน้ำร้อนแบบถังเก็บ 3 ลิตร AO SMITH MINIBOT-3L,http://spy.price2spy.com/product/519816637,7895,https://www.thaiwatsadu.com/sku/60418931,7900,https://www.boonthavorn.com/mex-1261717
เครื่องทำน้ำร้อนแบบหม้อต้ม (แนวนอน) AO SMITH รุ่น ELJH-50 ความจุ 50 ลิตร สีขาว,http://spy.price2spy.com/product/359722102,12900,https://www.thaiwatsadu.com/th/sku/60310978,12900,https://www.boonthavorn.com/mex-1108910
เครื่องทำน้ำร้อนแบบหม้อต้ม (แนวนอน) STIEBEL ELTRON รุ่น ESH 30 H Plus T ความจุ 30 ลิตร,http://spy.price2spy.com/product/359721970,9090,https://www.thaiwatsadu.com/th/sku/60349819,9090,https://www.boonthavorn.com/stiebel-eltron-1200690
"เครื่องทำน้ำอุ่น 3,500 วัตต์ MAZUMA รุ่น ENRICH 3.5 สีดำ",http://spy.price2spy.com/product/510634377,2190,https://www.thaiwatsadu.com/th/sku/60410530,2190,https://www.boonthavorn.com/mazuma-1254199?page=1
"เครื่องทำน้ำอุ่น 3,500 วัตต์ RINNAI รุ่น AI350 สีขาว",http://spy.price2spy.com/product/299130906,2990,https://www.thaiwatsadu.com/th/sku/60338039,2990,https://www.boonthavorn.com/rinnai-1171138
"เครื่องทำน้ำอุ่น 3,800 วัตต์ SHARP รุ่น WH-38AG สีขาว",http://spy.price2spy.com/product/496667537,2290,https://www.thaiwatsadu.com/th/sku/60392124,2290,https://www.boonthavorn.com/sharp-1260259
เครื่องทำน้ำอุ่น 3500 วัตต์ MAZUMA รุ่น INTRO S สีขาว,http://spy.price2spy.com/product/128089533,2790,https://www.thaiwatsadu.com/th/sku/60302570,2790,https://www.boonthavorn.com/mazuma-1113256
เครื่องทำน้ำอุ่น 3500 วัตต์ SHARP MD135WH,http://spy.price2spy.com/product/524885257,2890,https://www.thaiwatsadu.com/th/sku/60420555,2890,https://www.boonthavorn.com/sharp-1260253
เครื่องทำน้ำอุ่น 3500 วัตต์ STIEBEL ELTRON AQC35E,http://spy.price2spy.com/product/484555869,2790,https://www.thaiwatsadu.com/th/sku/60412363,2790,https://www.boonthavorn.com/stiebel-eltron-1257706
เครื่องทำน้ำอุ่น 3500 วัตต์ STIEBEL ELTRON รุ่น DS 35EC สีขาว,http://spy.price2spy.com/product/299131422,4790,https://www.thaiwatsadu.com/th/sku/60292920,4790,https://www.boonthavorn.com/stiebel-eltron-1106566
เครื่องทำน้ำอุ่น 3800 วัตต์ TOSHIBA TWH-38MFNTH(W)-WB,http://spy.price2spy.com/product/448606045,3290,https://www.thaiwatsadu.com/th/sku/60394922,3290,https://www.boonthavorn.com/toshiba-1251142
"เครื่องทำน้ำอุ่น 4,500 วัตต์ MAZUMA รุ่น ENRICH 4.5 สีดำ",http://spy.price2spy.com/product/510634365,2390,https://www.thaiwatsadu.com/th/sku/60410534,2390,https://www.boonthavorn.com/mazuma-1254200
"เครื่องทำน้ำอุ่น 4,500 วัตต์ MEX รุ่น COCO S45 (MB) สีดำ",http://spy.price2spy.com/product/432077494,2590,https://www.thaiwatsadu.com/th/sku/60391487,2590,https://www.boonthavorn.com/mex-1249784
"เครื่องทำน้ำอุ่น 4,500 วัตต์ STIEBEL ELTRON รุ่น DS 45EC สีขาว",http://spy.price2spy.com/product/194909359,4990,https://www.thaiwatsadu.com/th/sku/60292938,4990,https://www.boonthavorn.com/stiebel-eltron-1106526
"เครื่องทำน้ำอุ่น 4,500 วัตต์ STIEBEL ELTRON รุ่น WS 45E-2",http://spy.price2spy.com/product/140823453,3490,https://www.thaiwatsadu.com/th/sku/60326533,3490,https://www.boonthavorn.com/stiebel-eltron-1157510
เครื่องทำน้ำอุ่น 4500 วัตต์ MAZUMA รุ่น INTRO S สีขาว,http://spy.price2spy.com/product/128089525,2990,https://www.thaiwatsadu.com/th/sku/60302572,2990,https://www.boonthavorn.com/mazuma-1113257
เครื่องทำน้ำอุ่น 4500 วัตต์ MAZUMA รุ่น NEX SMARTLIGHT สีดำ,http://spy.price2spy.com/product/359722142,5390,https://www.thaiwatsadu.com/th/sku/60270446,5390,https://www.boonthavorn.com/mazuma-1082302
เครื่องทำน้ำอุ่น 4500 วัตต์ MEX COCO 450 (MRB),http://spy.price2spy.com/product/536666489,3790,https://www.thaiwatsadu.com/th/sku/60269467,3990,https://www.boonthavorn.com/mex-1202915
เครื่องทำน้ำอุ่น 4500 วัตต์ SHARP MD145GY,http://spy.price2spy.com/product/514416317,3090,https://www.thaiwatsadu.com/th/sku/60420556,3090,https://www.boonthavorn.com/sharp-1260255
เครื่องทำน้ำอุ่น 4500 วัตต์ STIEBEL ELTRON รุ่น XG Limited สีดำ,http://spy.price2spy.com/product/359722054,5990,https://www.thaiwatsadu.com/th/sku/60287279,5990,https://www.boonthavorn.com/stiebel-eltron-1097083
"เครื่องทำน้ำอุ่น 6,000 วัตต์ STIEBEL ELTRON รุ่น STIEBEL BLACK",http://spy.price2spy.com/product/359722058,9990,https://www.thaiwatsadu.com/th/sku/60334357,9990,https://www.boonthavorn.com/stiebel-eltron-1157623
"เครื่องทำน้ำอุ่น MAZUMA รุ่น INTRO PLUS 4500W กำลัง 4,500 วัตต์ สีเงิน",http://spy.price2spy.com/product/125347489,3390,https://www.thaiwatsadu.com/th/sku/60293943,3390,https://www.boonthavorn.com/mazuma-1107762
"เครื่องทำน้ำอุ่น MAZUMA รุ่น IONIQ 3.5KW กำลัง 3,500 วัตต์ สีบลูพลัส",http://spy.price2spy.com/product/299130910,3990,https://www.thaiwatsadu.com/th/sku/60351509,3990,https://www.boonthavorn.com/mazuma-1203663
"เครื่องทำน้ำอุ่น MAZUMA รุ่น IONIQ 4.5KW กำลัง 4,500 วัตต์ สีบลูพลัส",http://spy.price2spy.com/product/355859210,4190,https://www.thaiwatsadu.com/th/sku/60351510,4190,https://www.boonthavorn.com/mazuma-1203157
"เครื่องทำน้ำอุ่น MEX รุ่น CODE 35E (CB) กำลัง 3,500 วัตต์",http://spy.price2spy.com/product/359722034,4790,https://www.thaiwatsadu.com/th/sku/60330871,4790,https://www.boonthavorn.com/mex-1202906
"เครื่องทำน้ำอุ่น MEX รุ่น CODE 5E (CB) กำลัง 5,100 วัตต์",http://spy.price2spy.com/product/359722042,5190,https://www.thaiwatsadu.com/th/sku/60330872,5090,https://www.boonthavorn.com/mex-1162205
"เครื่องทำน้ำอุ่น MEX รุ่น CODE 5E (OA) กำลัง 5,100 วัตต์ สีขาว",http://spy.price2spy.com/product/128089513,5190,https://www.thaiwatsadu.com/th/sku/60252920,5190,https://www.boonthavorn.com/mex-1202907
"เครื่องทำน้ำอุ่น RINNAI รุ่น KIN 350(PW) กำลัง 3,500 วัตต์ สีขาวมุก",http://spy.price2spy.com/product/195341811,4790,https://www.thaiwatsadu.com/th/sku/60313111,4790,https://www.boonthavorn.com/rinnai-1139449
"เครื่องทำน้ำอุ่น RINNAI รุ่น KIN 450(PW) กำลัง 4,500 วัตต์ สีขาวมุก",http://spy.price2spy.com/product/195341815,5090,https://www.thaiwatsadu.com/th/sku/60326925,4990,https://www.boonthavorn.com/rinnai-1139450
เครื่องทำน้ำอุ่น STIEBEL ELTRON รุ่น WS 35E-2 กำลัง 3500 วัตต์ สีขาว - ดำ,http://spy.price2spy.com/product/140823469,3290,https://www.thaiwatsadu.com/th/sku/60326532,3290,https://www.boonthavorn.com/stiebel-eltron-1157509
"เครื่องทำน้ำอุ่น STIEBEL ELTRON รุ่น DE 45 E กำลัง 4,500 วัตต์ สีขาว",http://spy.price2spy.com/product/359722074,2290,https://www.thaiwatsadu.com/th/sku/60332243,2290,https://www.boonthavorn.com/stiebel-eltron-1163749
เทปพันเกลียว SCG ยาว 10 เมตร,http://spy.price2spy.com/product/479590673,31,https://www.thaiwatsadu.com/th/sku/60378497,40,https://www.boonthavorn.com/scg-1114446
ชุดเตาฝัง พร้อมเครื่องดูดควัน TEKA รุ่น DDX 90.1+GT LUX 78 2G,http://spy.price2spy.com/product/479554141,14900,https://www.thaiwatsadu.com/th/sku/60293805,16900,https://www.boonthavorn.com/teka-1250927
ชุดเตาฝัง+เครื่องดูดควัน LUCKY FLAME RG-961S+LGS962 90 ซม. สีสเตนเลส,http://spy.price2spy.com/product/444085001,9900,https://www.thaiwatsadu.com/th/sku/60263246,9900,https://www.boonthavorn.com/lucky-flame-1086050
ชุดเตาฝังพร้อมเครื่องดูดควัน MEX รุ่น V4731M+K632BFX90 สีสเตนเลส,http://spy.price2spy.com/product/355859282,13400,https://www.thaiwatsadu.com/th/sku/60345794,13900,https://www.boonthavorn.com/mex-1199116
ชุดเตาฝังพร้อมเครื่องดูดควัน MEX รุ่น V7812MHR+K635BFX90 ขนาด 90 ซม. สีสเตนเลส,http://spy.price2spy.com/product/159532219,17900,https://www.thaiwatsadu.com/th/sku/60311766,17900,https://www.boonthavorn.com/mex-1136402?page=1
ตู้ครัววางเตาแก๊สตู้เปิด 3 บานแบบดร็อป Clean Kitchen DKC-NS 120x61x80 ซม. สีสแตนเลส,http://spy.price2spy.com/product/537485817,17900,https://www.thaiwatsadu.com/sku/60405964,17900,https://www.boonthavorn.com/clean-kitchen-1284698
ตู้ตั้งเอนกประสงค์ KING KB1-85-NU ก88.5xล45xส75.7 ซม. สีขาว,http://spy.price2spy.com/product/335863954,3520,https://www.thaiwatsadu.com/th/sku/60187941,3520,https://www.boonthavorn.com/king-1017495
ตู้ตั้งเอนกประสงค์ KING KB1H-125-NU ก88.5xล45xส115 ซม. สีขาว,http://spy.price2spy.com/product/517908977,5040,https://www.thaiwatsadu.com/th/sku/60187946,5040,https://www.boonthavorn.com/king-1017730
ตู้ตั้งเอนกประสงค์ KING KB2-140-NU ก88.5xล45xส139.5 ซม. สีขาว,http://spy.price2spy.com/product/517908933,5800,https://www.thaiwatsadu.com/th/sku/60187947,5800,https://www.boonthavorn.com/king-1017732
ตู้ตั้งเอนกประสงค์ KING KB2H-180-NU ก88.5xล45xส179 ซม. สีขาว,http://spy.price2spy.com/product/517908877,7410,https://www.thaiwatsadu.com/th/sku/60187948,7410,https://www.boonthavorn.com/king-1017734
ตู้ลิ้นชัก 3 ชั้นลูกฟัก KING รุ่น ACCESSRI ACC CDP-3L-IR ขนาด 49 x 54.5 x 68.8 ซม. สีขาว,http://spy.price2spy.com/product/159532282,4290,https://www.thaiwatsadu.com/th/sku/60172601,4290,https://www.boonthavorn.com/king-1011053
ตู้ลิ้นชัก JUPITER Silky Brown 57x67x55 cm. สีน้ำตาล,http://spy.price2spy.com/product/517908905,4890,https://www.thaiwatsadu.com/th/sku/60406354,4890,https://www.boonthavorn.com/jupiter-1256397
ตู้ลิ้นชัก JUPITER Silky Moon 57x67x55 cm. สีครีม,http://spy.price2spy.com/product/517908953,4890,https://www.thaiwatsadu.com/th/sku/60406372,4890,https://www.boonthavorn.com/jupiter-1256374
ตู้ลิ้นชัก JUPITER Silky Woods 57x55x67 ซม. น้ำตาล,http://spy.price2spy.com/product/514416761,5990,https://www.thaiwatsadu.com/th/sku/60388081,5990,https://www.boonthavorn.com/jupiter-1256363
ตู้แขวน D2 JUPITER Silky Brown 80x80x30 cm. สีน้ำตาล,http://spy.price2spy.com/product/517909029,4590,https://www.thaiwatsadu.com/th/sku/60406359,4590,https://www.boonthavorn.com/jupiter-1256406
ตู้แขวน D2 JUPITER Silky Moon 80x80x30 cm. สีครีม,http://spy.price2spy.com/product/517909081,4590,https://www.thaiwatsadu.com/th/sku/60406377,4590,https://www.boonthavorn.com/jupiter-1256351
ตู้แขวน JUPITER Silky Brown 80x60x30 cm. สีน้ำตาล,http://spy.price2spy.com/product/517908989,3890,https://www.thaiwatsadu.com/th/sku/60406360,3890,https://www.boonthavorn.com/jupiter-1256405
ตู้แขวน JUPITER Silky Moon 80x60x30 cm. สีครีม,http://spy.price2spy.com/product/517909037,3890,https://www.thaiwatsadu.com/th/sku/60406378,3890,https://www.boonthavorn.com/jupiter-1256355
ตู้แขวนคู่ JUPITER Silky Woods 80x30x60 ซม. น้ำตาล,http://spy.price2spy.com/product/517908965,4890,https://www.thaiwatsadu.com/th/sku/60388087,4890,https://www.boonthavorn.com/jupiter-1256381
ตู้แขวนคู่ JUPITER Silky Woods D2 80x30x80 ซม. น้ำตาล,http://spy.price2spy.com/product/517908961,5590,https://www.thaiwatsadu.com/th/sku/60388086,5590,https://www.boonthavorn.com/jupiter-1256384
ตู้แขวนคู่ KING NOVA CU-POA-2N ก90ล34xส67.8 ซม. สีดาร์คโอ๊ค,http://spy.price2spy.com/product/517908981,3890,https://www.thaiwatsadu.com/th/sku/60219837,3890,https://www.boonthavorn.com/king-1043096
ตู้แขวนคู่ KING รุ่น NOVA CU-PK-2N-WT ขนาด 90 x 34 x 67.8 ซม. สีขาว,http://spy.price2spy.com/product/159532279,3290,https://www.thaiwatsadu.com/th/sku/60176915,3290,https://www.boonthavorn.com/king-1020319
ตู้แขวนคู่กระจก D2 JUPITER Minerva ก80xล30xส80 ซม. น้ำตาล,http://spy.price2spy.com/product/517908997,5890,https://www.thaiwatsadu.com/th/sku/60381698,5890,https://www.boonthavorn.com/jupiter-1256337
ตู้แขวนคู่กระจก JUPITER Minerva ก80xล30xส60 ซม. น้ำตาล,http://spy.price2spy.com/product/479553725,4990,https://www.thaiwatsadu.com/th/sku/60381699,4990,https://www.boonthavorn.com/jupiter-1256329
ตู้แขวนบานคู่ KING เคิร์ฟ CU-PPG-2C 90x67.8x34 ซม. สีเทา,http://spy.price2spy.com/product/517908889,3890,https://www.thaiwatsadu.com/th/sku/60329551,3890,https://www.boonthavorn.com/king-1162111
ตู้แขวนบานคู่ KING โนวา CU-PPG-2N 90x67.8x34 ซม. สีเทา,http://spy.price2spy.com/product/517909017,3890,https://www.thaiwatsadu.com/th/sku/60329552,3890,https://www.boonthavorn.com/king-1162120
บานคู่ JUPITER Silky Brown 87x67 cm. สีน้ำตาล,http://spy.price2spy.com/product/490368813,1990,https://www.thaiwatsadu.com/th/sku/60406346,1990,https://www.boonthavorn.com/jupiter-1256410
บานคู่ JUPITER Silky Moon 87x67 cm. สีครีม,http://spy.price2spy.com/product/490369001,1990,https://www.thaiwatsadu.com/th/sku/60406364,1990,https://www.boonthavorn.com/jupiter-1256393
บานคู่เกล็ด JUPITER Silky Brown 87x67 cm. สีน้ำตาล,http://spy.price2spy.com/product/517908973,2090,https://www.thaiwatsadu.com/th/sku/60406350,2090,https://www.boonthavorn.com/jupiter-1256409
บานคู่เกล็ด JUPITER Silky Moon 87x67 cm. สีครีม,http://spy.price2spy.com/product/517908949,2090,https://www.thaiwatsadu.com/th/sku/60406368,2090,https://www.boonthavorn.com/jupiter-1256375
บานซิงค์คู่ JUPITER Silky Light 87x10x67 ซม. เทา,http://spy.price2spy.com/product/517909049,1990,https://www.thaiwatsadu.com/th/sku/60388320,1990,https://www.boonthavorn.com/jupiter-1256328
บานซิงค์คู่ JUPITER Silky Teak 87x10x67 ซม. สีสัก,http://spy.price2spy.com/product/517909077,1990,https://www.thaiwatsadu.com/th/sku/60388366,1990,https://www.boonthavorn.com/jupiter-1256300
บานซิงค์คู่ JUPITER Silky Woods 87x10x67 ซม. น้ำตาล,http://spy.price2spy.com/product/510633961,2590,https://www.thaiwatsadu.com/th/sku/60388077,2590,https://www.boonthavorn.com/jupiter-1256356
บานซิงค์คู่ KING PEARL APSSP-2P-D86IR 96x68.8 ซม. สีขาว,http://spy.price2spy.com/product/517908917,2099,https://www.thaiwatsadu.com/th/sku/60172592,2099,https://www.boonthavorn.com/king-1009673
บานซิงค์คู่ KING PEARL APSSP-OA2P-D86 96x68.8 ซม. สีดาร์คโอ๊ค,http://spy.price2spy.com/product/517908941,2490,https://www.thaiwatsadu.com/th/sku/60219820,2490,https://www.boonthavorn.com/king-1043151
บานซิงค์คู่ KING PLATINUM CURVE 96x8.5x68.8 ซม. P1 Matt,http://spy.price2spy.com/product/517908925,2490,https://www.thaiwatsadu.com/th/sku/60358696,2490,https://www.boonthavorn.com/king-1256452
บานซิงค์คู่ KING รุ่น CURVE APSSP-2C-D86IR ขนาด 96 x 68.8 ซม. สีขาว,http://spy.price2spy.com/product/140824097,2099,https://www.thaiwatsadu.com/th/sku/60291119,2099,https://www.boonthavorn.com/king-1105720
บานซิงค์คู่ KING รุ่น NOVA APSSP-2N-D86IR ขนาด 96 x 68.8 ซม. สีขาว,http://spy.price2spy.com/product/159532273,2099,https://www.thaiwatsadu.com/th/sku/60172595,2099,https://www.boonthavorn.com/king-1004967
บานซิงค์คู่ KING รุ่น NOVA APSSP-OA2N-D86 ขนาด 96 x 68.8 ซม. สีดาร์กโอ๊ก,http://spy.price2spy.com/product/159532276,2490,https://www.thaiwatsadu.com/th/sku/60219819,2490,https://www.boonthavorn.com/king-1043152
บานซิงค์คู่ KING โนวา APSSP-PG2N-D86 96x68.8x8.5 ซม. สีเทา,http://spy.price2spy.com/product/466399629,2490,https://www.thaiwatsadu.com/th/sku/60329544,2490,https://www.boonthavorn.com/king-1162109
บานซิงค์คู่ SUPER รุ่น APSSU-2L-WT ขนาด 85 x 65 ซม. สีขาว,http://spy.price2spy.com/product/355862522,899,https://www.thaiwatsadu.com/th/sku/60246204,899,https://www.boonthavorn.com/super-1105766
บานซิงค์คู่ SUPER รุ่น APSSU-2L2-WT ขนาด 85 x 65 ซม. สีขาว,http://spy.price2spy.com/product/193177743,899,https://www.thaiwatsadu.com/th/sku/60311289,899,https://www.boonthavorn.com/super-1105766
บานซิงค์คู่ SUPER รุ่น APSSU4-2L-MH ขนาด 85 x 65 ซม. สีมะฮอกกานี,http://spy.price2spy.com/product/402477286,1350,https://www.thaiwatsadu.com/th/sku/60288470,1350,https://www.boonthavorn.com/super-1105765
บานซิงค์คู่เกล็ด JUPITER Silky Light 87x10x67 ซม. เทา,http://spy.price2spy.com/product/517909097,2090,https://www.thaiwatsadu.com/th/sku/60388316,2090,https://www.boonthavorn.com/jupiter-1256350
บานซิงค์คู่เกล็ดเต็ม JUPITER Silky Teak 87x10x67 ซม. สีสัก,http://spy.price2spy.com/product/517909173,2090,https://www.thaiwatsadu.com/th/sku/60388362,2090,https://www.boonthavorn.com/jupiter-1256316
บานซิงค์คู่เกล็ดเต็ม JUPITER Silky Woods 87x10x67 ซม. น้ำตาล,http://spy.price2spy.com/product/517908957,2790,https://www.thaiwatsadu.com/th/sku/60388073,2790,https://www.boonthavorn.com/jupiter-1256358
บานซิงค์เดี่ยว KING CURVE APSSP-1C-S46IR 50.8x68.8 ซม. สีขาว,http://spy.price2spy.com/product/517909021,1450,https://www.thaiwatsadu.com/th/sku/60291118,1450,https://www.boonthavorn.com/king-1105764
บานซิงค์เดี่ยว KING โนวา APSSP-PG1N-S46 50.8x68.8x8.5 ซม. สีเทา,http://spy.price2spy.com/product/510633973,1630,https://www.thaiwatsadu.com/th/sku/60329542,1630,https://www.boonthavorn.com/king-1162107
บานซิงค์เดี่ยว SUPER รุ่น APSSU-1L-WT ขนาด 45 x 65 ซม. สีขาว,http://spy.price2spy.com/product/355862562,615,https://www.thaiwatsadu.com/th/sku/60246206,615,https://www.boonthavorn.com/super-1105767
บานถังแก็ส JUPITER Silky Brown 57x74 cm. สีน้ำตาล,http://spy.price2spy.com/product/490368821,1690,https://www.thaiwatsadu.com/th/sku/60406349,1690,https://www.boonthavorn.com/jupiter-1256400
บานเดี่ยว JUPITER Silky Brown 47x67 cm. สีน้ำตาล,http://spy.price2spy.com/product/490368817,1490,https://www.thaiwatsadu.com/th/sku/60406347,1490,https://www.boonthavorn.com/jupiter-1256401
สายยางแก๊ส TECNO STAR รุ่น TNS GH 150 B ยาว 1.5 เมตร สีดำ,http://spy.price2spy.com/product/402477274,172,https://www.thaiwatsadu.com/th/sku/60202670,180,https://www.boonthavorn.com/tecnogas-1030007
หัวปรับแรงดันต่ำ MEX รุ่น SPR37S ขนาด 10 ซม. สีเทา,http://spy.price2spy.com/product/402477262,455,https://www.thaiwatsadu.com/th/sku/60206251,455,https://www.boonthavorn.com/mex-1029129
หัวปรับแรงดันต่ำเซฟตี้พร้อมสายแก๊สยาว 2 เมตร LUCKY FLAME รุ่น L-336SBP สีเขียว,http://spy.price2spy.com/product/511390633,690,https://www.thaiwatsadu.com/th/sku/60395760,590,https://www.boonthavorn.com/lucky-flame-1251449
อ่างล้างจานขาตั้ง 1 หลุม 1 ที่พัก MESTER PSR75 75 ซม. สีสเตนเลส,http://spy.price2spy.com/product/529278477,1990,https://www.thaiwatsadu.com/th/sku/60420377,1990,https://www.boonthavorn.com/mex-1261328
อ่างล้างจานขาตั้ง 1 หลุม 1 ที่พัก TECNO STAR รุ่น TNS STT 10050 ขนาด 100 x 50 x 82 ซม. สีสเตนเลส,http://spy.price2spy.com/product/159532204,1990,https://www.thaiwatsadu.com/th/sku/60269299,2590,https://www.boonthavorn.com/tecnogas-1082721
อ่างล้างจานขาตั้ง 1 หลุม 1 ที่พัก TECNOPLUS รุ่น TNP STT 7540 ขนาด 75 ซม. สีสเตนเลส,http://spy.price2spy.com/product/159532222,1790,https://www.thaiwatsadu.com/th/sku/60288442,1790,https://www.boonthavorn.com/tecnogas-1144315
อ่างล้างจานขาตั้ง 2 หลุม 1 ที่พัก STRONGA รุ่น STS-1256 ขนาด 120 x 50 x 82 ซม. สีสเตนเลส,http://spy.price2spy.com/product/511390741,3990,https://www.thaiwatsadu.com/th/sku/60300523,3990,https://www.boonthavorn.com/lucky-flame-1130550?page=1
อ่างล้างจานฝัง 1 หลุม 1 ที่พัก 100 ซม. MEX รุ่น ELB101BM,http://spy.price2spy.com/product/511390657,3490,https://www.thaiwatsadu.com/th/sku/60405726,3490,https://www.boonthavorn.com/mex-1251444
อ่างล้างจานฝัง 1 หลุม 1 ที่พัก MESTER DSX100 100 ซม. สีสเตนเลส,http://spy.price2spy.com/product/453091233,1890,https://www.thaiwatsadu.com/th/sku/60376275,1890,https://www.boonthavorn.com/mex-1221891
อ่างล้างจานฝัง 1 หลุม 1 ที่พัก TECNO STAR รุ่น TNS 11100 ST ขนาด 100 x 50 x 20 ซม. สีสเตนเลส,http://spy.price2spy.com/product/140824085,2290,https://www.thaiwatsadu.com/th/sku/60229591,2290,https://www.boonthavorn.com/tecnogas-1042807
อ่างล้างจานฝัง 1 หลุม 1 ที่พัก TECNO STAR รุ่น TNS HM 1050 SS ขนาด 100 x 50 x 15 ซม. สีสเตนเลส,http://spy.price2spy.com/product/159532225,1590,https://www.thaiwatsadu.com/th/sku/60194683,1590,https://www.boonthavorn.com/tecnogas-1042855
อ่างล้างจานฝัง 1 หลุม 1 ที่พัก TECNOPLUS TNP CROWN 100 S 100 ซม. สีสเตนเลส,http://spy.price2spy.com/product/474252641,2790,https://www.thaiwatsadu.com/th/sku/60392262,2790,https://www.boonthavorn.com/tecnogas-1249388
อ่างล้างจานฝัง 1 หลุม 1 ที่พัก TECNOPLUS รุ่น TNP SD 1075 ขนาด 74 x 44 x 12 ซม. สีสเตนเลส,http://spy.price2spy.com/product/372878298,1290,https://www.thaiwatsadu.com/th/sku/60173731,1290,https://www.boonthavorn.com/tecnogas-1009802
อ่างล้างจานฝัง 1 หลุม 1 ที่พัก TEKA TX 1B 1D 100 ซม. สีสเตนเลส,http://spy.price2spy.com/product/440784973,2990,https://www.thaiwatsadu.com/th/sku/60272819,2990,https://www.boonthavorn.com/teka-1083013
อ่างล้างจานฝัง 1 หลุม 80 ซม. TECNOPLUS รุ่น TNP 805022 BLACK สีดำ,http://spy.price2spy.com/product/511390785,5990,https://www.thaiwatsadu.com/th/sku/60407735,5990,https://www.boonthavorn.com/tecnogas-1252458
อ่างล้างจานฝัง 1 หลุม AXIA PP 6248 62 ซม. สีสเตนเลส,http://spy.price2spy.com/product/444084545,1290,https://www.thaiwatsadu.com/th/sku/60384307,1290,https://www.boonthavorn.com/axia-1227202?page=1
อ่างล้างจานฝัง 2 หลุม 1 ที่พัก MESTER รุ่น MSX120 ขนาด 120 ซม. สเตนเลส,http://spy.price2spy.com/product/444084593,2390,https://www.thaiwatsadu.com/th/sku/60376280,2390,https://www.boonthavorn.com/mex-1221828
อ่างล้างจานฝัง 2 หลุม 1 ที่พัก MEX ELB230BM 130 ซม. สีสเตนเลส,http://spy.price2spy.com/product/490368785,4690,https://www.thaiwatsadu.com/th/sku/60405727,4990,https://www.boonthavorn.com/mex-1251445
อ่างล้างจานฝัง 2 หลุม 1 ที่พัก MEX รุ่น MSA200B ขนาด 120 x 50 x 16.8 ซม สีสเตนเลส,http://spy.price2spy.com/product/159532237,3890,https://www.thaiwatsadu.com/th/sku/60317255,3890,https://www.boonthavorn.com/mex-1143208
อ่างล้างจานฝัง 2 หลุม 1 ที่พัก MEX รุ่น SCD1202 ขนาด 120 ซม. สีสเตนเลส,http://spy.price2spy.com/product/301654258,12900,https://www.thaiwatsadu.com/th/sku/60317607,12900,https://www.boonthavorn.com/mex-1142521
อ่างล้างจานฝัง 2 หลุม 1 ที่พัก TECNOPLUS รุ่น TNP 120.02 ขนาด 120 ซม. สีสเตนเลส,http://spy.price2spy.com/product/159532210,3190,https://www.thaiwatsadu.com/th/sku/60297957,3190,https://www.boonthavorn.com/tecnogas-1100382
อ่างล้างจานฝัง 2 หลุม 1 ที่พัก TECNOPLUS รุ่น TNP 1205021 S ขนาด 120 ซม. สีสเตนเลส,http://spy.price2spy.com/product/402477258,3990,https://www.thaiwatsadu.com/th/sku/60319431,3990,https://www.boonthavorn.com/tecnogas-1144312
อ่างล้างจานฝัง 2 หลุม 1 ที่พักขวา TEKA TQB R10 2B 1D-L 120 ซม. สีสเตนเลส,http://spy.price2spy.com/product/517908869,10900,https://www.thaiwatsadu.com/th/sku/60302412,10900,https://www.boonthavorn.com/teka-1114430
อ่างล้างจานฝัง 2 หลุม TEKA T PLUS 2B 100 ซม. สีสเตนเลส,http://spy.price2spy.com/product/453091221,3590,https://www.thaiwatsadu.com/th/sku/60320193,3990,https://www.boonthavorn.com/teka-1148924
เครื่องดูดควันกระโจม AXIA HERO KNIGHT 90 90 ซม. สีดำ,http://spy.price2spy.com/product/537486233,8590,https://www.thaiwatsadu.com/sku/60384023,8590,https://www.boonthavorn.com/axia-1227236
เครื่องดูดควันกระโจม MESTER MC390BV 89.5 ซม สีดำ,http://spy.price2spy.com/product/490368989,4990,https://www.thaiwatsadu.com/th/sku/60406634,4990,https://www.boonthavorn.com/mester-1254857
เครื่องดูดควันกระโจม MESTER MT390B 90 ซม. สีดำ,http://spy.price2spy.com/product/479554149,4990,https://www.thaiwatsadu.com/th/sku/60407350,4990,https://www.boonthavorn.com/mester-1254859
เครื่องดูดควันกระโจม MEX K638BFX90 90 ซม. สีสเตนเลส,http://spy.price2spy.com/product/444084569,15900,https://www.thaiwatsadu.com/th/sku/60326996,15900,https://www.boonthavorn.com/mex-1158483
เครื่องดูดควันกระโจม TECNO STAR รุ่น TNS HD 90MA-B ขนาด 89.5 ซม. สีดำ,http://spy.price2spy.com/product/444084521,9900,https://www.thaiwatsadu.com/th/sku/60373109,9900,https://www.boonthavorn.com/tecnogas-1219223?page=1
เครื่องดูดควันกระโจม TECNOSTAR TNS HD 90 MC/B 89.5 ซม. สีดำ,http://spy.price2spy.com/product/511390717,11900,https://www.thaiwatsadu.com/th/sku/60401564,11900,https://www.boonthavorn.com/tecnogas-1252455
เครื่องดูดควันมาตรฐาน MEX 2950X90 90 ซม. สีสเตนเลส,http://spy.price2spy.com/product/490368793,5990,https://www.thaiwatsadu.com/th/sku/60334515,5990,https://www.boonthavorn.com/mex-1212792
เตาฐานกระจกนิรภัย 2 หัวเตาแก๊สทองเหลือง MEX รุ่น V7825C สีเงิน,http://spy.price2spy.com/product/308851214,9990,https://www.thaiwatsadu.com/th/sku/60271656,9990,https://www.boonthavorn.com/mex-1084081
เตาฝังกระจก 2 หัวแก๊ส MESTER รุ่น MV3732 ขนาด 73 ซม. สีดำ,http://spy.price2spy.com/product/511390641,3990,https://www.thaiwatsadu.com/th/sku/60405881,3990,https://www.boonthavorn.com/mester-1255498
เตาฝังกระจกเซรามิก 2 หัวแก๊ส MEX รุ่น V2732M ขนาด 73 ซม. สีดำ,http://spy.price2spy.com/product/402477266,4990,https://www.thaiwatsadu.com/th/sku/60374141,4990,https://www.boonthavorn.com/mex-1220649
เตาฝังกระจกเซรามิค 3 หัว TEKA IBF 63210 SSS BK 59 ซม. สีดำ,http://spy.price2spy.com/product/529278485,14900,https://www.thaiwatsadu.com/sku/60421166,15900,https://www.boonthavorn.com/teka-1255188
เตาฝังสเตนเลส 2 หัวแก๊ส MESTER MS3732 73 ซม. สีสเตนเลส,http://spy.price2spy.com/product/529278801,3990,https://www.thaiwatsadu.com/sku/60413030,3990,https://www.boonthavorn.com/mester-1257800
เตาฝังสเตนเลสแก๊ส 2 หัว Teka GTS 76 2G 75 ซม. สีสเตนเลส,http://spy.price2spy.com/product/537486121,8900,https://www.thaiwatsadu.com/sku/60344015,8990,https://www.boonthavorn.com/teka-1160652
เตาฝังสเตนเลสแก๊ส 2 หัว Teka Linea S72 2G AI AL 2TR 75 ซม. สีสเตนเลส,http://spy.price2spy.com/product/537486165,3990,https://www.thaiwatsadu.com/sku/60327844,3990,https://www.boonthavorn.com/teka-1160653
เตาอบฝัง MEX VRM9651B 65 ลิตร สีสเตนเลส,http://spy.price2spy.com/product/448606209,14900,https://www.thaiwatsadu.com/th/sku/60331808,14900,https://www.boonthavorn.com/mex-1226395?page=1
เตาอบแก๊สตั้งพื้น MEX CMG469X 65 ลิตร สีสเตนสเลส,http://spy.price2spy.com/product/444084577,27900,https://www.thaiwatsadu.com/th/sku/60370776,27900,https://www.boonthavorn.com/mex-1219484
เตาอบแบบฝัง TECNOPLUS รุ่น TNP MN 705 B ขนาด 59.5 x 55 x 59.5 ซม. สีสเตนเลส,http://spy.price2spy.com/product/159533887,9900,https://www.thaiwatsadu.com/th/sku/60307562,9900,https://www.boonthavorn.com/tecnogas-1127108?page=1
เตาแก๊สกระจกตั้งโต๊ะ 1 หัวแก๊ส 1 หัวอินฟาเรด MEX รุ่น PC6892IG ขนาด 72 ซม. สีดำ,http://spy.price2spy.com/product/159532243,2990,https://www.thaiwatsadu.com/th/sku/60284882,2990,https://www.boonthavorn.com/mex-1089556
เตาแก๊สกระจกตั้งโต๊ะ 2 หัวเตา TEKA LINEA FGG 2G 90 LBB 67 ซม. สีดำ,http://spy.price2spy.com/product/536667485,1890,https://www.thaiwatsadu.com/th/sku/60423238,1890,https://www.boonthavorn.com/teka-1263679
เตาแก๊สกระจกตั้งโต๊ะ 2 หัวแก๊ส Axia JAGUAR 72 ซม. สีดำ,http://spy.price2spy.com/product/474252637,2990,https://www.thaiwatsadu.com/th/sku/60368542,2990,https://www.boonthavorn.com/axia-1158794
เตาแก๊สกระจกตั้งโต๊ะ 2 หัวแก๊ส LUCKY FLAME AG-102S 70 ซม. สีดำ,http://spy.price2spy.com/product/448606225,3490,https://www.thaiwatsadu.com/th/sku/60229198,3250,https://www.boonthavorn.com/lucky-flame-1064316
เตาแก๊สกระจกตั้งโต๊ะ 2 หัวแก๊ส Lucky Flame AI-102 68 ซม. สีเทา,http://spy.price2spy.com/product/490368797,2990,https://www.thaiwatsadu.com/th/sku/60395759,2990,https://www.boonthavorn.com/lucky-flame-1251450
เตาแก๊สกระจกตั้งโต๊ะ 2 หัวแก๊ส MESTER PCM1608 72 ซม. สีดำ,http://spy.price2spy.com/product/471946781,1990,https://www.thaiwatsadu.com/th/sku/60341306,1990,https://www.boonthavorn.com/mex-1217265?page=1
เตาแก๊สกระจกตั้งโต๊ะ 2 หัวแก๊ส MEX รุ่น PC727CB ขนาด 72 ซม. สีดำ,http://spy.price2spy.com/product/308851218,2990,https://www.thaiwatsadu.com/th/sku/60273306,2990,https://www.boonthavorn.com/mex-1086931
เตาแก๊สสเตนเลสตั้งโต๊ะ 2 หัวแก๊ส LUCKY FLAME รุ่น HQ-102/S ขนาด 72 ซม. สีสเตนเลส,http://spy.price2spy.com/product/428366086,2890,https://www.thaiwatsadu.com/th/sku/60044195,2990,https://www.boonthavorn.com/lucky-flame-1187594
เตาแก๊สสเตนเลสตั้งโต๊ะ 2 หัวแก๊ส TECNO STAR รุ่น TNS G 01 ขนาด 73.5 x 38.5 x 11 ซม. สีสเตนเลส,http://spy.price2spy.com/product/159532234,2490,https://www.thaiwatsadu.com/th/sku/60122859,2490,https://www.boonthavorn.com/tecnogas-1087657
เตาไฟฟ้าฐานเซรามิก MEX รุ่น HVH632N ขนาด 51 x 28.8 x 4.3 ซม. สีดำ,http://spy.price2spy.com/product/301654214,7690,https://www.thaiwatsadu.com/th/sku/60302894,7990,https://www.boonthavorn.com/smeg-1114150
โต๊ะวางเตาคู่ MESTER SH 8071-1 80 ซม. สีสเตนเลส,http://spy.price2spy.com/product/444084597,2690,https://www.thaiwatsadu.com/th/sku/60354140,3500,https://www.boonthavorn.com/mex-1192124?page=1
,,,,,
