Product_name,Thaiwatsadu_price,Thaiwatsadu_link,MegaHomeTH_price,MegaHomeTH_link
???????? BARCO ???? AAA ???? 1 ?????,215,https://www.thaiwatsadu.com/th/sku/60001580,235,https://www.megahome.co.th/p/15098
???????? BARCO ???? AAA ???? 11 ??. (????),830,https://www.thaiwatsadu.com/th/sku/60001575,920,https://www.megahome.co.th/p/15099
???????? Barco ???? AAA ???? ???????,45,https://www.thaiwatsadu.com/th/sku/60001595,69,https://www.megahome.co.th/p/15097
???????? SHARK ??????????? ???? 2.3 ??. ???? (#0TUR),170,https://www.thaiwatsadu.com/th/sku/60001739,195,https://www.megahome.co.th/p/15075
???????? SHARK ??????????? ???? 0TUR,40,https://www.thaiwatsadu.com/th/sku/60001746,55,https://www.megahome.co.th/p/15074
???????? SHARK ???????? ???? 11 ??. ???? (#0TUR),790,https://www.thaiwatsadu.com/th/sku/60001730,1109,https://www.megahome.co.th/p/15076
???????????????????? REPAINT ???? 2000 ???? 5 ?????? ?????,2950,https://www.thaiwatsadu.com/th/sku/60165342,2950,https://www.megahome.co.th/p/266430
????? UPVC Eco Door PB1 70x200 cm. ????????????????????? ??????????,1590,https://www.thaiwatsadu.com/th/sku/60412569,1590,https://www.megahome.co.th/p/1242180
??????????? uPVC ECO DOOR ???? TLW ???? 70 x 200 ??. ????? (??????????),1690,https://www.thaiwatsadu.com/th/sku/60387831,1690,https://www.megahome.co.th/p/1234741
??????????? uPVC ECO DOOR ???? TLW ???? 80 x 200 ??. ????? (??????????),1690,https://www.thaiwatsadu.com/th/sku/60387911,1690,https://www.megahome.co.th/p/1200774
??????????? uPVC ECO DOOR ???? UPVC2 ???? 80 x 200 ??. ????? (?????????????),2490,https://www.thaiwatsadu.com/th/sku/60255374,2490,https://www.megahome.co.th/p/1242201
??????????? uPVC ECO DOOR ???? UPVC2C ???? 80 x 200 ??. ????? (?????????????),2490,https://www.thaiwatsadu.com/th/sku/60255377,2490,https://www.megahome.co.th/p/1242195
?????????? uPVC ECO DOOR ???? PG2 ???? 70 x 200 ??. ????? (??????????),1590,https://www.thaiwatsadu.com/th/sku/60368107,1790,https://www.megahome.co.th/p/1200647
?????????? UPVC ECO-DOOR ???? PD1 70x200 cm ?????????????? (??????????),1490,https://www.thaiwatsadu.com/th/sku/60416137,1490,https://www.megahome.co.th/p/1242188
?????????? UPVC ECO-DOOR ???? PE2 80x200 cm ?????,1990,https://www.thaiwatsadu.com/th/sku/60416135,1990,https://www.megahome.co.th/p/1225282
????????????????????????? FRAMEX ???? 2 ???+???? SS ???? 160 x 205 ??. ?????,6570,https://www.thaiwatsadu.com/th/sku/60277551,6570,https://www.megahome.co.th/p/1128473
????????????????????????? FRAMEX ???? 2 ???+???? SS ???? 200 x 205 ??. ?????,7430,https://www.thaiwatsadu.com/th/sku/60277552,7430,https://www.megahome.co.th/p/1164088
????????????????????????? FRAMEX ???? 2 ???+???? SS ???? 200 x 205 ??. ????,7690,https://www.thaiwatsadu.com/th/sku/60277559,8090,https://www.megahome.co.th/p/1164089
????????????????? CAPTAIN ???? Super Nano ???? 2.5 ?????? ?????,1270,https://www.thaiwatsadu.com/th/sku/60281732,1370,https://www.megahome.co.th/p/1084277
????????? uPVC ECO DOOR ???? UR-100 ???? 70 x 200 ??. ?????,790,https://www.thaiwatsadu.com/th/sku/60368109,790,https://www.megahome.co.th/p/1200636
????????? uPVC ECO DOOR ???? UR-100 ???? 80 x 200 ??. ?????,790,https://www.thaiwatsadu.com/th/sku/60368112,790,https://www.megahome.co.th/p/1200646
????????? WPC ECO DOOR ???? OVSM-100 ???? 80 x 200 ??. ??????,990,https://www.thaiwatsadu.com/th/sku/60281123,1190,https://www.megahome.co.th/p/1110489
????????? WPC ECO DOOR ???? WR-100 ???? 80 x 200 ??. ?????,990,https://www.thaiwatsadu.com/th/sku/60345723,990,https://www.megahome.co.th/p/1200635
????????? WPC ECO DOOR ???? WVSM-100 ???? 70 x 200 ??. ?????,990,https://www.thaiwatsadu.com/th/sku/60262060,990,https://www.megahome.co.th/p/1194269
????????? WPC ECO DOOR ???? WVSM-100 ???? 80 x 200 ??. ?????,990,https://www.thaiwatsadu.com/th/sku/60262061,990,https://www.megahome.co.th/p/1110609
???????????? Delight BEGER I-4444 ???? 5 ????? ?? Smoky White,1480,https://www.thaiwatsadu.com/th/sku/60151880,1560,https://www.megahome.co.th/p/1119435
???????????? Delight BEGER ???? I-3333 ???? 5 ????? ?????,1380,https://www.thaiwatsadu.com/th/sku/60114195,1540,https://www.megahome.co.th/p/1119436
???????????? ?????? CAPTAIN ???? LONGLIFE SHIELD+ ???? 2.5 ?????? ????? A,1480,https://www.thaiwatsadu.com/th/sku/60399960,1480,https://www.megahome.co.th/p/1249239
???????????? ?????? NIPPON ???? ???????????? ???? 2.5 ?????? ????? A,999,https://www.thaiwatsadu.com/th/sku/60381992,1050,https://www.megahome.co.th/p/1236126
???????????? ?????? NIPPON ???? ????????? ???? 2.5 ?????? ????? A,1430,https://www.thaiwatsadu.com/th/sku/60293824,1430,https://www.megahome.co.th/p/1097900
????????????? JBP SG ???? FUTURESHIELD ???? 2.5 ?????? ????? A,2109,https://www.thaiwatsadu.com/th/sku/60303261,2109,https://www.megahome.co.th/p/1047666
????????????? SG JBP ???? FUTURESHIELD ???? 2.5 ?????? ????? B,2059,https://www.thaiwatsadu.com/th/sku/60303285,2830,https://www.megahome.co.th/p/1047469
????????????? SG JBP ???? FUTURESHIELD ???? 2.5 ?????? ????? C,1890,https://www.thaiwatsadu.com/th/sku/60303286,2039,https://www.megahome.co.th/p/1060226
????????????? SG JBP ???? SMART COAT ???? 2.5 ?????? ????? A,1169,https://www.thaiwatsadu.com/th/sku/60303307,1319,https://www.megahome.co.th/p/1047600
????????????? SH JBP FUTURESHIELD ???? 2.5 ?????? ????? A,1950,https://www.thaiwatsadu.com/th/sku/60303290,1950,https://www.megahome.co.th/p/1047579
????????????? ??????? DULUX ???? ???????????? ????????????? ???? 9 ???? ????? A #PFSG,2450,https://www.thaiwatsadu.com/th/sku/60267827,2620,https://www.megahome.co.th/p/1030422
????????????? ??????? DULUX ???? ????????????? ???????? ???? 9 ???? ????? A,1989,https://www.thaiwatsadu.com/th/sku/60363150,2050,https://www.megahome.co.th/p/1193009
????????????? ????? DULUX ???? ????????????? ???????? ???? 9 ???? ????? A,1930,https://www.thaiwatsadu.com/th/sku/60363187,1980,https://www.megahome.co.th/p/1193012
???????????????????????? DULUX SUPERCOTE NANOTEX ???? 9 ???? A915 ??? A,1270,https://www.thaiwatsadu.com/th/sku/60233486,1360,https://www.megahome.co.th/p/1017405
???????????? ??????? DULUX ??????? ????????? ???? ???? 9 ???? ????? A #A909Plus,1795,https://www.thaiwatsadu.com/th/sku/60269510,1810,https://www.megahome.co.th/p/1029536
??????????? NIPPON ???? ???????????? ??????? ???? 9 ???? ??? A,2050,https://www.thaiwatsadu.com/th/sku/60336113,2280,https://www.megahome.co.th/p/1170102
??????????? NIPPON ???? ???????????? ????? ???? 9 ???? ??? A,2030,https://www.thaiwatsadu.com/th/sku/60336105,2030,https://www.megahome.co.th/p/1170148
??????????? ??????? DELTA ???? Deltashield+ ???? 2.5 ?????? ????? A,1920,https://www.thaiwatsadu.com/th/sku/60294000,1920,https://www.megahome.co.th/p/1099881
??????????? ??????? JBP ???? Smart Shield-X ???? 2.5 ?????? ????? A,1599,https://www.thaiwatsadu.com/th/sku/60403996,1599,https://www.megahome.co.th/p/1250408
??????????? ??????????? BEGER ???? BEN-TONE PLUS ???? 5 ?????? ?? Cool White #SG-001,1700,https://www.thaiwatsadu.com/th/sku/60394552,2335,https://www.megahome.co.th/p/1246543
??????????? ??????????? BEGER ???? ??? ??????? #4400 ???? 5 ?????? ?????,2600,https://www.thaiwatsadu.com/th/sku/60331595,2750,https://www.megahome.co.th/p/222550
??????????? ??????????? DELTA ???? Shield 4D ???? 2.5 ?????? ????? A,1618,https://www.thaiwatsadu.com/th/sku/60376906,1620,https://www.megahome.co.th/p/1224471
??????????? ??????????? DULUX ???? INSPIRE ???? 9 ???? ????? A,1435,https://www.thaiwatsadu.com/th/sku/60404003,1720,https://www.megahome.co.th/p/1246634
??????????? ???? JOTUN ???????????????????????? ???? 9 ???? ????? A,2485,https://www.thaiwatsadu.com/th/sku/60343953,2605,https://www.megahome.co.th/p/1173770
??????????? ???? JOTUN ???????????????????????? ???? 9 ???? ????? B,2250,https://www.thaiwatsadu.com/th/sku/60343955,2350,https://www.megahome.co.th/p/1173690
??????????? ???? NIPPON ???? ???????? 99 ???? 17.5 ????. ?? 900 ???,993,https://www.thaiwatsadu.com/th/sku/60193816,1050,https://www.megahome.co.th/p/1022249
?????????????????? CAPTAIN ???? MARK ???? 5 ?????? ????? (M910),1690,https://www.thaiwatsadu.com/th/sku/60327742,1950,https://www.megahome.co.th/p/1234089
?????????????????? JOTUN ???? JOTASHIELD AF ???? 9 ???? ????? A,2430,https://www.thaiwatsadu.com/th/sku/60222798,2430,https://www.megahome.co.th/p/1103963
?????????????????? JOTUN ???? JOTASHIELD AF ???? 9 ???? ????? B,2290,https://www.thaiwatsadu.com/th/sku/60222800,2435,https://www.megahome.co.th/p/1103944
?????????????????? JOTUN ???? JOTASHIELD AF ???? 9 ???? ????? C,2190,https://www.thaiwatsadu.com/th/sku/60222802,2320,https://www.megahome.co.th/p/1104245
?????????????????? JOTUN ???? TOUGH SHIELD MAX ???? 2.5 ?????? ????? A,1790,https://www.thaiwatsadu.com/th/sku/60364246,1790,https://www.megahome.co.th/p/1195103
?????????????????? JOTUN ???? TOUGH SHIELD ???? 2.5 ?????? ????? A,1590,https://www.thaiwatsadu.com/th/sku/60364353,1590,https://www.megahome.co.th/p/1195079
?????????? NIPPON ???? ???????? ??????? ???? 2.5 ?????? ????? A,1730,https://www.thaiwatsadu.com/th/sku/60336012,1980,https://www.megahome.co.th/p/1170419
?????????? ??????????? BEGER ???? ???????????? ????? ????????????? ???? 9 ???? ????? A,1200,https://www.thaiwatsadu.com/th/sku/60386126,1270,https://www.megahome.co.th/p/1247077
?????????? ??????????? DULUX ???? INSPIRE ???? 9 ???? ????? A,1265,https://www.thaiwatsadu.com/th/sku/60404037,1400,https://www.megahome.co.th/p/1246593
?????????? ??????????? JOTUN ???? Essence Cover Plus ???? 9 ???? ????? A,1550,https://www.thaiwatsadu.com/th/sku/60331247,1590,https://www.megahome.co.th/p/1165080
?????????? ????????? JOTUN ???? Majestic Sense ???? 2.5 ?????? ????? A,2710,https://www.thaiwatsadu.com/th/sku/60375475,2840,https://www.megahome.co.th/p/1220716
?????????? ???? JOTUN ???? JOTAPLAST ???? 9 ???? ????? A,710,https://www.thaiwatsadu.com/th/sku/60326007,710,https://www.megahome.co.th/p/1157909
????????????????? BEGER ???????????? ???? ???????? ??????????? ????? ????? 15+ ???? 9 ???? ????? A,1780,https://www.thaiwatsadu.com/th/sku/60324898,2000,https://www.megahome.co.th/p/1157804
????????????????? CAPTAIN ???? Freshiclean ???? 2.5 ?????? ?? ??? A,1830,https://www.thaiwatsadu.com/th/sku/60237296,1880,https://www.megahome.co.th/p/1018111
????????????????? JOTUN ???? ESSENCE EASY CLEAN SEMIGLOSS ???? 2.5 ?????? ????? A,1350,https://www.thaiwatsadu.com/th/sku/60254089,1350,https://www.megahome.co.th/p/1042185
????????????????? JOTUN ???? MAJESTIC TRUE BEAUTY ???? 2.5 ?????? ????? A,2025,https://www.thaiwatsadu.com/th/sku/60243327,2130,https://www.megahome.co.th/p/1146419
????????????? ??????? BEGER ???? ??????????????????? ???? 9 ???? ????? A,1370,https://www.thaiwatsadu.com/th/sku/60262265,1390,https://www.megahome.co.th/p/1057856
????????????? ??????? BEGER ???? ??????????????????? ???? 9 ???? ????? B,1272,https://www.thaiwatsadu.com/th/sku/60262266,1540,https://www.megahome.co.th/p/1057857
???????????????????? BEGER ???? ?????????????????????? ???? 10 ?? ???? 9 ???? ????? A,1550,https://www.thaiwatsadu.com/th/sku/60142868,1670,https://www.megahome.co.th/p/238016
???????????????????? BEGER ???? ?????????????????????? ???? 10 ?? ???? 9 ???? ????? B,1410,https://www.thaiwatsadu.com/th/sku/60142869,1890,https://www.megahome.co.th/p/238018
???????????????????? BEGER ???? ?????????????????????? ???? 10 ?? ???? 9 ???? ????? C,1410,https://www.thaiwatsadu.com/th/sku/60142870,1760,https://www.megahome.co.th/p/238020
???????????????????? BEGER ???? ?????????????????????? ???? 10 ?? ???? 9 ???? ????? D,1110,https://www.thaiwatsadu.com/th/sku/60142871,1420,https://www.megahome.co.th/p/238022
???????????????????? BEGER ???? ?????????????????????? ???? 15 ?? ???? 9 ???? ????? A,2210,https://www.thaiwatsadu.com/th/sku/60262249,2450,https://www.megahome.co.th/p/1050126
???????????????????? BEGER ???? ?????????????????????? ???? 15 ?? ???? 9 ???? ????? B,2310,https://www.thaiwatsadu.com/th/sku/60262250,2790,https://www.megahome.co.th/p/1050136
???????????????????? BEGER ???? ?????????????????????? ???? 15 ?? ???? 9 ???? ????? C,2170,https://www.thaiwatsadu.com/th/sku/60262251,2650,https://www.megahome.co.th/p/1050212
???????????????????? BEGER ???? ?????????????????????? ???? 15 ?? ???? 9 ???? ????? D,1900,https://www.thaiwatsadu.com/th/sku/60262252,2690,https://www.megahome.co.th/p/1050056
???????????????????? NATIONAL SHIELD ???? ??? A ???? 2.5 ?????? ????? A,1218,https://www.thaiwatsadu.com/th/sku/60284265,1249,https://www.megahome.co.th/p/1099871
???????????????????? ?????? BEGER ???? ?????????????????????? ???? 15 ?? ???? 9 ???? ?????????????,2250,https://www.thaiwatsadu.com/th/sku/60373366,2250,https://www.megahome.co.th/p/1220581
?????????????????? BEGER ???? ?????????????????????? ???? 15 ?? ???? 9 ???? ????? A,1865,https://www.thaiwatsadu.com/th/sku/60262257,2450,https://www.megahome.co.th/p/1050126
?????????????????????????? NIPPON ???? HYBRIDSHIELD SG ???? 2.5 ?????? ????? A,1580,https://www.thaiwatsadu.com/th/sku/60316887,1580,https://www.megahome.co.th/p/1142432
??????? ??????? DELTA ???? Clean & Care ???? 2.5 ?????? ????? A,1280,https://www.thaiwatsadu.com/th/sku/60302686,1309,https://www.megahome.co.th/p/1165369
????????????????????????? NIPPON ???? HYBRIDSHIELD SG ???? 2.5 ?????? ????? A,1420,https://www.thaiwatsadu.com/th/sku/60316874,1420,https://www.megahome.co.th/p/1142340
???????????????? Kobe ???? 1 ????? ?????,275,https://www.thaiwatsadu.com/th/sku/60154186,350,https://www.megahome.co.th/p/283993
???????????????? Kobe ???? 5 ????? ?????,1370,https://www.thaiwatsadu.com/th/sku/60154184,1410,https://www.megahome.co.th/p/283995
??????????????????? NATIONAL ???? 1660 ???? 5 ????? ?????,1050,https://www.thaiwatsadu.com/th/sku/60120182,1140,https://www.megahome.co.th/p/1119484
??????????????????????? DELTA ???????????????????? ???? 2.5 ?????? ?????,1200,https://www.thaiwatsadu.com/th/sku/60312088,1200,https://www.megahome.co.th/p/1127042
??????????????????????? JBP ???? Supreme Primer ???? 15 ???? ????? #2900,2599,https://www.thaiwatsadu.com/th/sku/60376646,2599,https://www.megahome.co.th/p/1224928
??????????????????????? ??????? DULUX ???????????????? ?????????????? ???? 9 ???? ?????,1490,https://www.thaiwatsadu.com/th/sku/60343961,1590,https://www.megahome.co.th/p/1173756
??????????????????????? ?????????? JBP ???? Multipurpose Primer ???? 5 ?????? ????? #2000,2950,https://www.thaiwatsadu.com/th/sku/60396044,2950,https://www.megahome.co.th/p/1237113
?????????????????????????????? BEGER ???? BEN-TONE PLUS ???? 5 ?????? ????? #BT-1000,1130,https://www.thaiwatsadu.com/th/sku/60394555,1190,https://www.megahome.co.th/p/1246524
???????????????? DULUX ???? ???????????????????????? 1000 ???? 5 ?????? ?? A5421000 ???,2750,https://www.thaiwatsadu.com/th/sku/60117399,2750,https://www.megahome.co.th/p/245704
???????????????? ?????????? NIPPON ???? ???????? ??? ???? 10 ??. ?????,1180,https://www.thaiwatsadu.com/th/sku/60281308,1290,https://www.megahome.co.th/p/1085484
???????????????? ?????????? NIPPON ???? ???????? ??? ???? 20 ??. ?????,2090,https://www.thaiwatsadu.com/th/sku/60207245,2090,https://www.megahome.co.th/p/290960
???????????????? DELTA ??????????????????? ???? 2.5 ?????? ?????,1530,https://www.thaiwatsadu.com/th/sku/60312102,1569,https://www.megahome.co.th/p/1127043
???????????????? DULUX ???? ?????????????? 1010 ???? 5 ????? ?????,2565,https://www.thaiwatsadu.com/th/sku/60207269,2750,https://www.megahome.co.th/p/1000340
???????????????? HOMECOTE ???? 5 ????? ?? 0000 ???,940,https://www.thaiwatsadu.com/th/sku/60184893,1150,https://www.megahome.co.th/p/1231878
???????????????? JBP ???? SUPREME PRIMER ???? 2.5 ?????? ?????,1599,https://www.thaiwatsadu.com/th/sku/60303318,2599,https://www.megahome.co.th/p/1224928
???????????????? JOTUN ???? ????????? ???? 5 ????? ?????,2880,https://www.thaiwatsadu.com/th/sku/60000400,3290,https://www.megahome.co.th/p/180397
???????????????? NIPPON ???? ???????? 99 ???? 17.5 ????. ?????,1130,https://www.thaiwatsadu.com/th/sku/60193804,1190,https://www.megahome.co.th/p/240744
??????????????????????? BEGER ???? ??? 100 ???? 5 ????? ?????,2030,https://www.thaiwatsadu.com/th/sku/60243493,2170,https://www.megahome.co.th/p/1119040
?????????????????????????? JBP ???? AAA 2in1 ???? 1 ?????? ???? #G8002,548,https://www.thaiwatsadu.com/th/sku/60361541,590,https://www.megahome.co.th/p/1191632
???????????? JOTUN ???? PENGUARD ENAMEL COM B ???? 0.6 ???? ????,220,https://www.thaiwatsadu.com/th/sku/60330986,220,https://www.megahome.co.th/p/1177846
??????????????? 2 in 1 HERO ???? H2-888 ???? 1 ?????? ????,540,https://www.thaiwatsadu.com/th/sku/60326395,580,https://www.megahome.co.th/p/1135133
??????????????? 2 in 1 ??? ???????????? ??????? ???? BR800 ???? 1 ?????? ????,650,https://www.thaiwatsadu.com/th/sku/60351475,920,https://www.megahome.co.th/p/1177358
??????????????????? BEGER ???? A-200 ??????? ?????????? ???? 1 ?????? ????,650,https://www.thaiwatsadu.com/th/sku/60365815,800,https://www.megahome.co.th/p/1191323
??????????????????? A-100 BEGER ???? FBACGG100 ???? 1 ?????? ????,435,https://www.thaiwatsadu.com/th/sku/60281244,530,https://www.megahome.co.th/p/1086976
??????????????? UPVC ????????? FRAMEX ???? 60 x 110 ??. ?????,3280,https://www.thaiwatsadu.com/th/sku/60365144,3280,https://www.megahome.co.th/p/1165840
???????????????????????????? FRAMEX ???? 2 ???+???? SS ???? 100 x 110 ??. ?????,2990,https://www.thaiwatsadu.com/th/sku/60277547,2990,https://www.megahome.co.th/p/1164214
???????????????????????????? FRAMEX ???? 2 ???+???? SS ???? 120 x 110 ??. ?????,3090,https://www.thaiwatsadu.com/th/sku/60277548,3090,https://www.megahome.co.th/p/1164147
???????????????????????????? FRAMEX ???? 2 ???+???? SS ???? 120 x 110 ??. ????,3390,https://www.thaiwatsadu.com/th/sku/60277555,3490,https://www.megahome.co.th/p/1164146
???????????????????????????? FRAMEX ???? 2 ???+???? SS ???? 150 x 110 ??. ?????,3970,https://www.thaiwatsadu.com/th/sku/60277549,3970,https://www.megahome.co.th/p/1164235
???????????????????????????? FRAMEX ???? 2 ???+???? SS ???? 150 x 110 ??. ????,4280,https://www.thaiwatsadu.com/th/sku/60277556,4280,https://www.megahome.co.th/p/1164236
???????????????????????????? FRAMEX ???? 4 ???+???? FSSF ???? 240 x 110 ??. ?????,5670,https://www.thaiwatsadu.com/th/sku/60321035,5670,https://www.megahome.co.th/p/1164157
??????????? 1K BEGER ???? ?????? PG-9900 ???? 3 ???? ???? ???,1300,https://www.thaiwatsadu.com/th/sku/60361802,1490,https://www.megahome.co.th/p/1198027
??????? WPC ???????? 1 ???? THAISUN ???? Elegant ???? 17.5 x 300 x 2.75 ??. ?????,828,https://www.thaiwatsadu.com/th/sku/60375367,849,https://www.megahome.co.th/p/1230815
?????? WPC THAISUN ???? ?????? ???? 12 x 300 x 2 ??. ?????,438,https://www.thaiwatsadu.com/th/sku/60375392,439,https://www.megahome.co.th/p/1102662
??????? WPC THAISUN ???? ??????? - ?????? ???? 13.5 x 240 x 2.5 ??. ?????????????????,508,https://www.thaiwatsadu.com/th/sku/60375383,509,https://www.megahome.co.th/p/1000952
??????? WPC THAISUN ???? ???????-?????? ???? 13.5 x 240 x 2.5 ??. ?????,508,https://www.thaiwatsadu.com/th/sku/60375385,509,https://www.megahome.co.th/p/1000957
???????WPC Thaisun ???????-?????? 13.5x240x2.5 ??. ???????????,508,https://www.thaiwatsadu.com/th/sku/60375384,509,https://www.megahome.co.th/p/1016940
???????WPC Thaisun  ???????-?????? YL 2.5x13.5x240 ??. ??????,508,https://www.thaiwatsadu.com/th/sku/60415936,689,https://www.megahome.co.th/p/1230910
????????????????? J-Series PUMPKIN J-12ID1502 (50208) 12 V ???-??,2690,https://www.thaiwatsadu.com/th/sku/60423050,3890,https://www.megahome.co.th/p/1144432
?????????????????????????? ?????????? 200 ???? ??,573,https://www.thaiwatsadu.com/th/sku/60368020,750,https://www.megahome.co.th/p/1120224
?????????????????????????? ?????????? 240 ???? ??,598,https://www.thaiwatsadu.com/th/sku/60296351,750,https://www.megahome.co.th/p/1120224
?????????????????????????? ?????????? 240 ???? ???,708,https://www.thaiwatsadu.com/th/sku/60309331,799,https://www.megahome.co.th/p/1115513
????????????????????????????? FIREMAN PRO 1A1B 2.2 ????? ???,718,https://www.thaiwatsadu.com/th/sku/60292153,890,https://www.megahome.co.th/p/1163545
????? 90 ???? ??? ?????? 3 ???,50,https://www.thaiwatsadu.com/th/sku/60184787,47,https://www.megahome.co.th/p/1055353
???????????????????? ?????? 356-51N 1 ???? ???,99,https://www.thaiwatsadu.com/th/sku/60406652,99,https://www.megahome.co.th/p/1055323
??? PVC ????13.5 ?????? 56-13.5(1) 1 ???? 4?. ?????,110,https://www.thaiwatsadu.com/th/sku/60225498,100,https://www.megahome.co.th/p/1055063
??? PVC ????13.5 ?????? 56-13.5(2) 2 ???? 4?. ?????,288,https://www.thaiwatsadu.com/th/sku/60225501,260,https://www.megahome.co.th/p/1055048
??? PVC ????5 ?????? 56-5(1 1/2) 1 1/2 ???? 4?. ?????,86,https://www.thaiwatsadu.com/th/sku/60225473,80,https://www.megahome.co.th/p/1133862
??? PVC ????5 ?????? 56-5(6) 6 ???? 4?. ?????,996,https://www.thaiwatsadu.com/th/sku/60225480,1470,https://www.megahome.co.th/p/1133720
??? PVC ????8.5 ??????? ?????? 56-8.5(4)??? 4 ???? 4?. ?????,693,https://www.thaiwatsadu.com/th/sku/60225511,640,https://www.megahome.co.th/p/1055106
??? PVC ????8.5 ?????? 56-8.5(1.1/2) 1 1/2 ???? 4?. ?????,130,https://www.thaiwatsadu.com/th/sku/60225485,115,https://www.megahome.co.th/p/1054929
??? PVC ????8.5 ?????? 56-8.5(6) 6 ???? 4?. ?????,1430,https://www.thaiwatsadu.com/th/sku/60225491,2200,https://www.megahome.co.th/p/1133845
?????????? PVC ?????? 1 ???,45,https://www.thaiwatsadu.com/th/sku/60342802,67,https://www.megahome.co.th/p/1055394
?????? ?????? 2 ???,47,https://www.thaiwatsadu.com/th/sku/60184725,55,https://www.megahome.co.th/p/1054917
,,,,
