Product_name,Thaiwatsadu_price,Thaiwatsadu_link,DoHome_price,DoHome_link,Thaiwatsadu SKU
ชุดเต้ารับคู่มีกราวด์บน+ม่าน LUZINO MLS79-VE3-PC ดำ,78,https://www.thaiwatsadu.com/th/sku/60401421,165,https://www.dohome.co.th/th/eve-grounding-lamp-socket-set-2-slots-no-570085-10312129.html,60401421
ฝาปิดสแควร์บ๊อกซ์ 2 นิ้ว GIANT KINGKONG รุ่น 58c1 สีเงิน,7,https://www.thaiwatsadu.com/th/sku/60347963,11,https://www.dohome.co.th/th/face-plate-fs-box-2-x-4-inch-10012891.html,60347963
พัดลมเพดานเหล็ก Luzino TW-348-BK-WC 48 นิ้ว ดำ,798,https://www.thaiwatsadu.com/th/sku/60371070,1990,https://www.dohome.co.th/th/lucky-misu-ceiling-fan-48-inches-black-10306707.html,60371070
พัดลมเพดานเหล็ก Luzino TW-348-WH-WC 48 นิ้ว ขาว,798,https://www.thaiwatsadu.com/th/sku/60371067,1290,https://www.dohome.co.th/th/finext-ceiling-fan-48-inch-no-f348-wh-wc-10203272.html,60371067
พัดลมเพดานเหล็ก Luzino TW-356-BK-WC 56 นิ้ว ดำ,880,https://www.thaiwatsadu.com/th/sku/60371073,2190,https://www.dohome.co.th/th/lucky-misu-ceiling-fan-56-inch-black-10306779.html,60371073
มิเตอร์ LUZINO รุ่น DD28-5(15) ขนาด 5(15) แอมป์ สีดำ,378,https://www.thaiwatsadu.com/th/sku/60259310,445,https://www.dohome.co.th/th/zeberg-electricity-meter-2-cable-5-15a-10102457.html,60259310
รางครอบสายไฟ GIANT KINGKONG PVC Trunking-4 50x75 มม. 2 ม. ขาว,153,https://www.thaiwatsadu.com/th/sku/60222426,225,https://www.dohome.co.th/th/cable-trunking-no-dd4080-white-10136171.html,60222426
รางไฟแทรคไลท์+ตัวปิดหัวจ่าย LUZINO CS20-2(BK) 3.4x200x2.1 ซม. ดำ,298,https://www.thaiwatsadu.com/th/sku/60320115,299,https://www.dohome.co.th/th/powermax-track-light-2m-no-lumos-black-10400229.html,60320115
รางไฟแทรคไลท์+ตัวปิดหัวจ่าย LUZINO CS20-2(WH) 3.4x200x2.1 ซม. ขาว,298,https://www.thaiwatsadu.com/th/sku/60320116,299,https://www.dohome.co.th/th/powermax-track-light-2m-no-lumos-white-10400227.html,60320116
"ลูกถ้วยแรค GIANT KINGKONG รุ่น 53-2 ขนาด 72,55,21 มม. สีน้ำตาลเข้ม",15,https://www.thaiwatsadu.com/th/sku/60229194,25,https://www.dohome.co.th/th/spool-insulator-no-53-2-10051307.html,60229194
ล้อเก็บสายไฟจานเหล็ก LUZINO 3x1.0sq.mm. TLS1010 10Amp. 2200w. 10ม. แดง,555,https://www.thaiwatsadu.com/th/sku/60405921,250,https://www.dohome.co.th/en/power-max-cable-storage-wheel-vct-3x1sq-mm-length-20m-10407282.html,60405921
ล้อเก็บสายไฟจานเหล็ก LUZINO 3x1.0sq.mm. TLS1020 10Amp. 2200w. 20ม. แดง,988,https://www.thaiwatsadu.com/th/sku/60405922,345,https://www.dohome.co.th/th/power-max-cable-storage-wheel-vct-3x1sq-mm-length-20m-10407282.html,60405922
ล้อเก็บสายไฟจานเหล็ก LUZINO 3x1.0sq.mm. TLS1030 10Amp. 2200w. 30ม. แดง,1088,https://www.thaiwatsadu.com/th/sku/60405923,4350,https://www.dohome.co.th/th/power-max-cable-storage-wheel-vct-3x1sq-mm-length-30m-10407346.html,60405923
ล้อเก็บสายไฟจานเหล็ก LUZINO TLS1510 3x1.5 sq.mm. 16Amp. 10ม. พร้อมสวิตซ์ เปิด-ปิด เทา,988,https://www.thaiwatsadu.com/th/sku/60413045,935,https://www.dohome.co.th/en/electon-vct-cable-wheel-3-x-1-5-sq-mm-length-10m-tis-10289338.html,60413045
สายรัดสายไฟ GIANT KINGKONG รุ่น HT-4.8 x 300 ขนาด 4.8 x 300 12 นิ้ว (แพ็ค 100 ชิ้น) สีขาว,78,https://www.thaiwatsadu.com/th/sku/60166200,149,https://www.dohome.co.th/th/power-max-cable-tie-12-inch-x-4-8-white-10373138.html,60166200
เต้ารับ USB 2.1A 2 ช่อง LUZINO ML-892A ขาว,143,https://www.thaiwatsadu.com/th/sku/60401498,145,https://www.dohome.co.th/th/power-max-usb-charger-socket-2-modules-21a5v-no-dhu-1121-10387179.html?srsltid=AfmBOoqpaeQtYH4xCnMD3drOrYa2VzyXdzeGj0iAWDmgLCIkhPxZswWf,60401498
แฮนดี้บ็อกซ์ ตื้น GIANT KINGKONG รุ่น 58351-1/2*0.8 ขนาด 4 x 2 นิ้ว สีเงิน,12,https://www.thaiwatsadu.com/th/sku/60279431,14,https://www.dohome.co.th/th/steel-switch-socket-box-thickness-2-x-4-inch-10007952.html,60279431
แฮนดี้บ็อกซ์ ลึก GIANT KINGKONG รุ่น 58361-1/2*0.5 ขนาด 4 x 2 นิ้ว สีเงิน,13,https://www.thaiwatsadu.com/th/sku/60279422,14.3,https://www.dohome.co.th/th/steel-switch-socket-box-thickness-2-x-4-inch-10007955.html,60279422
โคมดาวน์ไลท์ติดลอยกลม 4 นิ้ว E27x1 LUZINO รุ่น MZY401-WH สีขาว,118,https://www.thaiwatsadu.com/th/sku/60320166,149,https://www.dohome.co.th/th/lamptan-downlight-e27-round-4-inch-surface-white-10365109.html,60320166
โคมดาวน์ไลท์ติดลอยเหลี่ยม 4 นิ้ว E27x1 LUZINO รุ่น MZF401-BK สีดำ,138,https://www.thaiwatsadu.com/th/sku/60320169,139,https://www.dohome.co.th/th/heap-downlight-4-inch-square-black-10204672.html,60320169
โคมดาวน์ไลท์หน้ากลม 3.5 นิ้ว E27x1 D-Brite LUZINO รุ่น P3502-WH สีขาว,38,https://www.thaiwatsadu.com/th/sku/60247139,39,https://www.dohome.co.th/th/finext-downlight-3-5-inch-circle-white-10130724.html,60247139
โคมดาวน์ไลท์หน้ากลม 4 นิ้ว E27x1 D-Brite LUZINO รุ่น A4002-WH สีขาว,30,https://www.thaiwatsadu.com/th/sku/60240336,39,https://www.dohome.co.th/th/finext-downlight-4-inch-circle-white-10234509.html,60240336
โคมดาวน์ไลท์หน้ากลม 4 นิ้ว LED 9W Warm White LUZINO รุ่น PN-JYX0101-9W/WW สีขาว,88,https://www.thaiwatsadu.com/th/sku/60308451,129,https://www.dohome.co.th/th/power-max-led-downlight-9w-circle-dhp003-warm-white-10268566.html,60308451
โคมดาวน์ไลท์หน้ากลม 5 นิ้ว LED 12 วัตต์ Daylight LUZINO รุ่น PN-JYX0101-12W/DL สีขาว,98,https://www.thaiwatsadu.com/th/sku/60308452,139,https://www.dohome.co.th/th/power-max-led-downlight-floating-12w-round-eco-10323429.html,60308452
โคมดาวน์ไลท์หน้ากลม 5 นิ้ว LED 12W Warm White LUZINO รุ่น PN-JYX0101-12W/WW สีขาว,98,https://www.thaiwatsadu.com/th/sku/60308453,139,https://www.dohome.co.th/th/power-max-led-downlight-12w-circle-dhp004-warm-white-10268569.html,60308453
โคมดาวน์ไลท์หน้ากลม 6 นิ้ว 1xE27 D-Brite LUZINO P6002-WH ขาว,68,https://www.thaiwatsadu.com/th/sku/60247148,69,https://www.dohome.co.th/th/finext-embed-downlight-6-inch-white-border-10001343.html,60247148
โคมดาวน์ไลท์หน้ากลม 7 นิ้ว LED 18W Daylight LUZINO รุ่น PN-JYX0101-18W/DL สีขาว,118,https://www.thaiwatsadu.com/th/sku/60308456,229,https://www.dohome.co.th/th/power-max-led-downlight-18w-circle-dhp006-day-linght-10268572.html,60308456
โคมดาวน์ไลท์หน้ากลม 7 นิ้ว LED 18W Warm White LUZINO รุ่น PN-JYX0101-18W/WW สีขาว,118,https://www.thaiwatsadu.com/th/sku/60308457,159,https://www.dohome.co.th/th/power-max-led-downlight-18w-circle-dhp006-warm-white-10268573.html,60308457
โคมดาวน์ไลท์หน้าเหลี่ยม 4 นิ้ว E27x1 Carry LUZINO รุ่น P4003-WH สีขาว,68,https://www.thaiwatsadu.com/th/sku/60247110,89,https://www.dohome.co.th/th/finext-downlight-4-inch-square-white-10246941.html,60247110
โคมดาวน์ไลท์หน้าเหลี่ยม 4 นิ้ว LED 9W Daylight LUZINO รุ่น PN-JYX0102-9W/DL สีขาว,88,https://www.thaiwatsadu.com/th/sku/60308458,129,https://www.dohome.co.th/th/power-max-led-downlight-9w-square-dhp010-day-linght-10268578.html,60308458
โคมดาวน์ไลท์หน้าเหลี่ยม 5 นิ้ว LED 12W Warm White LUZINO รุ่น PN-JYX0102-12W/WW สีขาว,98,https://www.thaiwatsadu.com/th/sku/60308461,129,https://www.dohome.co.th/th/power-max-led-downlight-12w-square-dhp011-warm-white-10268581.html,60308461
โคมดาวน์ไลท์หน้าเหลี่ยม 6 นิ้ว LED 15W Daylight LUZINO รุ่น PN-JYX0102-15W/DL สีขาว,108,https://www.thaiwatsadu.com/th/sku/60308462,139,https://www.dohome.co.th/th/power-max-led-downlight-15w-square-dhp012-day-linght-10268582.html,60308462
โคมดาวน์ไลท์หน้าเหลี่ยม 6 นิ้ว LED 15W Warm White LUZINO รุ่น PN-JYX0102-15W/WW สีขาว,108,https://www.thaiwatsadu.com/th/sku/60308463,139,https://www.dohome.co.th/th/power-max-led-downlight-15w-square-dhp012-warm-white-10268583.html,60308463
โคมดาวน์ไลท์หน้าเหลี่ยม 7 นิ้ว LED 18 วัตต์ Daylight LUZINO รุ่น PN-JYX0102-18W/DL สีขาว,118,https://www.thaiwatsadu.com/th/sku/60308464,179,https://www.dohome.co.th/th/power-max-led-downlight-18w-square-dhp013-day-linght-10268584.html,60308464
โคมดาวน์ไลท์หน้าเหลี่ยม 7 นิ้ว LED 18W Warm White LUZINO รุ่น PN-JYX0102-18W/WW สีขาว,118,https://www.thaiwatsadu.com/th/sku/60308465,159,https://www.dohome.co.th/th/power-max-led-downlight-18w-square-dhp013-warm-white-10268585.html,60308465
โคมดาวน์ไลท์หน้าเหลี่ยมติดลอย 4นิ้ว 1xE27 LUZINO MZF401-WH ขาว,138,https://www.thaiwatsadu.com/th/sku/60320170,139,https://www.dohome.co.th/th/heap-downlight-4-inch-square-white-10204670.html,60320170
โคมแทรคไลท์เข้ารางกลม GU5.3 LUZINO CS13-BK 10.3x5.8x14.5 ซม. ดำ,98,https://www.thaiwatsadu.com/th/sku/60392228,159,https://www.dohome.co.th/en/finext-track-light-sphere-ydt003a-black-exclude-bulb-10279625.html,60392228
โคมแทรคไลท์เข้ารางกลม GU5.3 LUZINO CS13-WH 10.3x5.8x14.5 ซม. ขาว,98,https://www.thaiwatsadu.com/th/sku/60392229,159,https://www.dohome.co.th/en/finext-track-light-sphere-ydt003a-black-exclude-bulb-10279625.html,60392229
โคมไฟกิ่งภายนอก E27x1 LUZINO รุ่น GD-PW018-E27 สีดำ - ใส,228,https://www.thaiwatsadu.com/th/sku/60402144,299,https://www.dohome.co.th/th/decos-1-bulb-outdoor-wall-lamp-aluminum-athena-model-black-color-10418029.html,60402144
โคมไฟกิ่งภายนอก E27x1 LUZINO รุ่น GD-PW034-E27 สีดำ - ใส,198,https://www.thaiwatsadu.com/th/sku/60402142,279,https://www.dohome.co.th/th/heap-wall-lamp-exterior-abs-1-bulb-p5007sw-black-10317666.html?srsltid=AfmBOooQJBRP8z9uDu-Ah7KVUuQwaol4dWN3GC2gANLyWajmNsmRGcTT,60402142
โคมไฟกิ่งภายนอก E27x1 LUZINO รุ่น RH2035W (BK) สีดำ,680,https://www.thaiwatsadu.com/th/sku/60392369,698,https://www.dohome.co.th/th/decos-outdoor-wall-lamp-1-bulb-steel-model-white-ball-10412373.html,60392369
โคมไฟตั้งพื้น E27x1 LUZINO 100-930/1F-BK 12.5x12.5x60 ซม. ดำ,558,https://www.thaiwatsadu.com/th/sku/60397552,498,https://www.dohome.co.th/en/decos-floor-lamp-adjustable-e27-no-glow-black-10403597.html,60397552
โคมไฟถนนโซลาร์เซลล์พร้อมขาจับ LED 200W DL LUZINO รุ่น ST-HXT0301-200W ขนาด 70 x 24.2 x 5 ซม. สีดำ,1938,https://www.thaiwatsadu.com/th/sku/60357455,1458,https://www.dohome.co.th/th/power-max-solar-cell-street-light-200-watt-model-bright-day-light-10414334.html,60357455
โคมไฟผนังภายนอก (PS) 1xE27 LUZINO GD-PW019-E27-BK 21x18x11 ซม. ดำ/ใส,298,https://www.thaiwatsadu.com/th/sku/60392223,299,https://www.dohome.co.th/th/fotini-outdoor-wall-lamp-aluminium-dhw-008-black-10281225.html,60392223
โคมไฟผนังภายนอก (PS) 6 นิ้ว 1xE27 LUZINO รุ่น JEWEL W06(CL) ขนาด 15 x 17 x 18.5 ซม. สีใส,138,https://www.thaiwatsadu.com/th/sku/60252715,698,https://www.dohome.co.th/th/decos-outdoor-wall-lamp-1-bulb-steel-model-white-ball-10412373.html,60252715
โคมไฟผนังภายนอกอลูมิเนียม 1xE27 LUZINO รุ่น MILLIE YJ2181A/1(GY) สีเทา,480,https://www.thaiwatsadu.com/th/sku/60257204,490,https://www.dohome.co.th/th/decos-1-bulb-outdoor-wall-lamp-square-shape-e27-socket-model-gris-grey-10417411.html,60257204
โคมไฟผนังภายนอกอลูมิเนียม 1xE27 LUZINO รุ่น PHOEBE 2197/1(BK) สีดำ,348,https://www.thaiwatsadu.com/th/sku/60257200,490,https://www.dohome.co.th/th/finext-outdoor-wall-lamp-aluminium-a119-black-10247661.html,60257200
โคมไฟผนังภายนอกอลูมิเนียม 1xE27 LUZINO รุ่น PHOEBE 2197/1(GY) สีเทา,348,https://www.thaiwatsadu.com/th/sku/60257199,490,https://www.dohome.co.th/th/finext-outdoor-wall-lamp-aluminium-a119-black-10247661.html,60257199
โคมไฟผนังภายนอกอลูมิเนียม 1xE27 LUZINO รุ่น PISA 2013S(BK) สีดำ,298,https://www.thaiwatsadu.com/th/sku/60257188,490,https://www.dohome.co.th/th/finext-outdoor-wall-lamp-aluminium-black-10186704.html,60257188
โคมไฟผนังภายนอกอลูมิเนียม 1xE27 LUZINO รุ่น POPPY PG3103/1(BK) สีดำ,398,https://www.thaiwatsadu.com/th/sku/60257196,398,https://www.dohome.co.th/th/decos-outdoor-wall-lamp-pp-cylinder-1-bulb-2039-black-10384418.html,60257196
โคมไฟผนังภายนอกอลูมิเนียม 2xE27 LUZINO รุ่น MEGAN YJ2181A/2(GY) สีเทา,580,https://www.thaiwatsadu.com/th/sku/60257206,590,https://www.dohome.co.th/th/decos-2-bulb-outdoor-wall-lamp-square-shape-e27-socket-model-gris-grey-10417412.html,60257206
โคมไฟผนังภายนอกอลูมิเนียม 2xE27 LUZINO รุ่น OLIVER 2197/2(BK) สีดำ,538,https://www.thaiwatsadu.com/th/sku/60257202,1690,https://www.dohome.co.th/th/finext-outdoor-wall-lamp-aluminium-a119-gray-10247667.html,60257202
โคมไฟผนังภายนอกอลูมิเนียม 2xE27 LUZINO รุ่น OLIVER 2197/2(GY) สีเทา,538,https://www.thaiwatsadu.com/th/sku/60257201,590,https://www.dohome.co.th/th/finext-outdoor-wall-lamp-aluminium-a119-black-10247666.html,60257201
โคมไฟผนังภายนอกอะลูมิเนียม E27x1 LUZINO รุ่น A102-BK สีดำ - ใส,98,https://www.thaiwatsadu.com/th/sku/60392288,159,https://www.dohome.co.th/th/finext-outdoor-wall-lamp-ellipse-4004m-black-10109730.html,60392288
โคมไฟผนังภายนอกอะลูมิเนียม E27x1 LUZINO รุ่น A102-WH สีขาว - ใส,98,https://www.thaiwatsadu.com/th/sku/60392289,159,https://www.dohome.co.th/th/finext-outdoor-wall-lamp-ellipse-4004-white-10109729.html,60392289
โคมไฟผนังภายนอกอะลูมิเนียม E27x1 LUZINO รุ่น GD-AWY31 สีดำ - ใส,388,https://www.thaiwatsadu.com/th/sku/60402136,490,https://www.dohome.co.th/th/finext-outdoor-wall-lamp-6336-black-10216410.html,60402136
โคมไฟผนังภายนอกอะลูมิเนียม E27x1 LUZINO รุ่น GD-AWY33 สีดำ - ใส,398,https://www.thaiwatsadu.com/th/sku/60402138,490,https://www.dohome.co.th/th/finext-outdoor-wall-lamp-6336-black-10216410.html,60402138
โคมไฟผนังภายนอกอะลูมิเนียม LED 2x5W Warm White LUZINO รุ่น GD-AWG13-BK สีดำ,498,https://www.thaiwatsadu.com/th/sku/60404634,695,https://www.dohome.co.th/th/decos-outside-wall-lamp-led-6w-cylinder-black-10412053.html,60404634
โคมไฟหัวเสาภายนอก 1xE27 LUZINO รุ่น JEWEL P10(WH) ขนาด 25 x 25 x 34 ซม. สีขาว,248,https://www.thaiwatsadu.com/th/sku/60252744,279,https://www.dohome.co.th/th/finext-lamp-post-10-inch-sphere-8014-pt-10109628.html,60252744
โคมไฟหัวเสาภายนอก E27x1 LUZINO รุ่น GD-BL05-40 สีดำ - ใส,228,https://www.thaiwatsadu.com/th/sku/60402145,299,https://www.dohome.co.th/th/finext-lamp-post-fn2093-pt-10139005.html,60402145
โคมไฟอ่านหนังสือยึดสกรูน๊อต (E27x1) LUZINO MT-800 18x17x86 ซม. ดำ,298,https://www.thaiwatsadu.com/th/sku/60248939,1690,https://www.dohome.co.th/th/finext-table-lamp-e27-800-black-10278976.html,60248939
โคมไฟเพดานอะคริลิก LED 48 วัตต์ Tri-Color LUZINO รุ่น 20055 สีขาว,780,https://www.thaiwatsadu.com/th/sku/60351171,795,https://www.dohome.co.th/th/decos-ceiling-lamp-led-50w-no-verbena-3-color-lights-10402175.html,60351171
โคมไฟเสาสนาม E27x1 LUZINO รุ่น RH2035D(BK) สีดำ,1280,https://www.thaiwatsadu.com/th/sku/60392371,1298,https://www.dohome.co.th/th/decos-outdoor-lamp-1-m-1-bulb-steel-model-white-ball-10412444.html,60392371
โคมไฟเสาสนามอลูมิเนียม 1xE27 LUZINO GD-ABZ11-E27-600 15x15x60 ซม. ดำ/ใส,780,https://www.thaiwatsadu.com/th/sku/60402140,590,https://www.dohome.co.th/en/decos-outdoor-lamp-60-cm-aluminum-model-enless-sq-black-10412788.html,60402140
โคมไฟเสาสนามอลูมิเนียม 1xE27 LUZINO GD-ABZ13-E27-3C-600 14x14x60 ซม. ดำ/ใส,780,https://www.thaiwatsadu.com/th/sku/60402141,690,https://www.dohome.co.th/en/decos-outdoor-lamp-80-cm-aluminum-model-enless-sq-black-10412790.html,60402141
โคมไฟเสาสนามอลูมิเนียม 1xE27 LUZINO HOLLY 5003(BK) 15x15x60 ซม. ดำ,780,https://www.thaiwatsadu.com/th/sku/60257231,999,https://www.dohome.co.th/th/heap-outdoor-lamp-60-cm-d206-black-exclude-bulb-10317672.html,60257231
โคมไฟเสาสนามอะลูมิเนียม E27x1 LUZINO รุ่น 2462-600-E27 สีดำ - ใส,780,https://www.thaiwatsadu.com/th/sku/60406665,890,https://www.dohome.co.th/th/decos-outdoor-lamp-60-cm-aluminum-model-waffle-black-10412789.html,60406665
โคมไฟแขวนเหล็ก (E27x1) LUZINO YD-DT1513B 35x35x35 ซม. ดำ,980,https://www.thaiwatsadu.com/th/sku/60272166,698,https://www.dohome.co.th/th/decos-modern-style-aluminum-hanging-lamp-1-bulb-sa1556-black-10381121.html,60272166
โคมไฟแขวนเหล็ก (E27x4) LUZINO 82708 60x20x120 ซม. ดำด้าน,1380,https://www.thaiwatsadu.com/th/sku/60330576,1398,https://www.dohome.co.th/th/decos-modern-style-chandelier-aluminum-4-bulbs-sa34726-black-10381209.html,60330576
ไม้ตียุงชาร์จไฟได้ LUZINO TGX-222 มีไฟฉาย,128,https://www.thaiwatsadu.com/th/sku/60306500,139,https://www.dohome.co.th/th/power-max-electric-fly-mosquito-swatter-with-flashlight-led-no-pm-1707-10289353.html,60306500
กระชอนตักของทอด KASSA HOME TD0601-1 35x15 ซม. เงิน,48,https://www.thaiwatsadu.com/th/sku/60326860,79,https://www.dohome.co.th/th/skimmer-spoon-for-frying-16-cm-no-109511-10314853.html,60326860
กล่องปิคนิคพร้อมฝาล็อค 8.5 ลิตร KASSA HOME JCJ-2552B 32.5x22x18 ซม. ขาว-เทา,128,https://www.thaiwatsadu.com/th/sku/60239752,119,https://www.dohome.co.th/th/jcj-plastic-picnic-box-85-liters-no-2009-10395874.html?srsltid=AfmBOoqI24B2jbqv3Vm1Jya2G7G-b41c9A_bmI1Bki2ivkUvoO91iSmL,60239752
กล่องอาหารทรงเหลี่ยม 4 ใบ/ชุด KASSA HOME JCJ-91434 15x20x24.90 ซม. ครีม,128,https://www.thaiwatsadu.com/th/sku/60373713,199,https://www.dohome.co.th/th/double-lock-lunch-box-set-no-91434-8-pcs-10394859.html,60373713
กล่องอาหารแก้วทรงเหลี่ยมฝาล็อค 750 มล. KASSA HOME JCJ-21938A-1GET1 18x13.3x6.1 ซม. ขาว,218,https://www.thaiwatsadu.com/th/sku/60427435,8,https://www.dohome.co.th/th/double-lock-glass-lunch-box-set-no-21938-10373746.html,60427435
กล่องอเนกประสงค์พร้อมล้อและฝาล็อก 50 ลิตร Fiona KASSA HOME รุ่น JCJ-5116 ขนาด 63 x 42 x 30.5 ซม.,198,https://www.thaiwatsadu.com/th/sku/60345868,250,https://www.dohome.co.th/th/jcj-rolling-plastic-box-50-l-no-5116-white-10325992.html,60345868
กล่องอเนกประสงค์พร้อมล้อและฝาล็อก 70 ลิตร Fiona KASSA HOME รุ่น JCJ-5117 ขนาด 63 x 42 x 36.5 ซม.,248,https://www.thaiwatsadu.com/th/sku/60345869,319,https://www.dohome.co.th/th/jcj-square-plastic-box-70-l-no-5117-10365718.html,60345869
กล่องอเนกประสงค์พร้อมล้อและฝาล็อก Fiona KASSA HOME รุ่น JCJ-5114 ขนาด 75 ลิตร สีขาว,268,https://www.thaiwatsadu.com/th/sku/60277742,319,https://www.dohome.co.th/th/jcj-square-plastic-box-70-l-no-5117-10365718.html,60277742
กล่องอเนกประสงค์พร้อมล้อและฝาล็อก Fiona KASSA HOME รุ่น JCJ-5115 ขนาด 85 ลิตร สีขาว,298,https://www.thaiwatsadu.com/th/sku/60277743,349,https://www.dohome.co.th/th/jcj-square-rolling-plastic-box-85-l-5115-10335532.html,60277743
กล่องอเนกประสงค์พร้อมล้อและฝาล็อก Fiona KASSA HOME รุ่น JCJ-5119 ขนาด 100 ลิตร สีขาว,298,https://www.thaiwatsadu.com/th/sku/60313145,489,https://www.dohome.co.th/th/jcj-plastic-box-100-l-no-5119a-white-10318582.html,60313145
กล่องอเนกประสงค์พร้อมล้อและฝาล็อก KASSA HOME รุ่น KPC K90B ขนาด 90 ลิตร สีดำ,208,https://www.thaiwatsadu.com/th/sku/60304733,299,https://www.dohome.co.th/th/modern-plastic-box-100-l-no-023-brown-10312818.html,60304733
กล่องอเนกประสงค์พร้อมล้อและฝาล็อก KASSA HOME รุ่น KPC-K40B ขนาด 40 ลิตร สีดำ,103,https://www.thaiwatsadu.com/th/sku/60234565,140,https://www.dohome.co.th/th/plastic-box-with-lid-49-liter-black-10370410.html,60234565
กล่องใส่รองเท้า 1 แถว 6 ชั้น Visby KASSA HOME S1-S6-D3(C) 27x34x99 ซม. ขาว-ใส,888,https://www.thaiwatsadu.com/th/sku/60412599,1090,https://www.dohome.co.th/en/decos-shoe-storage-box-6-compartments-model-coral-white-10412726.html,60412599
กล่องใส่รองเท้า 2 แถว 6 ชั้น Visby KASSA HOME S2-S12-D6(C) 53x34x99 ซม. ขาว-ใส,1580,https://www.thaiwatsadu.com/th/sku/60412600,2099,https://www.dohome.co.th/en/shoe-box-6-layers-12-compartments-5687-white-10409828.html,60412600
ครกหินพร้อมสาก 6 นิ้ว KASSA HOME 5RYQ1585 15x15x8.5 ซม. เทา,388,https://www.thaiwatsadu.com/th/sku/60395547,609,https://www.dohome.co.th/th/mortar-7-inch-10045983.html,60395547
ชั้นตะแกรงเหล็กอเนกประสงค์ 4 ชั้น Linear KASSA HOME รุ่น WMT ขนาด 90 x 45 x 160 ซม. สีดำ,1180,https://www.thaiwatsadu.com/th/sku/60316130,1890,https://www.dohome.co.th/th/decos-4-layer-steel-frame-shelf-75x35x150cm-black-10407067.html,60316130
ชั้นตะแกรงเหล็กอเนกประสงค์ 4 ชั้น Rocky KASSA HOME A1932-MBK 90x45x160 ซม. ดำ,898,https://www.thaiwatsadu.com/th/sku/60387802,1990,https://www.dohome.co.th/th/finext-chromium-coated-steel-shelf-4-layers-size-90x45x160-cm-10239736.html,60387802
ชั้นตะแกรงเหล็กอเนกประสงค์ 4 ชั้น Rocky KASSA HOME A1932-WH 90x45x160 ซม. ขาว,898,https://www.thaiwatsadu.com/th/sku/60387803,1990,https://www.dohome.co.th/th/finext-chromium-coated-steel-shelf-4-layers-size-90x45x160-cm-10239736.html,60387803
ชั้นตะแกรงเหล็กอเนกประสงค์ 4 ชั้น Rocky KASSA HOME A2526-SV 90x45x160 ซม. เงิน,1080,https://www.thaiwatsadu.com/th/sku/60387806,1990,https://www.dohome.co.th/th/finext-chromium-coated-steel-shelf-4-layers-size-90x45x160-cm-10239736.html,60387806
ชั้นวางของพลาสติกอเนกประสงค์ 2 ชั้น Circle KASSA HOME API-10301M2 43x30x36.5 ซม. ขาว,138,https://www.thaiwatsadu.com/th/sku/60357771,139,https://www.dohome.co.th/th/api-2-tier-shelf-no-snowy-10404584.html,60357771
ชั้นวางของพลาสติกอเนกประสงค์ 3 ชั้น 2 ลิ้นชัก Circle KASSA HOME API-1072R 48x30x97.5 ซม. ขาว,798,https://www.thaiwatsadu.com/th/sku/60371522,899,https://www.dohome.co.th/th/plastic-shelves-4-tier-1072-10369928.html,60371522
ชั้นวางของพลาสติกอเนกประสงค์ 3 ชั้น Circle KASSA HOME API-10301M3 43x30x59 ซม. ขาว,178,https://www.thaiwatsadu.com/th/sku/60357772,248,https://www.dohome.co.th/th/pioneer-plastics-shelf-3-levels-no-pn8018l3-white-10268698.html,60357772
ชั้นวางของพลาสติกอเนกประสงค์ 4 ชั้น KASSA HOME PSM-1314 40x51x94.7 ซม. ขาว,428,https://www.thaiwatsadu.com/th/sku/60372961,429,https://www.dohome.co.th/th/4-tier-square-basket-shelf-no-bk-135-10395719.html,60372961
ชั้นวางของพลาสติกอเนกประสงค์ 4 ชั้น KASSA HOME รุ่น JCP-5974 ขนาด 46 x 25 x 92 ซม. สีเทา,258,https://www.thaiwatsadu.com/th/sku/60290286,289,https://www.dohome.co.th/th/jcp-plastic-rack-4-layers-no-5974-10309925.html,60290286
ชั้นวางของสแตนเลสอเนกประสงค์แบบตั้งพื้น 2 ชั้น (ใหญ่) Daniel KASSA HOME KS-106-HD32 60x40x50 ซม. เงิ,1730,https://www.thaiwatsadu.com/th/sku/60345870,1739,https://www.dohome.co.th/th/vrh-dish-shelf-2-levels-no-hwhoy-hw16a-10315630.html,60345870
ชุดกล่องอาหารทรงเหลี่ยมฝาล็อก MICRONWARE รุ่น JCP-6506/8 (แพ็ค 4 ใบ) สีฟ้า,158,https://www.thaiwatsadu.com/th/sku/60308615,149,https://www.dohome.co.th/th/jcp-food-storage-containe-set-no-6506-8-10314214.html,60308615
ชุดถังปั่นม็อบตะแกรงสเตนเลส 4.2 ลิตร พร้อมไม้ถูและอะไหล่ผ้า 2 ชิ้น KASSA HOME รุ่น WYL-818,438,https://www.thaiwatsadu.com/th/sku/60395997,599,https://www.dohome.co.th/th/doklean-mop-bucket-set-no-krt015-brown-10403243.html,60395997
ชุดไม้กวาดพร้อมที่โกยผงด้ามสแตนเลสแบบยาว LIAO รุ่น C130024 ขนาด 85 ซม. สีแดง - เทา,128,https://www.thaiwatsadu.com/th/sku/60284486,199,https://www.dohome.co.th/th/nylon-broom-set-with-a-dustpan-pp-221-10361581.html,60284486
ตะกร้าล้อลากสูงหูหิ้ว มีล้อ Summer25 KASSA HOME 5025 50x37x64 ซม. ฟ้า หูหิ้วขาว,198,https://www.thaiwatsadu.com/th/sku/60425029,199,https://www.dohome.co.th/th/decos-plastic-basket-with-wheels-model-61468-white-grey-handle-10415580.html,60425029
ตะกร้าล้อลากสูงหูหิ้ว มีล้อ Summer25 KASSA HOME 5025 50x37x64 ซม.ครีม หูหิ้วขาว,198,https://www.thaiwatsadu.com/th/sku/60425028,199,https://www.dohome.co.th/th/decos-plastic-basket-with-wheels-model-61468-white-grey-handle-10415580.html,60425028
ตะกร้าสแตนเลสสําหรับทอดอาหาร 10.8 ซม. KASSA HOME TD0601-61 10.8x9x6 ซม. เงิน,59,https://www.thaiwatsadu.com/th/sku/60326856,79,https://www.dohome.co.th/th/mini-skimmer-spoon-for-frying-no-112726-10314978.html,60326856
ตะกร้าสแตนเลสสําหรับทอดอาหาร 13 ซม. KASSA HOME TD0601-62 13x11x7 ซม. เงิน,148,https://www.thaiwatsadu.com/th/sku/60326857,79,https://www.dohome.co.th/th/mini-skimmer-spoon-for-frying-no-112726-10314978.html,60326857
ตะหลิวไม้ Omero KASSA HOME รุ่น AQ05W001-09 สีบีช,79,https://www.thaiwatsadu.com/th/sku/60314334,89,https://www.dohome.co.th/th/wooden-turner-33-cm-no-2-10334508.html,60314334
ตะแกรงล้างผักผลไม้ 19 ซม. KASSA HOME YJ027161055 19.5x7.5 ซม. เงิน,88,https://www.thaiwatsadu.com/th/sku/60326878,112,https://www.dohome.co.th/th/colander-with-ears-with-stand-195-cm-10382476.html,60326878
ตะแกรงล้างผักผลไม้ 21 ซม. KASSA HOME TD0601-19 21x8.7 ซม. เงิน,68,https://www.thaiwatsadu.com/th/sku/60326875,79,https://www.dohome.co.th/th/sieve-for-washing-vegetables-21-cm-no-112245-10314891.html,60326875
ตะแกรงล้างผักผลไม้ 25 ซม. KASSA HOME YJ027161056 25.5x9.3 ซม. เงิน,98,https://www.thaiwatsadu.com/th/sku/60326880,139,https://www.dohome.co.th/th/colander-with-ears-with-stand-255-cm-10382478.html,60326880
ตู้บานเปิด 2 ชั้น พร้อมราวแขวนผ้าอะลูมิเนียม KASSA HOME รุ่น Mini Clothes V.2 ขนาด 70 x 50 x 122 ซม.,1880,https://www.thaiwatsadu.com/th/sku/60397454,1979,https://www.dohome.co.th/th/decos-3-tier-plastic-drawer-cabinet-mixed-10344969.html,60397454
ตู้บานเปิดอเนกประสงค์ 3 ชั้น KASSA HOME รุ่น SPP-Color Vid-3 ขนาด 69 x 50 x 121 ซม. สีเทา - ขาว,1670,https://www.thaiwatsadu.com/th/sku/60330525,1979,https://www.dohome.co.th/th/decos-3-layers-plastic-drawer-cabinet-blue.html,60330525
ตู้บานเปิดอเนกประสงค์ 4 ชั้น KASSA HOME รุ่น SPP-Color Vid-4 ขนาด 69 x 50 x 160 ซม. สีเทา - ขาว,2180,https://www.thaiwatsadu.com/th/sku/60330526,2379,https://www.dohome.co.th/th/decos-4-layers-plastic-drawer-cabinet-blue.html,60330526
ตู้ลิ้นชักอเนกประสงค์ 4 ชั้น (โครงทึบ) KASSA HOME API-1800M4 58x40x93.5 ซม. ขาว-เทา,1180,https://www.thaiwatsadu.com/th/sku/60332254,1299,https://www.dohome.co.th/th/jcp-plastic-drawer-cabinet-4-layers-no-5834-10345681.html,60332254
ตู้ลิ้นชักอเนกประสงค์ 4 ชั้น Mushi KASSA HOME รุ่น API-1100M4 ขนาด 32.5 x 41 x 66 ซม. สีเทา,198,https://www.thaiwatsadu.com/th/sku/60362831,1391,https://www.dohome.co.th/th/plastic-jumbo-drawer-cabinet-4-layers-no-hh-410-4-10197899.html,60362831
ตู้ลิ้นชักอเนกประสงค์ท็อปไม้ 4 ชั้น (โครงทึบ) KASSA HOME UDC-A05AB4 63x40x90 ซม. พาสเทล,1380,https://www.thaiwatsadu.com/th/sku/60409844,1190,https://www.dohome.co.th/en/drawer-cabinet-4-layers-sumo-woodtop-plastel-10271531.html,60409844
ตู้ลิ้นชักอเนกประสงค์ท็อปไม้ 4 ชั้น (โครงทึบ) KASSA HOME รุ่น UDC-A05AB4 ขนาด 63 x 40 x 90 ซม.,1380,https://www.thaiwatsadu.com/th/sku/60372918,1490,https://www.dohome.co.th/en/4-drawer-cabinet-sumo-woodtop-white-10271541.html,60372918
ตู้ลิ้นชักอเนกประสงค์ท็อปไม้ 5 ชั้น (โครงทึบ) KASSA HOME UDC-A05AB5 63x40x112 ซม. พาสเทล,1580,https://www.thaiwatsadu.com/th/sku/60409845,1290,https://www.dohome.co.th/th/drawer-cabinet-5-layers-sumo-woodtop-plastel-10271532.html,60409845
ถังขยะ 18 ลิตร แบบเท้าเหยียบ KASSA HOME รุ่น 5669GY ขนาด 26 x 35 x 45 ซม. สีเทา,298,https://www.thaiwatsadu.com/th/sku/60288411,279,https://www.dohome.co.th/th/jcp-square-step-plastic-garbage-can-18-l-no-5669-grey-10309943.html,60288411
ถังขยะมีล้อและที่เหยียบ GIANT KINGKONG YY-240C-YL ความจุ 240 ลิตร สีเหลือง,1580,https://www.thaiwatsadu.com/th/sku/60243738,2339,https://www.dohome.co.th/th/modern-pedal-trash-can-flat-lid-240-liters-yellow-10367316.html,60243738
ถังขยะมีล้อและที่เหยียบ GIANT KINGKONG รุ่น YY-240C-BL ความจุ 240 ลิตร สีน้ำเงิน,1580,https://www.thaiwatsadu.com/th/sku/60278928,2090,https://www.dohome.co.th/th/finext-plastic-garbage-can-with-cap-240-l-no-dbpd04-navy-10325764.html,60278928
ถังขยะมีล้อและที่เหยียบ GIANT KINGKONGรุ่น YY-120C-RD ความจุ 120 ลิตร สีแดง,1180,https://www.thaiwatsadu.com/th/sku/60332256,1829,https://www.dohome.co.th/th/modern-pedal-trash-can-flat-lid-130-l-red-10367309.html,60332256
ถังขยะแบบเหยียบสเตนเลส KASSA HOME รุ่น 11052-017 ความจุ 5 ลิตร สีเงิน,198,https://www.thaiwatsadu.com/th/sku/60271530,549,https://www.dohome.co.th/th/octoppus-pedal-stainless-steel-trash-can-6-liters-10367709.html,60271530
ถังขยะใหญ่ฝาช่องทิ้ง GIANT KINGKONG รุ่น LXD-120BG RED ความจุ 120 ลิตร สีแดง,983,https://www.thaiwatsadu.com/th/sku/60294822,1469,https://www.dohome.co.th/th/plastic-garbage-can-with-swing-cap-120-l-red-10258206.html,60294822
ถังขยะใหญ่ฝาช่องทิ้ง GIANT KINGKONG รุ่น LXD-120BG Yellow ความจุ 120 ลิตร สีเหลือง,983,https://www.thaiwatsadu.com/th/sku/60294825,1469,https://www.dohome.co.th/th/plastic-garbage-can-with-swing-cap-120-l-yellow-10258207.html,60294825
ถังน้ำพร้อมฝา 66 ลิตร (17GL) KASSA HOME NO.20 45.5*48*62 cm. สีดำ,118,https://www.thaiwatsadu.com/th/sku/60219850,259,https://www.dohome.co.th/th/decos-66-liters-plastic-water-tank-with-iron-handle-and-clear-lid-10415993.html?srsltid=AfmBOopNq7AqIv3JJNp4AKKAdDf0eL0Nl3BkGcFWSEK6rvYV3GYlrVj1,60219850
ถังผงขาเหยียบKASSA HOME รุ่น 542HW ความจุ 12.40ลิตร สีเทา,198,https://www.thaiwatsadu.com/th/sku/60273544,199,https://www.dohome.co.th/th/nampias-plastic-garbage-can-12-4-l-no-542-tt-blue-10249103.html,60273544
ที่ขูดผักและผลไม้สแตนเลส ด้ามซิลิโคน KASSA HOME VG1M68-03 24x5.5x1.2 ซม. เงิน-เทา,48,https://www.thaiwatsadu.com/th/sku/60314312,79,https://www.dohome.co.th/th/vegetable-cutter-no-112368-10314920.html?srsltid=AfmBOopcPGtkB6C0zG-pTfYOeUYY5cgKhmNLxPmj78Xa_RlFrNZVW6rP,60314312
ที่คว่ำจานพลาสติกพร้อมฝาครอบหน้าหลัง 2 ชั้น KASSA HOME PNC-3836 39x47x62 ซม. ขาว,758,https://www.thaiwatsadu.com/th/sku/60358561,709,https://www.dohome.co.th/en/mono-dish-drainer-with-cover-2-layers-no3838-10342751.html,60358561
ที่คว่ำจานพลาสติกพร้อมฝาปิด 1 ชั้น Leaf KASSA HOME JCJ-2400 45.4x33.5x29.7 ซม. ขาว,198,https://www.thaiwatsadu.com/th/sku/60414831,279,https://www.dohome.co.th/th/jcj-dish-drying-rack-storage-box-set-no-no-2400-white-10318971.html,60414831
ที่คว่ำจานพลาสติกพร้อมฝาปิด 1 ชั้น Leaf KASSA HOME JCJ-2401 45x24x29.5 ซม. ขาว,158,https://www.thaiwatsadu.com/th/sku/60414832,219,https://www.dohome.co.th/en/jcj-dish-drying-rack-storage-box-no-2401-white-10318789.html,60414832
ที่โกยขยะพลาสติก KASSA HOME ขนาด 30 x 30 x 75 ซม. สีฟ้า,48,https://www.thaiwatsadu.com/th/sku/60230624,60,https://www.dohome.co.th/th/ncl-plastic-dustpan-assorted-color-10187828.html,60230624
ที่โกยผงพลาสติกพร้อมไม้กวาดในล่อน KASSA HOME ขนาด 40 x 32 x 100 ซม. สีเทา,198,https://www.thaiwatsadu.com/th/sku/60306946,207,https://www.dohome.co.th/th/nylon-broom-set-with-a-dustpan-pp-221-10361581.html,60306946
น้ำยาถูพื้นทั่วไป KASSA HOME 5200 มล. สีชมพู กลิ่นฟลอรัลเฟรช,158,https://www.thaiwatsadu.com/th/sku/60318683,175,https://www.dohome.co.th/th/whiz-floor-cleaner-5200-ml-pink-10160079.html,60318683
"น้ำยาเช็ดกระจก KASSA HOME ขนาด 5,200 มล. สีฟ้า",158,https://www.thaiwatsadu.com/th/sku/60332047,219,https://www.dohome.co.th/th/kings-stella-glass-cleaner-5200-ml-10044863.html,60332047
ผ้าเช็ดอเนกประสงค์ KASSA HOME รุ่น 2023KT01 (แพ็ก 3 ชิ้น),98,https://www.thaiwatsadu.com/th/sku/60388218,159,https://www.dohome.co.th/th/doklean-multipurpose-cleaning-cloth-40x40-cm-model-h2o003-pack-5-10411715.html,60388218
ยางกวาดน้ำ 18 ด้าม AL1.2 KASSA HOME 45x7x130 cm. เทา,198,https://www.thaiwatsadu.com/th/sku/60230626,215,https://www.dohome.co.th/th/oppa-bubber-wiper-with-aluminium-handle-18-inch-10240882.html,60230626
ยางกวาดน้ำ 24 inch ด้าม AL 1.5 KASSA HOME 60x7x160 cm. เทา,228,https://www.thaiwatsadu.com/th/sku/60230628,249,https://www.dohome.co.th/th/oppa-bubber-wiper-with-aluminium-handle-24-inch-10240884.html?srsltid=AfmBOoot1U8Wplv5qymTYatF-3PGzzvXIMMeVT-_h4DGgbgZhGqZhXpD,60230628
ราวแขวนตั้งพื้นทรงกางปีก 1.58 ม. เหล็กเคลือบ KASSA HOME รุ่น YLT-0501E ขนาด 158 x 61 x (99-130) ซม.,688,https://www.thaiwatsadu.com/th/sku/60279409,890,https://www.dohome.co.th/th/decos-foldable-clothes-rack-no-149801-silver-10400406.html,60279409
ราวแขวนตั้งพื้นทรงเอคู่ 1 ม. เหล็กเคลือบ KASSA HOME 100x40x142 ซม. ขาว,298,https://www.thaiwatsadu.com/th/sku/60213857,329,https://www.dohome.co.th/th/steel-clothes-rail-a-shape-10376602.html,60213857
ลังผลไม้พร้อมหูจับ KASSA HOME รุ่น VCP-426BL ขนาด 55x 37x 30ซม. สีน้ำเงิน,188,https://www.thaiwatsadu.com/th/sku/60240596,225,https://www.dohome.co.th/th/clear-plastic-crate-best-seller-pop-blue-10359232.html,60240596
ลังผลไม้พร้อมหูจับ KASSA HOME รุ่น VCP-426RD ขนาด 55x 37x 30ซม. สีแดง,188,https://www.thaiwatsadu.com/th/sku/60240602,299,https://www.dohome.co.th/th/two-twin-plastic-fruit-basket-no-2540-10092393.html,60240602
ลังโปร่งทรงเตี้ย พร้อมหูจับ KASSA HOME รุ่น STW-DD สีดำ,108,https://www.thaiwatsadu.com/th/sku/60251504,139,https://www.dohome.co.th/th/transparent-plastic-crate-pop-dd-black-10359228.html,60251504
หม้อด้ามสแตนเลส 20 ซม KASSA HOME SN-0009 20x36x15 cm. เงิน,318,https://www.thaiwatsadu.com/th/sku/60355982,569,https://www.dohome.co.th/en/japanese-stainless-steel-pot-20-cm-10383276.html,60355982
ห่วงตากผ้าทรงเหลี่ยม สเตนเลส 20 กิ๊บ KASSA HOME MEEBUN 30x37x35 ซม. เงิน,158,https://www.thaiwatsadu.com/th/sku/60342203,159,https://www.dohome.co.th/th/stainless-steel-hanging-dryer-10376226.html?srsltid=AfmBOoqjFtvjUeaS1pvQy65YRoqOXijyI0w7T-MDx6P9IBfZOiCjfscb,60342203
อะไหล่ยางกวาดน้ำ 18 KASSA HOME 45x7x1.5 cm. ดำ,58,https://www.thaiwatsadu.com/th/sku/60230627,95,https://www.dohome.co.th/th/oppa-bubber-wiper-spare-partsr-18-inch-10247340.html,60230627
อะไหล่ยางกวาดน้ำ 24 KASSA HOME 60x7x1.5 cm. ดำ,68,https://www.thaiwatsadu.com/th/sku/60230629,115,https://www.dohome.co.th/th/oppa-bubber-wiper-spare-partsr-24-inch-10247342.html,60230629
เขียงพลาสติกทรงเหลี่ยม (ใหญ่) PIONEER รุ่น PN653G/P3 ขนาด 25.5 x 35.7 x 1 ซม. สีขาว,188,https://www.thaiwatsadu.com/th/sku/60141189,2990,https://www.dohome.co.th/th/square-plastic-cutting-board-23-x-37-cm-no-hh2337-white-10222112.html,60141189
แก้วน้ำ 14 ออนซ์ KASSA HOME รุ่น GY1270 สีใส,23,https://www.thaiwatsadu.com/th/sku/60288888,39,https://www.dohome.co.th/th/ocean-drinking-glass-tall-shape-420-ml-centra-hi-ball-10366494.html,60288888
แก้วไวน์ KASSA HOME รุ่น YCX1145 ขนาด 11 ออนซ์ สีใส,38,https://www.thaiwatsadu.com/th/sku/60318452,189.5,https://www.dohome.co.th/th/ocean-white-wine-glass-no-santa-pack-2-10340654.html,60318452
แปรงขัดพื้นด้ามเหล็ก LIAO รุ่น K130025 ขนาด 28 x 100 ซม. สีแดง - เทา,64,https://www.thaiwatsadu.com/th/sku/60284532,199,https://www.dohome.co.th/th/anchor-brand-floor-brush-pp-plastic-blue-10367501.html,60284532
ไม้กวาดไนล่อนพร้อมที่โกยผง KASSA HOME รุ่น CLS117026 สีเทา,168,https://www.thaiwatsadu.com/th/sku/60312718,727,https://www.dohome.co.th/th/broom-set-with-dustpan-no-esj43-cream-10319599.html,60312718
ไม้เช็ดกระจกหัวฟองน้ำและยางรีดน้ำ12นิ้ว ด้ามปรับ2ระดับ ยาว83-135ซม. KASSA HOME 32x11x135 ซม. เทา,198,https://www.thaiwatsadu.com/th/sku/60330894,206,https://www.dohome.co.th/th/oppa-sponge-mop-for-cleaning-glass-extendable-2-levels-size-12-inch-10247349.html?srsltid=AfmBOopFAGyaDs8nrYc4N_lFu5X8pLuHVZ4EcwaFzQ012p1obWsZemKp,60330894
Diff กาวตะปูสูตรน้ำ GIANT KINGKONG 280 มล. ขาว,98,https://www.thaiwatsadu.com/th/sku/60376528,158,https://www.dohome.co.th/th/d-fix-nail-glue-300-ml-no-djf66-10259128.html,60376528
กรรไกรตัดท่อพีวีซี GIANT KINGKONG PRO รุ่น KKP50312 ขนาด 42 มม. สีน้ำเงิน,187,https://www.thaiwatsadu.com/th/sku/60293192,187,https://www.dohome.co.th/th/nash-pvc-pipe-cutter-42-mm-no-ty10091-10188685.html,60293192
กรวยจราจร PVC GIANT KINGKONG รุ่น 7093 ขนาด 70 ซม. สีส้ม,428,https://www.thaiwatsadu.com/th/sku/60302744,533,https://www.dohome.co.th/th/nash-traffic-cones-70-cm-no7091-10234547.html,60302744
กระดาษ A4 GIANT KINGKONG รุ่น CopyPaperA4 70g 500s ขนาด A4 (แพ็ก 500 แผ่น) สีขาว,93,https://www.thaiwatsadu.com/th/sku/60255007,109,https://www.dohome.co.th/th/double-a-copy-paper-a4-70-gsm-500-sheets-10262796.html,60255007
กระดาษลูกฟูก 2 ชั้น GIANT KINGKONG รุ่น CN150/M ขนาด 48 นิ้ว x 80 ม. สีน้ำตาล,1180,https://www.thaiwatsadu.com/th/sku/60165867,1380,https://www.dohome.co.th/th/2-ply-corrugated-paper-width-48x80-m-weight-30-kg-10364692.html,60165867
กล่องเครื่องมือพลาสติกGIANT KINGKONGHL3055 16 นิ้ว ดำ-เหลือง,398,https://www.thaiwatsadu.com/th/sku/60212610,349,https://www.dohome.co.th/en/yoshino-plastic-tool-box-165-inch-jk04165-10376378.html,60212610
กล่องเครื่องมือพลาสติกพร้อมซีลยาง GIANT KINGKONG รุ่น HL30157-C ขนาด 16 นิ้ว สีดำ,338,https://www.thaiwatsadu.com/th/sku/60394093,388,https://www.dohome.co.th/th/nash-plastic-tools-box-16-5-inch-no-mj20148-10223196.html,60394093
กันชนแม่เหล็กใหญ่ 58x25.5x15 มม. GIANT KINGKONG CL.3130 ขาว,23,https://www.thaiwatsadu.com/th/sku/60282479,12,https://www.dohome.co.th/th/nash-bumper-door-magnet-mc901-white-10256374.html,60282479
กาวตะปูสูตรน้ำมัน GIANT KINGKONG 280 มล. ครีม,73,https://www.thaiwatsadu.com/th/sku/60376529,72,https://www.dohome.co.th/th/nash-oil-based-nail-glue-300-ml-model-dfj55-10412443.html,60376529
กิ๊บจับสลิง 3/8นิ้ว GIANT KINGKONG WR-38 ซิงค์ขาว,13,https://www.thaiwatsadu.com/th/sku/60307033,20,https://www.dohome.co.th/th/nash-wire-rope-clip-3-8-inch-no-din741-10249203.html?srsltid=AfmBOooPwBMqkYJqum1mX8GeSpe48z7UuB-B94DV17SIr4NoSOTMN9rk,60307033
คลิปปรับระดับกระเบื้อง 1.5 มม. GIANT KINGKONG PRO KKP 8119-1P 1.5MM ขาว แพ็ค 100 ชิ้น,95,https://www.thaiwatsadu.com/th/sku/60394132,149,https://www.dohome.co.th/th/marine-tile-leveling-line-15-mm-10393593.html?srsltid=AfmBOor4pwU0SpRjOkTqF4Ygjgt6rQlSua6-34wxg9mCo445pvgMEOUE,60394132
คลิปปรับระดับกระเบื้อง GIANT KINGKONG PRO KKP8117 1 มม. ขาว แพ็ค 100 ชิ้น,178,https://www.thaiwatsadu.com/th/sku/60329241,159,https://www.dohome.co.th/th/marine-tile-leveling-line-1-mm-10393512.html?srsltid=AfmBOoqU7FaZO-kTMNR0Egp1shP_3x1gnOsWQJ4adRSzPsXOkTvocfj7,60329241
คีมปากจิ้งจก GIANT KINGKONG PRO PL2003 8 นิ้ว น้ำเงิน-เทา,178,https://www.thaiwatsadu.com/th/sku/60268410,166,https://www.dohome.co.th/th/nash-combination-plier-8-inch-no-ty10115-10188652.html,60268410
ชุดเครื่องมือช่างอเนกประสงค์ GIANT KINGKONG PRO รุ่น KKP3991M (54 ชิ้น) สีน้ำเงิน - เทา,580,https://www.thaiwatsadu.com/th/sku/60293221,851,https://www.dohome.co.th/th/nash-hand-tools-set-69-pieces-10287204.html,60293221
ซีลยางประตูหน้าต่าง D GIANT KINGKONG 3-5.5มม. 6 ม.น้ำตาล,128,https://www.thaiwatsadu.com/th/sku/60310266,65,https://www.dohome.co.th/th/aluguard-door-rubber-seal-9x6-mm-6-m-brown-10383374.html,60310266
ซีลยางประตูหน้าต่าง D GIANT KINGKONG 3-5.5มม. 6 ม.เทา,128,https://www.thaiwatsadu.com/th/sku/60310262,65,https://www.dohome.co.th/th/aluguard-door-rubber-seal-9x6-mm-6-m-brown-10383374.html,60310262
ด้ามต่อลูกกลิ้งทาสี GIANT KINGKONG P202A03 2 เมตร ส้ม,98,https://www.thaiwatsadu.com/th/sku/60271310,174,https://www.dohome.co.th/th/nash-paint-roller-extension-handle-1-2-10285698.html,60271310
ด้ามต่อลูกกลิ้งทาสี GIANT KINGKONG รุ่น 1083425 ขนาด 3 เมตร,113,https://www.thaiwatsadu.com/th/sku/60342258,174,,60342258
ตลับเมตร GIANT KINGKONG PRO ขนาด 5 เมตร x 19 มม. สีน้ำเงิน - เทา,128,https://www.thaiwatsadu.com/th/sku/60293488,152,https://www.dohome.co.th/th/nash-tape-measure-5-m-no-abs055-19nc-10312463.html,60293488
ถาดรองลูกกลิ้งทาสีพลาสติก GIANT KINGKONG รุ่น PT10 ขนาด 10 นิ้ว สีดำ,78,https://www.thaiwatsadu.com/th/sku/60245711,80,https://www.dohome.co.th/th/nash-paint-roller-tray-10-inch-10279915.html,60245711
บันไดอลูมิเนียมทรง A ขึ้นลง 2 ทาง GIANT KINGKONG PRO LDGA2004D 4 ขั้น เงิน,1630,https://www.thaiwatsadu.com/th/sku/60289687,1639,https://www.dohome.co.th/th/nash-aluminium-ladder-2-way-4-step-no-lfd88al-10142444.html,60289687
บันไดอลูมิเนียมทรง A ขึ้นลง 2 ทาง GIANT KINGKONG PRO LDGA2007D 7 ขั้น เงิน,2480,https://www.thaiwatsadu.com/th/sku/60263922,2962,https://www.dohome.co.th/th/sanki-aluminum-ladder-with-tray-7-steps-10391218.html,60263922
บันไดอลูมิเนียมทรง A ขึ้นลง 2 ทาง GIANT KINGKONG PRO LDGA2008D 8 ขั้น เงิน,2980,https://www.thaiwatsadu.com/th/sku/60263923,3197,https://www.dohome.co.th/th/nash-aluminium-ladder-2-x-8-step-no-ao54-208-10142432.html,60263923
บันไดอลูมิเนียมทรง A แบบมีถาดขึ้นลงทางเดียว 6 ขั้น GIANT KINGKONG PRO รุ่น LDA1006D สีเงิน,1480,https://www.thaiwatsadu.com/th/sku/60263924,2676,https://www.dohome.co.th/th/sanki-aluminum-ladder-with-tray-6-steps-10391217.html,60263924
บันไดอลูมิเนียมทรง A แบบมีถาดขึ้นลงทางเดียว 7 ขั้น GIANT KINGKONG PRO รุ่น LDA1007D สีเงิน,1680,https://www.thaiwatsadu.com/th/sku/60263925,2962,https://www.dohome.co.th/th/sanki-aluminum-ladder-with-tray-7-steps-10391218.html,60263925
บันไดอลูมิเนียมทรง A แบบมีถาดขึ้นลงทางเดียว GIANT KINGKONG PRO LDGA1010DR 10 ขั้น เงิน,2470,https://www.thaiwatsadu.com/th/sku/60346042,2474,https://www.dohome.co.th/th/nash-aluminium-ladder-10-step-no-r-12210l-10177374.html,60346042
บันไดอลูมิเนียมยืดหดทรงพาด GIANT KINGKONG PRO AMT-04 12 ขั้น (3.8 เมตร) เงิน,5880,https://www.thaiwatsadu.com/th/sku/60311474,4923,https://www.dohome.co.th/th/nash-aluminium-extension-ladder-ladder-12-step-no-r-11712-10177342.html,60311474
บันไดอะลูมิเนียม 2 ตอนเลื่อนทรงพาด GIANT KINGKONG PRO รุ่น LZ2410W ขนาด 2 x 10 ขั้น สีเงิน,2880,https://www.thaiwatsadu.com/th/sku/60346046,4605,https://www.dohome.co.th/th/nash-sliding-ladder-10-step-no-r-128010n-10229901.html,60346046
บันไดอะลูมิเนียมอเนกประสงค์พับได้ GIANT KINGKONG PRO รุ่น HCSS-02 ขนาด 4 x 3 ขั้น สีเงิน,2380,https://www.thaiwatsadu.com/th/sku/60345788,2393,https://www.dohome.co.th/th/ladder-4-x-3-step-no-r-14203-10177373.html,60345788
บานพับประตูเหล็ก GIANT KINGKONG รุ่น 4320 (แพ็ก 3 ชิ้น) สีสเตนเลส,97,https://www.thaiwatsadu.com/th/sku/60262683,99,https://www.dohome.co.th/th/nash-stainless-steel-hinges-268ss-10220072.html,60262683
ปั๊มลมโรตารี่ GIANTTECH รุ่น KTBM2550 กำลัง 3 แรงม้า ขนาด 50 ลิตร สีแดง - ดำ,4580,https://www.thaiwatsadu.com/th/sku/60322613,5042,https://www.dohome.co.th/th/nash-rotary-air-compressor-50-l-3-hp-10141690.html,60322613
"ปากกาตรวจสอบกระแสไฟ 90 - 1,000 โวลต์ GIANT KINGKONG PRO รุ่น KKP1000M สีน้ำเงิน - ดำ",73,https://www.thaiwatsadu.com/th/sku/60334764,135,https://www.dohome.co.th/th/sumo-voltage-detector-pen-no-ac-90-10303068.html,60334764
ปืนยิงกาวซิลิโคน GIANT KINGKONG XY-103 9 นิ้ว แดง,63,https://www.thaiwatsadu.com/th/sku/60404588,68,https://www.dohome.co.th/th/nash-silicone-gun-9-inch-no-dt0524-48-10308445.html,60404588
ปืนยิงยาแนว GIANT KINGKONG รุ่น GH3016B ขนาด 9 นิ้ว สีส้ม,88,https://www.thaiwatsadu.com/th/sku/60194050,162,https://www.dohome.co.th/th/nash-silicone-gun-9-inch-no-ty11273-10188858.html,60194050
พรมอัดลอน 2มม.(ตัดขาย/ม.) หน้ากว้าง 2ม. GIANT KINGKONG XI05-25M (2mm.) เทา-ดำ,188,https://www.thaiwatsadu.com/th/sku/60223704,490,https://www.dohome.co.th/th/corrugated-mat-no-448-white-grey-10005866.html,60223704
พุ๊กเหล็ก 5/16นิ้ว GIANT KINGKONG ซิงค์รุ้ง แพ็ค 100 ตัว,420,https://www.thaiwatsadu.com/th/sku/60374086,520,https://www.dohome.co.th/th/nash-sleeve-anchor-5-16-inch-shark-10244343.html,60374086
พุ๊กเหล็ก 5/16นิ้ว GIANT KINGKONG ซิงค์รุ้ง แพ็ค 5 ตัว,27,https://www.thaiwatsadu.com/th/sku/60374085,52,https://www.dohome.co.th/th/nash-sleeve-anchor-5-16-inch-shark-10244343.html,60374085
ฟิล์มยืด20 ไมครอน 25ซม.x200ม. GIANT KINGKONG ใส,165,https://www.thaiwatsadu.com/th/sku/60366774,165,https://www.dohome.co.th/th/cling-film-20-micron-30-cm-x-200-m-10310432.html,60366774
ฟิล์มยืดพันพาเลท 15 ไมครอน GIANT KINGKONG รุ่น MH50-220-15 ขนาด 0.5 x 220 เมตร สีใส,138,https://www.thaiwatsadu.com/th/sku/60358586,209,https://www.dohome.co.th/th/stretch-film-15-micron-300-m-clear-10236866.html,60358586
ฟิล์มยืดพันพาเลท 15 ไมครอน GIANT KINGKONG รุ่น MH50-300-15 สีใส,178,https://www.thaiwatsadu.com/th/sku/60260200,209,https://www.dohome.co.th/th/stretch-film-15-micron-300-m-clear-10236866.html,60260200
ฟิล์มยืดพันพาเลท 20 ไมครอน GIANT KINGKONG รุ่น MH50-300-20 ขนาด 0.5 x 300 เมตร สีใส,258,https://www.thaiwatsadu.com/th/sku/60358587,269,https://www.dohome.co.th/th/stretch-film-20-micron-300-m-clear-10236868.html,60358587
มือจับก้านโยกห้องน้ำซิงค์พรีเมี่ยมจานสี่เหลี่ยม GIANT KINGKONG 8807BK-MB ดำด้าน,620,https://www.thaiwatsadu.com/th/sku/60365811,725,https://www.dohome.co.th/en/yoshino-door-lever-no-ek6k1-bx-law-black-10405452.html,60365811
ยางกั้นล้อรถยนต์ GIANT KINGKONG RB-10E-3 60x12x10 ซม. ดำ-เหลือง,358,https://www.thaiwatsadu.com/th/sku/60198858,256,https://www.dohome.co.th/th/nash-brake-tire-57x115x8-cm-10290136.html,60198858
ยางหนุนล้อรถบรรทุก GIANT KINGKONG DT-ZTQ03 16x19x29 ซม. ดำ-เหลือง,330,https://www.thaiwatsadu.com/th/sku/60262407,366,https://www.dohome.co.th/th/wheel-chock-29x16x19-cm-no-9093-10316653.html,60262407
รถเข็นของตลาดหลังตรง 2 ล้อยางลม 10 นิ้ว GIANT KINGKONG TT1925CA 250 กก.เหลือง,1280,https://www.thaiwatsadu.com/th/sku/60340298,1987,https://www.dohome.co.th/th/nash-heavy-duty-trolley-with-air-wheels-10-inches-250-kg-10383695.html,60340298
รถเข็นท้องแบนพื้นพลาสติก 4 ล้อด้ามจับพับเก็บได้ GIANT KINGKONG รุ่น TT7300CA ขนาด 300 กก. สีฟ้า,1280,https://www.thaiwatsadu.com/th/sku/60259411,1470,https://www.dohome.co.th/th/trolley-300-kg-10066705.html,60259411
รถเข็นท้องแบนพื้นเหล็ก 4 ล้อด้ามจับพับเก็บได้ GIANT KINGKONG รุ่น TT0150CA ขนาด 150 กก. สีน้ำเงิน,780,https://www.thaiwatsadu.com/th/sku/60259408,969,https://www.dohome.co.th/th/trolley-150-kg-10066707.html,60259408
รถเข็นท้องแบนพื้นเหล็ก 4 ล้อด้ามจับพับเก็บได้ GIANT KINGKONG รุ่น TT2300CA ขนาด 300 กก. สีน้ำเงิน,1380,https://www.thaiwatsadu.com/th/sku/60259410,1470,https://www.dohome.co.th/th/trolley-300-kg-10066705.html,60259410
รถเข็นปูนล้อคู่แมกซ์ 12 นิ้ว GIANT KINGKONG HB4511A 65 ลิตร (250 กก.) ส้ม,1500,https://www.thaiwatsadu.com/th/sku/60321429,2166,https://www.dohome.co.th/th/concrete-trolley-with-double-wheel-12-inch-orange-10182893.html,60321429
รถเข็นปูนล้อเดี่ยวตัน 13 นิ้ว GIANT KINGKONG HB-6200 60 ลิตร (130 กก.) แดง,1080,https://www.thaiwatsadu.com/th/sku/60328859,1784,https://www.dohome.co.th/th/nash-cement-trolley-single-air-wheel-15-inches-orange-130-kg-10383616.html,60328859
รถเข็นปูนล้อเดี่ยวสูบลม 13 นิ้ว GIANT KINGKONG HB-5204 62.5 ลิตร (80 กก.) เหลือง,880,https://www.thaiwatsadu.com/th/sku/60328858,1156,https://www.dohome.co.th/th/nash-cement-trolley-single-air-wheel-13-inches-yellow-80-kg-10383677.html?srsltid=AfmBOorWk3X-zG_H_w5qExCWtriiufw-7zsPadYKd6VAel-zcvLCIRat,60328858
รถเข็นปูนล้อเดี่ยวสูบลม 14 นิ้ว GIANT KINGKONG HB-6418 95 ลิตร (200 กก.) เขียว,1680,https://www.thaiwatsadu.com/th/sku/60328861,2541,https://www.dohome.co.th/th/nash-cement-trolley-single-air-wheel-14-inches-green-200-kg-10383679.html,60328861
รถเข็นปูนล้อเดี่ยวแมกซ์ 12 นิ้ว GIANT KINGKONG HB6200-1 65 ลิตร (180 กก.) ส้ม,1200,https://www.thaiwatsadu.com/th/sku/60321427,1429,https://www.dohome.co.th/th/concrete-trolley-with-single-wheel-12-inch-orange-10182892.html,60321427
รอกโซ่มือสาวทรงกลม GIANT KINGKONG รุ่น 605-1A(3m) ขนาด 1 ตัน x 3 เมตร สีแดง,1300,https://www.thaiwatsadu.com/th/sku/60221082,1300,https://www.dohome.co.th/th/nash-chain-block-1-t-no-hsz-1-10141836.html,60221082
ลูกกลิ้งทาสี GIANT KINGKONG HP 10 10 นิ้ว,78,https://www.thaiwatsadu.com/th/sku/60219887,52,https://www.dohome.co.th/th/nash-paint-roller10-inch-no-rts-010-10185198.html,60219887
ลูกกลิ้งทาสี GIANT KINGKONG PR-004 4 นิ้ว,53,https://www.thaiwatsadu.com/th/sku/60271294,50,https://www.dohome.co.th/th/nash-paint-roller4-inch-no-rts-004-10185189.html,60271294
ลูกกลิ้งทาสี GIANT KINGKONG รุ่น PR-007 ขนาด 7 นิ้ว,58,https://www.thaiwatsadu.com/th/sku/60271295,60,https://www.dohome.co.th/th/nash-paint-roller7-inch-no-rts-007-10185194.html,60271295
ลูกบิดห้องทั่วไปหัวจันจานใหญ่สเตนเลส GIANT KINGKONG 5791ET SS เงิน,158,https://www.thaiwatsadu.com/th/sku/60318385,129,https://www.dohome.co.th/th/nash-stainless-door-knob-no-587ss-l-et-10260692.html,60318385
ล้อ PP แบบแป้น หมุนได้ ไม่มีเบรก GIANT KINGKONG รุ่น Z07-01-040-505W ขนาด 4 ซม. สีขาว,20,https://www.thaiwatsadu.com/th/sku/60282808,49,https://www.dohome.co.th/th/nash-nylon-wheel-with-caster-3-inch-10239376.html,60282808
ล้อยาง(นั่งร้าน)แบบเดือยหมุนได้มีเบรค GIANT KINGKONG รุ่น 1158-160 ขนาด 16 ซม. สีดำ,428,https://www.thaiwatsadu.com/th/sku/60139194,530.4,https://www.dohome.co.th/th/horse-caster-wheel-with-braker-8-inch-10052144.html,60139194
สกรูปลายสว่านหัวหกเหลี่ยม 10x30มม. GIANT KINGKONG HSD-1030-50 ซิงค์รุ้ง แพ็ค 50 ตัว,87,https://www.thaiwatsadu.com/th/sku/60314839,263,https://www.dohome.co.th/th/nash-self-drilling-screw-10-x-30-bronze-10122159.html,60314839
สกรูปลายสว่านหัวหกเหลี่ยม 10x65มม. GIANT KINGKONG HSD-1065-50 ซิงค์รุ้ง แพ็ค 50 ตัว,107,https://www.thaiwatsadu.com/th/sku/60314845,199,https://www.dohome.co.th/th/nash-double-corrugation-screw-steel-purlin-65mm-size-10-gold10164573.html,60314845
อะไหล่ลูกกลิ้งทาสี GIANT KINGKONG HP 10C 10 นิ้ว,58,https://www.thaiwatsadu.com/th/sku/60271306,76,https://www.dohome.co.th/th/nash-paint-roller-size-10-inches-10285691.html,60271306
อุปกรณ์ปรับระดับกระเบื้อง GIANT KINGKONG PRO รุ่น ZPQ-01 (แพ็ค 50 ชิ้น) สีดำ - น้ำเงิน,225,https://www.thaiwatsadu.com/th/sku/60326647,225,https://www.dohome.co.th/th/marine-tile-leveling-device-orange-10393596.html,60326647
เกลียวเร่ง(ตะขอ-ห่วง) 1/2นิ้ว GIANT KINGKONG TBK-12 ซิงค์ขาว,79,https://www.thaiwatsadu.com/th/sku/60306953,85,https://www.dohome.co.th/th/nash-wire-rope-tensioner-1-2-inch-10069950.html,60306953
เกลียวเร่ง(ตะขอ-ห่วง) 3/4นิ้ว GIANT KINGKONG TBK-34 ซิงค์ขาว,148,https://www.thaiwatsadu.com/th/sku/60306963,148,https://www.dohome.co.th/th/nash-wire-rope-tensioner-3-4-inch-10051311.html,60306963
เกลียวเร่ง(ตะขอ-ห่วง) 5/16นิ้ว GIANT KINGKONG TBK-516 ซิงค์ขาว,28,https://www.thaiwatsadu.com/th/sku/60306945,69,https://www.dohome.co.th/th/nash-wire-rope-tensioner-5-16-inch-10307506.html,60306945
เข็มขัดนิรภัยเต็มตัว GIANT KINGKONG รุ่น SA-100 ขนาด 180 ซม. สีเขียว - เหลือง,798,https://www.thaiwatsadu.com/th/sku/60211306,984,https://www.dohome.co.th/th/nash-safety-belt-no-np-787b-10231061.html,60211306
เครื่องชั่งดิจิทัลแบบตั้งโต๊ะ (คำนวณราคา) GIANT KINGKONG รุ่น ACS-3209 ขนาด 30 กก. / 10 กรัม,1180,https://www.thaiwatsadu.com/th/sku/60304712,2953,https://www.dohome.co.th/th/tiny-digital-scale-30-kg-no-jc41-30-10264344.html,60304712
เครื่องซีลปากถุง GIANT KINGKONG รุ่น PFS-300I ขนาด 12 นิ้ว 320 วัตต์,980,https://www.thaiwatsadu.com/th/sku/60326461,1129,https://www.dohome.co.th/th/aluminum-bag-rolling-machine-12-inches-no-pcs300a-10302488.html,60326461
"เครื่องตัดไฟเบอร์ 14 นิ้ว 2,400 วัตต์ GIANTTECH รุ่น 813",2980,https://www.thaiwatsadu.com/th/sku/60291533,3939,https://www.dohome.co.th/th/nash-cut-off-machine-14-inch-no-cos805-10277728.html,60291533
เครื่องเป่าลม 600 วัตต์ GIANTTECH รุ่น HN-5016,480,https://www.thaiwatsadu.com/th/sku/60291532,1225,https://www.dohome.co.th/th/nash-air-blower-no-mt40sa-10180552.html,60291532
"เครื่องเป่าลมร้อน 2,000 วัตต์ GIANTTECH รุ่น HG001",480,https://www.thaiwatsadu.com/th/sku/60293882,693,https://www.dohome.co.th/th/nash-hot-air-gun-2000-w-no-hag016-10277732.html,60293882
เจโบลท์ 1 x 500มม. GIANT KINGKONG JB1050 แพ็ค 1 ชุด,213,https://www.thaiwatsadu.com/th/sku/60398200,209,https://www.dohome.co.th/en/j-type-screw-1-inch-x-50-cm-10201460.html,60398200
เจโบลท์ 1 x 600มม. GIANT KINGKONG JB1060 แพ็ค 1 ชุด,228,https://www.thaiwatsadu.com/th/sku/60398201,231,https://www.dohome.co.th/en/j-type-screw-1-inch-x-60-cm-10201461.html,60398201
เจโบลท์ 1/2 x 300มม. GIANT KINGKONG JB1230 แพ็ค 1 ชุด,43,https://www.thaiwatsadu.com/th/sku/60398189,44,https://www.dohome.co.th/th/j-type-screw-1-2-inch-x-30-cm-10201454.html,60398189
เจโบลท์ 1/2 x 400มม. GIANT KINGKONG JB1240 แพ็ค 1 ชุด,48,https://www.thaiwatsadu.com/th/sku/60398190,72,https://www.dohome.co.th/th/j-type-screw-1-2-inch-x-40-cm-10201455.html,60398190
เจโบลท์ 1/2 x 500มม. GIANT KINGKONG JB1250 แพ็ค 1 ชุด,58,https://www.thaiwatsadu.com/th/sku/60398191,69,https://www.dohome.co.th/th/j-type-screw-1-2-inch-x-50-cm-10201456.html,60398191
เจโบลท์ 3/4 x 500มม. GIANT KINGKONG JB3450 แพ็ค 1 ชุด,128,https://www.thaiwatsadu.com/th/sku/60398198,137,https://www.dohome.co.th/th/j-type-screw-3-4-inch-x-50-cm-10175218.html,60398198
เจโบลท์ 3/4 x 600มม. GIANT KINGKONG JB3460 แพ็ค 1 ชุด,138,https://www.thaiwatsadu.com/th/sku/60398199,157,https://www.dohome.co.th/th/j-type-screw-3-4-inch-x-60-cm-10201453.html,60398199
เจโบลท์ 5/8 x 400มม. GIANT KINGKONG JB5840 แพ็ค 1 ชุด,78,https://www.thaiwatsadu.com/th/sku/60398193,95,https://www.dohome.co.th/th/j-type-screw-5-8-inch-x-40-cm-10201457.html,60398193
เจโบลท์ 5/8 x 500มม. GIANT KINGKONG JB5850 แพ็ค 1 ชุด,89,https://www.thaiwatsadu.com/th/sku/60398194,112,https://www.dohome.co.th/th/j-type-screw-5-8-inch-x-50-cm-10201458.html,60398194
เจโบลท์ 5/8 x 600มม. GIANT KINGKONG JB5860 แพ็ค 1 ชุด,98,https://www.thaiwatsadu.com/th/sku/60398195,136,https://www.dohome.co.th/th/j-type-screw-5-8-inch-x-60-cm-10201459.html,60398195
เทปกาวบิวทิล GIANT KINGKONG BRT15-20003 1.5 มม x 20 ซม. x 3 ม. ดำ,258,https://www.thaiwatsadu.com/th/sku/60329751,1412,https://www.dohome.co.th/th/nash-large-flashing-tape-20-cm-x-3-m-10272148.html,60329751
เทปกาวบิวทิล GIANT KINGKONG BRT15-30010 1.5 มม x 30 ซม x 10 ม. ดำ,998,https://www.thaiwatsadu.com/th/sku/60329754,1287,https://www.dohome.co.th/th/nash-jumbo-flashing-tape-30-cm-x-10-m-10262345.html,60329754
เทปกาวยางบิวทิล GIANT KINGKONG รุ่น BRT15-1003 ขนาด 1.5 มม. x 10 ซม. x 3 ม. สีดำ,158,https://www.thaiwatsadu.com/th/sku/60322594,234,https://www.dohome.co.th/th/dr-fixit-gap-seal-tape-10-cm-x3-m-black-10181624.html,60322594
เทปปิดกล่อง GIANT KINGKONG ขนาด 48 มม. x 45 หลา (แพ็ค 12 ม้วน) สีใส,198,https://www.thaiwatsadu.com/th/sku/60210953,358,https://www.dohome.co.th/th/3m-box-sealing-tape-48-mm-x-40-yd-clear-pack-6-10196124.html,60210953
เหล็กฉากเจาะรูหนา 1.8 มม. GIANT KINGKONG FWIRBK18 1.1/2x1.1/2x3 M. ดำ,178,https://www.thaiwatsadu.com/th/sku/60420128,145,https://www.dohome.co.th/th/angle-steel-11-2-x-11-2-inches-thickness-1-8-mm-black-10248971-q.html,60420128
เหล็กฉากเจาะรูหนา 1.8 มม. GIANT KINGKONG FWIRGY18 1.1/2x1.1/2x3 M. เทา,178,https://www.thaiwatsadu.com/th/sku/60420129,145,https://www.dohome.co.th/th/angle-steel-11-2-x-11-2-inches-thickness-1-8-mm-white-10314118-q.html?srsltid=AfmBOorHcHMiWX67Kjuojl4gBOuVt3Iq9muKNjf_5i1K0R3_heAVhwWi,60420129
เหล็กเพลทสี่เหลี่ยมหนา 6 มม. (เจาะรู 1.2ซม.) GIANT KINGKONG รุ่น HSD-1050-50 ขนาด 4 x 4 นิ้ว,28,https://www.thaiwatsadu.com/th/sku/60315066,28,https://www.dohome.co.th/th/square-steel-sheet-with-holes-4x4-inches-thickness-6-mm-10305825-q.html,60315066
เหล็กเพลทสี่เหลี่ยมหนา 6 มม. (เจาะรู 1.5ซม.) GIANT KINGKONG รุ่น HSD-1075-50 ขนาด 6 x 6 นิ้ว,68,https://www.thaiwatsadu.com/th/sku/60315068,72,https://www.dohome.co.th/th/square-steel-sheet-drilled-holes-6x6-inches-thickness-6-mm-10305831-q.html,60315068
เหล็กเพลทสี่เหลี่ยมหนา 6 มม. GIANT KINGKONG รุ่น HSC-1290-50 ขนาด 8 x 8 นิ้ว,147,https://www.thaiwatsadu.com/th/sku/60315061,120,https://www.dohome.co.th/th/square-steel-sheet-8x8-inches-thickness-6-mm-10049525-q.html,60315061
เหล็กเพลทสี่เหลี่ยมหนา 6 มม.(เจาะรู 1.2 ซม.) GIANT KINGKONG รุ่น HSD-1065-50 ขนาด 5 x 5 นิ้ว,38,https://www.thaiwatsadu.com/th/sku/60315067,38,https://www.dohome.co.th/th/square-steel-sheet-with-holes-5x5-inches-thickness-6-mm-10305829-q.html,60315067
เหล็กเพลทสี่เหลี่ยมหนา 6มม. 6x6นิ้ว GIANT KINGKONG SP6*6,89,https://www.thaiwatsadu.com/th/sku/60315059,63,https://www.dohome.co.th/th/square-steel-sheet-6x6-inches-thickness-6-mm-10049504-q.html?srsltid=AfmBOoqapohK0Hege5A2zzxoEwonLQKfJYVkUh3SdjYvEuf2luVeByTT,60315059
แท่นตัดกระเบื้อง 24 นิ้ว GIANT KINGKONG PRO รุ่น KF9096-600 ขนาด 600 มม. สีน้ำเงิน,2280,https://www.thaiwatsadu.com/th/sku/60311475,3101,https://www.dohome.co.th/th/eurox-tile-cutter-60-cm-10223798.html,60311475
แปรงทาสีขนสังเคราะห์ด้ามพลาสติก GIANT KINGKONG รุ่น FD03 ขนาด 2.0 นิ้ว,33,https://www.thaiwatsadu.com/th/sku/60245644,38,https://www.dohome.co.th/th/nash-paint-brush-2-inch-no-nm002-10224018.html,60245644
แปรงทาสีขนสังเคราะห์ด้ามพลาสติก GIANT KINGKONG รุ่น FD05 ขนาด 3 นิ้ว,43,https://www.thaiwatsadu.com/th/sku/60245647,44,https://www.dohome.co.th/th/nash-paint-brush-3-inch-no-nm001-10224011.html,60245647
แปรงทาสีน้ำมันขนสัตว์ ด้ามพลาสติก GIANT KINGKONG รุ่น BPB05 ขนาด 2 นิ้ว สีน้ำตาล,17,https://www.thaiwatsadu.com/th/sku/60342248,38,https://www.dohome.co.th/th/nash-paint-brush-2-inch-no-nm002-10224018.html,60342248
แปรงทาสีน้ำมันขนสัตว์ ด้ามพลาสติก GIANT KINGKONG รุ่น BPB06 ขนาด 2.5 นิ้ว สีน้ำตาล,28,https://www.thaiwatsadu.com/th/sku/60342249,39,https://www.dohome.co.th/th/nash-paint-brush-2-1-2-inch-no-nm001-10224010.html,60342249
แปรงทาสีน้ำมันขนสัตว์ด้ามไม้ GIANT KINGKONG รุ่น PB-037-2 ขนาด 2 นิ้ว,28,https://www.thaiwatsadu.com/th/sku/60271279,38,https://www.dohome.co.th/th/nash-paint-brush-2-inch-no-nm002-10224018.html,60271279
แปรงทาสีน้ำมันขนสัตว์ด้ามไม้ GIANT KINGKONG รุ่น PB-037-3 ขนาด 3 นิ้ว,38,https://www.thaiwatsadu.com/th/sku/60271286,54,https://www.dohome.co.th/th/nash-paint-brush-3-inch-no-nm002-10224022.html,60271286
แปรงทาสีน้ำมันขนสัตว์ด้ามไม้ GIANT KINGKONG รุ่น PB-037-4 ขนาด 4.0 นิ้ว,58,https://www.thaiwatsadu.com/th/sku/60271289,62,https://www.dohome.co.th/th/nash-paint-brush-4-inch-no-nm001-10224013.html,60271289
แอลโบลท์ 1/2 x 300มม. GIANT KINGKONG LB1230 แพ็ค 1 ชุด,38,https://www.thaiwatsadu.com/th/sku/60398202,62,https://www.dohome.co.th/th/l-shaped-screws-1-2-30-cm-10202376.html,60398202
แอลโบลท์ 1/2 x 400มม. GIANT KINGKONG LB1240 แพ็ค 1 ชุด,43,https://www.thaiwatsadu.com/th/sku/60398203,70,https://www.dohome.co.th/th/l-type-screw-1-2-inch-x-40-cm-10202377.html,60398203
แอลโบลท์ 1/2 x 500มม. GIANT KINGKONG LB1250 แพ็ค 1 ชุด,53,https://www.thaiwatsadu.com/th/sku/60398204,86,https://www.dohome.co.th/th/l-type-screw-1-2-inch-x-50-cm-10202378.html,60398204
แอลโบลท์ 3/4 x 300มม. GIANT KINGKONG LB3430 แพ็ค 1 ชุด,88,https://www.thaiwatsadu.com/th/sku/60398209,115,https://www.dohome.co.th/th/l-type-screw-3-4-inch-x-30-cm-10202384.html,60398209
แอลโบลท์ 3/4 x 400มม. GIANT KINGKONG LB3440 แพ็ค 1 ชุด,113,https://www.thaiwatsadu.com/th/sku/60398210,119,https://www.dohome.co.th/th/l-type-screw-3-4-inch-x-40-cm-10202385.html,60398210
แอลโบลท์ 3/4 x 500มม. GIANT KINGKONG LB3450 แพ็ค 1 ชุด,123,https://www.thaiwatsadu.com/th/sku/60398211,137,https://www.dohome.co.th/th/l-type-screw-3-4-inch-x-50-cm-10202386.html,60398211
แอลโบลท์ 3/4 x 600มม. GIANT KINGKONG LB3460 แพ็ค 1 ชุด,133,https://www.thaiwatsadu.com/th/sku/60398212,188,https://www.dohome.co.th/th/l-type-screw-3-4-inch-x-60-cm-10202387.html,60398212
แอลโบลท์ 5/8 x 300มม. GIANT KINGKONG LB5830 แพ็ค 1 ชุด,58,https://www.thaiwatsadu.com/th/sku/60398205,68,https://www.dohome.co.th/th/l-type-screw-5-8-inch-x-30-cm-10202380.html,60398205
แอลโบลท์ 5/8 x 400มม. GIANT KINGKONG LB5840 แพ็ค 1 ชุด,73,https://www.thaiwatsadu.com/th/sku/60398206,86,https://www.dohome.co.th/th/l-type-screw-5-8-inch-x-40-cm-10202381.html,60398206
แอลโบลท์ 5/8 x 500มม. GIANT KINGKONG LB5850 แพ็ค 1 ชุด,83,https://www.thaiwatsadu.com/th/sku/60398207,134,https://www.dohome.co.th/th/l-type-screw-5-8-inch-x-50-cm-10202382.html,60398207
แอลโบลท์ 5/8 x 600มม. GIANT KINGKONG LB5860 แพ็ค 1 ชุด,93,https://www.thaiwatsadu.com/th/sku/60398208,138,https://www.dohome.co.th/th/l-type-screw-5-8-inch-x-60-cm-10202383.html,60398208
โพลียูรีเทนยาแนว GIANT KINGKONG 600 มล. สีขาว,218,https://www.thaiwatsadu.com/th/sku/60398260,299,https://www.dohome.co.th/th/besbond-polyurethane-glue-600ml-white-10405383.html,60398260
โพลียูรีเทนยาแนว GIANT KINGKONG 600 มล. สีเทา,218,https://www.thaiwatsadu.com/th/sku/60398261,299,https://www.dohome.co.th/th/besbond-polyurethane-glue-600ml-gray-10405384.html,60398261
โฟมแผ่น 1 นิ้ว GIANT KINGKONG ขนาด 60 x 120 ซม. สีขาว,53,https://www.thaiwatsadu.com/th/sku/60175571,190,https://www.dohome.co.th/th/foam-ball-1-inch-10012156.html,60175571
โฟมแผ่น 1/2 นิ้ว GIANT KINGKONG ขนาด 60 x 120 ซม. สีขาว,30,https://www.thaiwatsadu.com/th/sku/60175574,85,https://www.dohome.co.th/th/foam-sheet-for-construction-2-foot-x4-foot-x2-inch-10196214.html,60175574
โฟมแผ่น 2 นิ้ว GIANT KINGKONG ขนาด 60 x 120 ซม. สีขาว,97,https://www.thaiwatsadu.com/th/sku/60175573,158,https://www.dohome.co.th/th/foam-ball-2-inch-10004643.html,60175573
โฟมแผ่น 3/4 นิ้ว GIANT KINGKONG ขนาด 60 x 120 ซม.สีขาว,43,https://www.thaiwatsadu.com/th/sku/60175575,168,https://www.dohome.co.th/th/foam-ball-3-4-inch-10003722.html,60175575
ใบตัดเหล็ก 4 นิ้ว GIANTTECH รุ่น A60TBF2 ขนาด 100 x 1.0 x 16 มม.,9,https://www.thaiwatsadu.com/th/sku/60287092,95,https://www.dohome.co.th/th/nash-cut-off-wheel-4-inch-no-2603-10185375.html,60287092
บัวฝ้าโพลีสไตรีน TIMELESS KASSA รุ่น 1040-21076 ขนาด 1 x 290 x 6.8 ซม. สีแบล็กโอ๊ก,163,https://www.thaiwatsadu.com/th/sku/60328491,185,https://www.dohome.co.th/th/lotus-wood-on-estylene-model-bb004-07-rosewood-color-10335735.html,60328491
บัวฝ้าโพลีสไตรีน TIMELESS KASSA รุ่น 1040-E136 ขนาด 1 x 290 x 6.8 ซม. สีไม้พะยูง,163,https://www.thaiwatsadu.com/th/sku/60328489,185,https://www.dohome.co.th/th/lotus-wood-on-estylene-model-bb004-07-rosewood-color-10335735.html,60328489
บัวฝ้าโพลีสไตรีน TIMELESS KASSA รุ่น 1040-W1 ขนาด 1 x 290 x 6.8 ซม. สีขาว,163,https://www.thaiwatsadu.com/th/sku/60328493,185,https://www.dohome.co.th/th/lotus-stick-on-estylene-model-bb004-06-white-10335734.html,60328493
บัวพื้นโพลีสไตรีน TIMELESS KASSA รุ่น 581-21076 ขนาด 1.5 x 290 x 8 ซม. สีแบล็กโอ๊ก,188,https://www.thaiwatsadu.com/th/sku/60328500,289,https://www.dohome.co.th/th/finext-under-cornice-wood-ethylene-4-inchx2-9m-no-jc157-372-10185907.html,60328500
บัวพื้นโพลีสไตรีน TIMELESS KASSA รุ่น 581-5420 ขนาด 1.5 x 290 x 8 ซม. สีไม้สัก,188,https://www.thaiwatsadu.com/th/sku/60328494,289,https://www.dohome.co.th/th/finext-under-cornice-wood-ethylene-4-inchx2-9m-no-jc157-29-10185908.html,60328494
บัวพื้นโพลีสไตรีน TIMELESS KASSA รุ่น 581-E136 ขนาด 1.5 x 290 x 8 ซม. สีไม้พะยูง,188,https://www.thaiwatsadu.com/th/sku/60328497,289,https://www.dohome.co.th/th/finext-under-cornice-wood-ethylene-4-inchx2-9m-no-jc157-372-10185907.html,60328497
บัวพื้นโพลีสไตรีน TIMELESS KASSA รุ่น 581-W1 ขนาด 290 x 1.5 x 8 ซม. สีขาว,188,https://www.thaiwatsadu.com/th/sku/60328502,235,https://www.dohome.co.th/th/finext-under-cornice-wood-ethylene-3-inchx2-9m-no-jc13-w1-10185896.html,60328502
แผ่นผนัง KASSA V106 25*297*0.7 ซม. สีขาวงาช้าง,188,https://www.thaiwatsadu.com/th/sku/60289771,219,https://www.dohome.co.th/th/finext-pvc-frosted-sheet-30x297x07-cm-dark-brown-10391963.html,60289771
แผ่นผนัง KASSA W102 25*297*0.7 ซม. สีเมเปิ้ล,188,https://www.thaiwatsadu.com/th/sku/60289906,219,https://www.dohome.co.th/th/finext-pvc-ceiling-board-30x297x07-cm-brown-bark-10391902.html,60289906
แผ่นผนัง NATURAL WOODLOOK KASSA 1079-706T 13x1.2x290 ซม. สีไลท์ทีค,258,https://www.thaiwatsadu.com/th/sku/60365768,365,https://www.dohome.co.th/th/finext-decorative-wall-panel-2-9-meters-no-1020-706g-lightwood-10379496.html,60365768
แผ่นผนัง NATURAL WOODLOOK KASSA 1079-708T 13x1.2x290 ซม. สีบราวน์ทีค,258,https://www.thaiwatsadu.com/th/sku/60365769,365,https://www.dohome.co.th/th/finext-decorative-wall-panel-2-9-meters-no-1020-aa585-wood-color-10379499.html,60365769
แผ่นผนัง PVC KASSA รุ่น 30V101 ขนาด 30 x 297 x 0.75 ซม. สีไลท์วอนัท,218,https://www.thaiwatsadu.com/th/sku/60303955,219,https://www.dohome.co.th/en/finext-pvc-ceiling-board-30x297x07-cm-brown-bark-10391902.html,60303955
ไม้บัวล่าง KASSA DUKE รุ่น INT001-01 BW1601 ขนาด 1 x 290 x 10 ซม. สีไม้สัก,188,https://www.thaiwatsadu.com/th/sku/60259487,235,https://www.dohome.co.th/th/finext-under-cornice-wood-ethylene-4-inchx2-9m-no-jc422-372-10223038.html,60259487
ไม้บัวล่าง KASSA DUKE รุ่น INT001-04 BW1601 ขนาด 1 x 290 x 10 ซม. สีสักอ่อน,188,https://www.thaiwatsadu.com/th/sku/60259490,289,https://www.dohome.co.th/th/finext-under-cornice-wood-ethylene-4-inchx2-9m-no-jc157-29-10185908.html,60259490
ไม้บัวล่าง KASSA DUKE รุ่น INT001-06 BW1601 ขนาด 1 x 290 x 10 ซม. สีขาว,188,https://www.thaiwatsadu.com/th/sku/60259491,305,https://www.dohome.co.th/th/finext-under-cornice-wood-ethylene-4-inchx2-9m-no-jc157-w1-10185905.html,60259491
ไม้บัวล่าง KASSA WOODLOOK รุ่น 903-0896T ขนาด 1.2 x 290 x 9 ซม. สีไลท์โอ๊ก,188,https://www.thaiwatsadu.com/th/sku/60311777,245,https://www.dohome.co.th/th/finext-under-cornice-wood-ethylene-4-inchx2-9m-no-jc422-730-10223048.html,60311777
ไม้บัวล่าง KASSA WOODLOOK รุ่น 903-5518T ขนาด 1.2 x 290 x 9 ซม.สีดาร์กเกรย์,188,https://www.thaiwatsadu.com/th/sku/60311780,289,https://www.dohome.co.th/th/finext-under-cornice-wood-ethylene-4-inchx2-9m-no-157-19cm-10310029.html,60311780
ไม้บัวล่าง KASSA WOODLOOK รุ่น 903-73461T ขนาด 1.2 x 290 x 9 ซม. สีคลาสสิกเกรย์,188,https://www.thaiwatsadu.com/th/sku/60311768,289,https://www.dohome.co.th/th/finext-under-cornice-wood-ethylene-4-inchx2-9m-no-157-19cm-10310029.html,60311768
ชุดครัวสำเร็จรูปท็อปซิงค์ ZAGIO รุ่น B ขนาด 120 ซม. สีไอวอรี่,13980,https://www.thaiwatsadu.com/th/sku/60267459,27990,https://www.dohome.co.th/th/finext-1-4-meter-ready-kitchen-set-mint-green-10359582.html,60267459
ชุดสะดืออ่างล้างจานพร้อมท่อน้ำล้น ท่อน้ำทิ้ง 2 ทาง ZAGIO รุ่น P-110B3,248,https://www.thaiwatsadu.com/th/sku/60378624,339,https://www.dohome.co.th/th/donmark-basin-for-sink-2-holes-cor-ss22b-10360204.html,60378624
ตู้กับข้าว 6 บานเปิด ZAGIO รุ่น 6Y30AT ขนาด 77 x 38 x 110 ซม. สีขาว,2580,https://www.thaiwatsadu.com/th/sku/60370573,2590,https://www.dohome.co.th/th/finext-kitchen-cabinet-6-doors-62x38x119-white-floral-pattern-10381869.html,60370573
ตู้วางเตาแก็ส Zagio CR80-S 81.5x45.5x85.5 ซม. สีเงิน,2280,https://www.thaiwatsadu.com/th/sku/60367930,2390,https://www.dohome.co.th/th/gas-stove-cabinet-3-feet-2-doors-tiled-10303410.html,60367930
ตู้แขวนคู่ ZAGIO MAX8-3648 ก78.8ล33.8xส67.5 ซม. สีขาว,2260,https://www.thaiwatsadu.com/th/sku/60268152,2790,https://www.dohome.co.th/th/finext-clear-glass-double-wall-cabinet-max-15-white-10353346.html,60268152
ท่อย่นอเนกประสงค์ ZAGIO ความยาว 130 ซม. สีเทา,85,https://www.thaiwatsadu.com/th/sku/60272513,99,https://www.dohome.co.th/th/pixo-flexible-drainage-pipe-1-30-m-no-fs-011-white-10316832.html,60272513
บานซิงค์คู่ ZAGIO รุ่น Max2 #3773 ขนาด 84x 63.9ซม. สีขาว,1370,https://www.thaiwatsadu.com/th/sku/60306581,1590,https://www.dohome.co.th/th/finext-double-sink-door-frosted-glass-max-15-white-10353359.html,60306581
บานซิงค์คู่ ZAGIO รุ่น MAX21 #3876 ขนาด 84 x 10 x 64 ซม. สีขาว,1230,https://www.thaiwatsadu.com/th/sku/60327394,2099,https://www.dohome.co.th/th/double-doors-cabinet-for-kitchen-abs-no-platinum-pearl-white-10172906.html,60327394
บานซิงค์เดี่ยว ZAGIO CRYSTAL Z 44x65.5 ซม. สีขาว,1030,https://www.thaiwatsadu.com/th/sku/60316357,1230,https://www.dohome.co.th/th/single-door-cabinet-for-kitchen-abs-no-neo-ivory-10014369.html,60316357
ฝาครอบช่องระบายอากาศ ชนิดครอบกันฝน ZAGIO รุ่น HTTP6G ขนาด 6 นิ้ว สีขาว,278,https://www.thaiwatsadu.com/th/sku/60374784,335,https://www.dohome.co.th/th/mex-ventilation-cover-6-inch-mar150wh-10328262.html?srsltid=AfmBOoqP1upJLd4ZxdhVGbSxv3f_7kjszFEu49qSBg5wrcLR4Cv-jhIX,60374784
เตาแก๊สกระจกตั้งโต๊ะ 1 หัวแก๊ส ZAGIO 8002(เดี่ยว) 29.5 ซม. สีดำ,680,https://www.thaiwatsadu.com/th/sku/60422423,1090,https://www.dohome.co.th/th/finext-table-gas-stove-1-head-super-cyclone-gl-gq3128-10392248.html,60422423
เตาแก๊สสเตนเลสตั้งโต๊ะ 2 หัวแก๊ส ZAGIO 7002-B15 71 ซม. สีสเตนเลส,830,https://www.thaiwatsadu.com/th/sku/60422419,990,https://www.dohome.co.th/th/finext-table-gas-stove-2-burners-no-gy72-12-10316576.html,60422419
ถังต้มน้ำไฟฟ้า ZAGIO รุ่น ZG-4452 ความจุ 20 ลิตร สีเงิน,2280,https://www.thaiwatsadu.com/th/sku/60289342,6690,https://www.dohome.co.th/th/house-worth-electric-water-boiler-20l-no-hw-eu02-10138768.html,60289342
ผ้าไมโครไฟเบอร์ GIANT KINGKONG รุ่น 40 x 40 (แพ็ค 4 ผืน) สีฟ้า,98,https://www.thaiwatsadu.com/th/sku/60252438,356,https://www.dohome.co.th/th/x1-plus-microfiber-cloth-40x40cm-blue-10399594.html,60252438
ผ้าไมโครไฟเบอร์ GIANT KINGKONG รุ่น 40 x 40 (แพ็ค 4 ผืน) สีเทา,98,https://www.thaiwatsadu.com/th/sku/60252437,356,https://www.dohome.co.th/th/x1-plus-microfiber-cloth-40x40cm-blue-10399594.html,60252437
สายพ่วงแบตเตอรี่ 500A GIANT KINGKONG รุ่น AL2068 ขนาด 3 เมตร 500 แอมป์ สีแดง - ดำ,298,https://www.thaiwatsadu.com/th/sku/60272971,474,https://www.dohome.co.th/th/nash-battery-charger-cable-car-noxh-600a-10232377.html,60272971
หม้อนึ่งไฟฟ้า 9 ลิตร ZAGIO รุ่น ZG-1951 สีขาว,888,https://www.thaiwatsadu.com/th/sku/60380451,1190,https://www.dohome.co.th/th/finext-steamer-3-level-no-fn-st01-10378093.html,60380451
เครื่องปั่น 300 วัตต์ ZAGIO รุ่น ZG-6159 สีขาว,698,https://www.thaiwatsadu.com/th/sku/60380453,990,https://www.dohome.co.th/th/finext-blender-1-5-l-400-w-fn-bl13-white-10358872.html,60380453
แม่แรงตะเข้จาน 4.7 นิ้ว GIANT KINGKONG รุ่น STFL322 ขนาด 3 ตัน สีแดง,3580,https://www.thaiwatsadu.com/th/sku/60165871,3990,https://www.dohome.co.th/en/yoshino-3-tons-1-piston-hip-jack-no-jk32-10376065.html,60165871
แม่แรงตะเข้จาน 6 นิ้ว GIANT KINGKONG รุ่น STFL322 ขนาด 3 ตัน สีแดง,3780,https://www.thaiwatsadu.com/th/sku/60165872,3990,https://www.dohome.co.th/th/yoshino-3-tons-1-piston-hip-jack-no-jk32-10376065.html,60165872
ชุดคลุมอาบน้ำ KASSA HOTEL ขนาดฟรีไซส์ สีขาว,598,https://www.thaiwatsadu.com/th/sku/60275958,689,https://www.dohome.co.th/th/decos-bathrobe-size-s-white-10302288.html,60275958
ที่นอนปิกนิกฟองน้ำอัด KASSA HOME Fuller 3 ฟุต หนา 4 นิ้ว,1180,https://www.thaiwatsadu.com/th/sku/60344821,2390,https://www.dohome.co.th/th/compressed-foam-picnic-mattress-90x190-cm-thickness-4-inches-rc-10284329.html,60344821
ที่นอนสปริง 6 ฟุต หนา 10 นิ้ว KASSA HOME รุ่น New Daisy,6580,https://www.thaiwatsadu.com/th/sku/60296501,11900,https://www.dohome.co.th/en/swana-latex-spring-mattress-6ft-no-prius2-10343722.html,60296501
ปลอกผ้านวม KASSA HOTEL รุ่น 250T ขนาด 100 x 90 + 10 นิ้ว สีขาว,1180,https://www.thaiwatsadu.com/th/sku/60275975,1590,https://www.dohome.co.th/th/decos-duvet-cover-size-100x90-inch-no-ct-streak-white-10303569.html,60275975
ปลอกผ้านวม ลายริ้ว KASSA HOTEL 250T 70x90+10 inch White,998,https://www.thaiwatsadu.com/th/sku/60275983,1390,https://www.dohome.co.th/th/decos-duvet-cover-size-70x90-inch-no-ct-streak-white-10303565.html,60275983
ปลอกหมอนหนุน KASSA HOTEL รุ่น 250T ขนาด 20 x 30 + 6 นิ้ว สีขาว,88,https://www.thaiwatsadu.com/th/sku/60275968,189,https://www.dohome.co.th/th/tulip-pillow-cover-white-10132867.html,60275968
ปลอกหมอนหนุน ลายริ้ว KASSA HOTEL รุ่น 250T ขนาด 20 x 30 + 6 นิ้ว สีขาว,88,https://www.thaiwatsadu.com/th/sku/60275977,139,https://www.dohome.co.th/th/decos-pillow-cover-20x30-inch-streak-white-10302228.html,60275977
ผ้าขนหนูเช็ดตัว KASSA HOTEL ขนาด 30 x 60 นิ้ว สีขาว,358,https://www.thaiwatsadu.com/th/sku/60275957,359,https://www.dohome.co.th/th/towel-30x60-inch-white-10207776.html,60275957
ผ้าขนหนูเช็ดตัว Marl KASSA HOME 27x54 นิ้ว น้ำตาล,298,https://www.thaiwatsadu.com/th/sku/60285677,259,https://www.dohome.co.th/en/decos-towel-27x54-inches-model-pure-ovaltine-10415794.html,60285677
ผ้าขนหนูเช็ดตัว Marl KASSA HOME 27x54 นิ้ว เทา,298,https://www.thaiwatsadu.com/th/sku/60285680,319,https://www.dohome.co.th/th/decos-towel-27x54-inch-no-fresh-grey-10326730.html,60285680
ผ้าขนหนูเช็ดผม KASSA HOTEL ขนาด 15 x 30 นิ้ว สีขาว,88,https://www.thaiwatsadu.com/th/sku/60275956,89,https://www.dohome.co.th/th/towel-15x30-inch-white-10214475.html,60275956
ผ้าปูที่นอนลายริ้ว KASSA HOTEL รุ่น 250T ขนาด 6 ฟุต สีขาว,798,https://www.thaiwatsadu.com/th/sku/60275981,990,https://www.dohome.co.th/th/decos-bed-sheet-set-size-110x110-inch-no-ct-streak-white-10302106.html,60275981
ผ้าห่มสักหลาด Solid 180G SANDI รุ่น ECBT004-P ขนาด 150 x 200 ซม. สีชมพู,228,https://www.thaiwatsadu.com/th/sku/60377755,259,https://www.dohome.co.th/th/decos-fleece-blanket-150x200-solid-rose-pink-10367453.html,60377755
พรมดักฝุ่น ขอบยาง KASSA HOME CM3221_4060GY 40x60 ซม. เทา,158,https://www.thaiwatsadu.com/th/sku/60304123,139,https://www.dohome.co.th/en/finext-doormat-cut-pile-40x60-cm-gray-10330863.html,60304123
พรมดักฝุ่น ขอบยาง KASSA HOME CM3223_4060BN 40x60 ซม. น้ำตาล,158,https://www.thaiwatsadu.com/th/sku/60304124,139,https://www.dohome.co.th/en/finext-doormat-cut-pile-40x60-cm-gray-10330863.html,60304124
พรมดักฝุ่น ขอบยาง KASSA HOME KG TM 002 (CHARCOAL) 45x75x0.8 ซม. ดำ,198,https://www.thaiwatsadu.com/th/sku/60266471,229,https://www.dohome.co.th/th/decos-dust-trap-doormat-45x75-cm-model-teso-grey-10414250.html?srsltid=AfmBOorsLeR3-hAN7h414IzFI3c6HUWfOvHLX1TWkHgw6FmSB9QitYF7,60266471
พรมดักฝุ่น ขอบยาง KASSA HOME KGWM 53 41x61x0.8 ซม. เทา,158,https://www.thaiwatsadu.com/th/sku/60308064,139,https://www.dohome.co.th/en/finext-doormat-cut-pile-40x60-cm-gray-10330863.html,60308064
พรมดักฝุ่น ขอบยาง KASSA HOME KGWM 54 41x61x0.8 ซม. น้ำตาล,158,https://www.thaiwatsadu.com/th/sku/60308065,139,https://www.dohome.co.th/en/finext-doormat-cut-pile-40x60-cm-gray-10330863.html,60308065
พรมปูพื้น Chic KASSA HOME CHIC0208-12018,1280,https://www.thaiwatsadu.com/th/sku/60278630,1720,https://www.dohome.co.th/th/decos-fur-rug-floor-mat-120x180cm-grey-10321927.html,60278630
พรมใยมะพร้าว Outdoor Kassa Home WG-PLN-40x60 40x60x1.5 ซม. ธรรมชาติ,198,https://www.thaiwatsadu.com/th/sku/60322327,229,https://www.dohome.co.th/th/decos-coconut-fiber-carpet-40x60cm-03-3-brown-10397046.html,60322327
มู่ลี่ PVC 1 นิ้ว KASSA HOME รุ่น RF-M-001 ขนาด 120 x 130 ซม. สีไม้,328,https://www.thaiwatsadu.com/th/sku/60264021,299,https://www.dohome.co.th/th/decos-window-blinds-pvc-115x130cm-cream-10240227.html,60264021
มู่ลี่ PVC Samoy KASSA HOME RF-M-001 70x130 ซม. น้ำตาล,228,https://www.thaiwatsadu.com/th/sku/60264005,219,https://www.dohome.co.th/th/decos-pvc-window-blind-80x130-cm-dark-brown-10353771.html,60264005
ม่าน หน้าต่างตาไก่ KASSA HOME รุ่น CHIBA ขนาด 110 x 140 ซม. สีน้ำตาล,298,https://www.thaiwatsadu.com/th/sku/60280298,499,https://www.dohome.co.th/th/decos-window-curtain-woven-pattern-130-x-160-cm-4418-9-brown-10359024.html,60280298
ม่านหน้าต่าง ตาไก่ KASSA HOME รุ่น LEAVES ขนาด 110 x 140 ซม. สีเทา,264,https://www.thaiwatsadu.com/th/sku/60280300,690,https://www.dohome.co.th/th/decos-window-curtain-emboss-130x160-cm-125-3-brown-10392978.html,60280300
รองเท้าใส่ในบ้าน Doggy KASSA HOME NP190335 ( 39&41 ) เบจ,128,https://www.thaiwatsadu.com/th/sku/60327545,179,https://www.dohome.co.th/th/decos-slipper-size-38-39-no-rbc-rabbit-charcoal-10386953.html,60327545
วอลล์เปเปอร์ติดผนัง Foam 3D KASSA HOME CLE7060 -WHITE 70x60 ซม. ขาว,498,https://www.thaiwatsadu.com/th/sku/60314175,356,https://www.dohome.co.th/th/3d-foam-sticker-rs028-6-brix-gray-10384542.html,60314175
วอลล์เปเปอร์ติดผนัง Foam 3D KASSA HOME CLE7060-OAK 70x60 ซม. น้ำตาล,444,https://www.thaiwatsadu.com/th/sku/60314174,356,https://www.dohome.co.th/th/3d-foam-sticker-rs028-5-brix-brown-10384540.html,60314174
วอลล์เปเปอร์ติดผนัง Foam 3D KASSA HOME PWG7060-OAK 0.6x70x60 ซม. น้ำตาล,444,https://www.thaiwatsadu.com/th/sku/60306983,356,https://www.dohome.co.th/th/finext-3d-sticker-70x70-cm-mw2-1-wood-10335034.html,60306983
หมอนหนุน KASSA HOME ขนาด 19 x 29 นิ้ว สีขาว,198,https://www.thaiwatsadu.com/th/sku/60247332,119,https://www.dohome.co.th/th/synthetic-pillow-no-joy-pillow-10325006.html,60247332
หมอนหนุน KASSA HOME รุ่น Contour knobby สีขาว - เบจ,498,https://www.thaiwatsadu.com/th/sku/60300286,729,https://www.dohome.co.th/th/latex-pillow-no-knobby-10259158.html,60300286
หมอนอิง Tweed KASSA HOME 45x45 ซม. ดำ,278,https://www.thaiwatsadu.com/th/sku/60401535,299,https://www.dohome.co.th/en/decos-cushion-linin-18x18-inches-gray-10366970.html,60401535
หมอนอิง Tweed KASSA HOME 45x45 ซม. เบจ,278,https://www.thaiwatsadu.com/th/sku/60401533,179,https://www.dohome.co.th/en/decos-linen-cushion-18x18-inches-gold-10366969.html,60401533
แผ่นรองกันเปื้อน KASSA HOTEL รุ่น 250T ขนาด 5 ฟุต สีขาว,398,https://www.thaiwatsadu.com/th/sku/60275986,590,https://www.dohome.co.th/th/decos-waterproof-mattress-protector-6x6-5-inch-10302226.html,60275986
แผ่นรองกันเปื้อน KASSA HOTEL รุ่น 250T ขนาด 6 ฟุต สีขาว,398,https://www.thaiwatsadu.com/th/sku/60275987,590,https://www.dohome.co.th/th/decos-waterproof-mattress-protector-6x6-5-inch-10302226.html,60275987
ไส้ผ้านวม KASSA HOTEL 70x9010 นิ้ว ขาว,498,https://www.thaiwatsadu.com/th/sku/60275988,679,https://www.dohome.co.th/th/decos-duvet-insert-size-70x90-inch-white-10302216.html,60275988
ไส้ผ้านวม KASSA HOTEL ขนาด 100 x 90 นิ้ว สีขาว,598,https://www.thaiwatsadu.com/th/sku/60275989,879,https://www.dohome.co.th/th/decos-duvet-insert-size-100x90-inch-white-10302217.html,60275989