Product_name,Thaiwatsadu_price,Thaiwatsadu_link,GlobalHouse_price,GlobalHouse_link,Thaiwatsadu SKU
โคมดาวน์ไลท์หน้ากลม 4นิ้ว LED 9W DL LUZINO PN-JYX0101-9W/DL ขาว,88,https://www.thaiwatsadu.com/th/sku/60308450,145,https://globalhouse.co.th/product/detail/8858869068318,60308450
โคมไฟผนังภายนอกอลูมิเนียม 1xE27 LUZINO PISA 2013S(GY) 9x9x13.5 ซม. เทา,298,https://www.thaiwatsadu.com/th/sku/60257186,390,https://globalhouse.co.th/product/detail/4122007220154,60257186
โคมไฟเพดานพลาสติก LED 24W DL LUZINO PX-0663-330 33x33x9 ซม. ขาว,238,https://www.thaiwatsadu.com/th/sku/60405252,325,https://globalhouse.co.th/product/GATA-%E0%B9%82%E0%B8%84%E0%B8%A1%E0%B8%8B%E0%B8%B2%E0%B8%A5%E0%B8%B2%E0%B9%80%E0%B8%9B%E0%B8%B2-LED-24W-%E0%B8%A3%E0%B8%B8%E0%B9%88%E0%B8%99-Moon-%E0%B9%81%E0%B8%AA%E0%B8%87%E0%B9%80%E0%B8%94%E0%B8%A2%E0%B9%8C%E0%B9%84%E0%B8%A5%E0%B8%97%E0%B9%8C-i.8858817658004,60405252
กล่องจัดเก็บอเนกประสงค์แบบพับได้ พร้อมฝาไม้ 24 ลิตร Camping KASSA HOME BFPD2001 41.5x28.5x22.5 ซม. ค,228,https://www.thaiwatsadu.com/th/sku/60393705,190,https://globalhouse.co.th/product/GOME-%E0%B8%81%E0%B8%A5%E0%B9%88%E0%B8%AD%E0%B8%87%E0%B9%80%E0%B8%81%E0%B9%87%E0%B8%9A%E0%B8%82%E0%B8%AD%E0%B8%87%E0%B8%9E%E0%B8%B1%E0%B8%9A%E0%B9%80%E0%B8%81%E0%B9%87%E0%B8%9A%E0%B9%84%E0%B8%94%E0%B9%89-%E0%B8%9E%E0%B8%A3%E0%B9%89%E0%B8%AD%E0%B8%A1%E0%B8%9D%E0%B8%B2%E0%B8%9B%E0%B8%B4%E0%B8%94-30%E0%B8%A5%E0%B8%B4%E0%B8%95%E0%B8%A3--%E0%B8%82%E0%B8%99%E0%B8%B2%E0%B8%94-30%C3%9743%C3%9723-%E0%B8%8B%E0%B8%A1.-%E0%B8%A3%E0%B8%B8%E0%B9%88%E0%B8%99-TZ03-%E0%B8%AA%E0%B8%B5%E0%B8%99%E0%B9%89%E0%B8%B3%E0%B8%95%E0%B8%B2%E0%B8%A5%E0%B8%AD%E0%B9%88%E0%B8%AD%E0%B8%99-i.6122006080344,60393705
กล่องอเนกประสงค์พร้อมล้อและฝาล็อค 100 ลิตร Camping KASSA HOME JCJ-5519 74.3x49.1x49.2 ซม. ครีม,498,https://www.thaiwatsadu.com/th/sku/60420363,650,https://globalhouse.co.th/product/JCJ-%E0%B8%81%E0%B8%A5%E0%B9%88%E0%B8%AD%E0%B8%87%E0%B9%80%E0%B8%81%E0%B9%87%E0%B8%9A%E0%B8%82%E0%B8%AD%E0%B8%87-100L-%E0%B8%A1%E0%B8%B5%E0%B8%A5%E0%B9%89%E0%B8%AD-S55-Plus-%E0%B8%82%E0%B8%99%E0%B8%B2%E0%B8%94-45.9x46.8x45.7cm.-%E0%B8%A3%E0%B8%B8%E0%B9%88%E0%B8%99-5519-%E0%B8%AA%E0%B8%B5%E0%B9%80%E0%B8%9A%E0%B8%88-i.8852080055195,60420363
กล่องอเนกประสงค์พร้อมล้อและฝาล็อค 70 ลิตร Camping KASSA HOME JCJ-5518 64.4x43x45.4 ซม. ครีม,358,https://www.thaiwatsadu.com/th/sku/60423986,550,https://globalhouse.co.th/product/JCJ-%E0%B8%81%E0%B8%A5%E0%B9%88%E0%B8%AD%E0%B8%87%E0%B9%80%E0%B8%81%E0%B9%87%E0%B8%9A%E0%B8%82%E0%B8%AD%E0%B8%87-70L-%E0%B8%A1%E0%B8%B5%E0%B8%A5%E0%B9%89%E0%B8%AD-S55-Plus-%E0%B8%82%E0%B8%99%E0%B8%B2%E0%B8%94-49.1x74.3x49.2cm.-%E0%B8%A3%E0%B8%B8%E0%B9%88%E0%B8%99-5518-%E0%B8%AA%E0%B8%B5%E0%B9%80%E0%B8%9A%E0%B8%88-i.8852080055188,60423986
ครกสแตนเลสพร้อมสากและฝาปิด 4 นิ้ว KASSA HOME GP-002A 10.2x10.2x10 ซม. เงิน,225,https://www.thaiwatsadu.com/th/sku/60388787,225,https://globalhouse.co.th/product/SANE-%E0%B8%84%E0%B8%A3%E0%B8%81%E0%B8%9E%E0%B8%A3%E0%B9%89%E0%B8%AD%E0%B8%A1%E0%B8%AA%E0%B8%B2%E0%B8%81%E0%B8%AA%E0%B9%80%E0%B8%95%E0%B8%99%E0%B9%80%E0%B8%A5%E0%B8%AA304-4-%E0%B8%99%E0%B8%B4%E0%B9%89%E0%B8%A7-JAKA04-i.4622007261428,60388787
ครกสแตนเลสพร้อมสากและฝาปิด 6 นิ้ว KASSA HOME GP-002B 15x15x12.9 ซม. เงิน,335,https://www.thaiwatsadu.com/th/sku/60388788,335,https://globalhouse.co.th/product/SANE-%E0%B8%84%E0%B8%A3%E0%B8%81%E0%B8%9E%E0%B8%A3%E0%B9%89%E0%B8%AD%E0%B8%A1%E0%B8%AA%E0%B8%B2%E0%B8%81%E0%B8%AA%E0%B9%80%E0%B8%95%E0%B8%99%E0%B9%80%E0%B8%A5%E0%B8%AA-SUS304-6-%E0%B8%99%E0%B8%B4%E0%B9%89%E0%B8%A7-JAKA05-i.4622007261435,60388788
ชั้นตะแกรงเหล็กอเนกประสงค์ 3 ชั้น Rocky KASSA HOME A2525-MBK 90x45x90 ซม. ดำ,658,https://www.thaiwatsadu.com/th/sku/60387800,1390,https://globalhouse.co.th/product/HAWDD-%E0%B8%8A%E0%B8%B1%E0%B9%89%E0%B8%99%E0%B8%A7%E0%B8%B2%E0%B8%87%E0%B8%82%E0%B8%AD%E0%B8%87%E0%B9%80%E0%B8%AB%E0%B8%A5%E0%B9%87%E0%B8%81%E0%B9%82%E0%B8%A5%E0%B9%88%E0%B8%87-3-%E0%B8%8A%E0%B8%B1%E0%B9%89%E0%B8%99-ARK7966015-%E0%B8%82%E0%B8%99%E0%B8%B2%E0%B8%94-109x40x90%E0%B8%8B%E0%B8%A1.-%E0%B8%AA%E0%B8%B5%E0%B9%80%E0%B8%97%E0%B8%B2-i.5922004362647,60387800
ชั้นตะแกรงเหล็กอเนกประสงค์ 3 ชั้น Rocky KASSA HOME A2525-WH 90x45x90 ซม. ขาว,658,https://www.thaiwatsadu.com/th/sku/60387801,1390,https://globalhouse.co.th/product/HAWDD-%E0%B8%8A%E0%B8%B1%E0%B9%89%E0%B8%99%E0%B8%A7%E0%B8%B2%E0%B8%87%E0%B8%82%E0%B8%AD%E0%B8%87%E0%B9%80%E0%B8%AB%E0%B8%A5%E0%B9%87%E0%B8%81%E0%B9%82%E0%B8%A5%E0%B9%88%E0%B8%87-3-%E0%B8%8A%E0%B8%B1%E0%B9%89%E0%B8%99-ARK7966015-%E0%B8%82%E0%B8%99%E0%B8%B2%E0%B8%94-109x40x90%E0%B8%8B%E0%B8%A1.-%E0%B8%AA%E0%B8%B5%E0%B9%80%E0%B8%97%E0%B8%B2-i.5922004362647,60387801
ชั้นตะแกรงเหล็กอเนกประสงค์ 4 ชั้น Rocky KASSA HOME A2526-MBK 90x45x160 ซม. ดำ,1280,https://www.thaiwatsadu.com/th/sku/60387804,1790,https://globalhouse.co.th/product/HAWDD-%E0%B8%8A%E0%B8%B1%E0%B9%89%E0%B8%99%E0%B8%A7%E0%B8%B2%E0%B8%87%E0%B8%82%E0%B8%AD%E0%B8%87%E0%B9%80%E0%B8%AB%E0%B8%A5%E0%B9%87%E0%B8%81%E0%B9%82%E0%B8%A5%E0%B9%88%E0%B8%87-4-%E0%B8%8A%E0%B8%B1%E0%B9%89%E0%B8%99-%E0%B8%A3%E0%B8%B8%E0%B9%88%E0%B8%99-ROGER90-%E0%B8%82%E0%B8%99%E0%B8%B2%E0%B8%94-45x90x150%E0%B8%8B%E0%B8%A1.-%E0%B8%AA%E0%B8%B5%E0%B8%94%E0%B8%B3-i.5722008180533,60387804
ชั้นตะแกรงเหล็กอเนกประสงค์ 5 ชั้น Rocky KASSA HOME A2527-MBK 90x45x180 ซม. ดำ,1580,https://www.thaiwatsadu.com/th/sku/60387808,1990,https://globalhouse.co.th/product/HAWDD-%E0%B8%8A%E0%B8%B1%E0%B9%89%E0%B8%99%E0%B8%A7%E0%B8%B2%E0%B8%87%E0%B8%82%E0%B8%AD%E0%B8%87%E0%B9%80%E0%B8%AB%E0%B8%A5%E0%B9%87%E0%B8%81%E0%B9%82%E0%B8%A5%E0%B9%88%E0%B8%87-5-%E0%B8%8A%E0%B8%B1%E0%B9%89%E0%B8%99-%E0%B8%A3%E0%B8%B8%E0%B9%88%E0%B8%99-ROHAN90-%E0%B8%82%E0%B8%99%E0%B8%B2%E0%B8%94-45x90x180%E0%B8%8B%E0%B8%A1.-%E0%B8%AA%E0%B8%B5%E0%B8%94%E0%B8%B3-i.5722008180557,60387808
ชั้นวางของอเนกประสงค์ 3 ชั้น พร้อมล้อเลื่อน Vicky KASSA HOME RY810194_CR 44.7x33.60x77.70 ซม. ครีม,658,https://www.thaiwatsadu.com/th/sku/60389136,950,https://globalhouse.co.th/product/DELICATO-%E0%B8%A3%E0%B8%96%E0%B9%80%E0%B8%82%E0%B9%87%E0%B8%99-3-%E0%B8%8A%E0%B8%B1%E0%B9%89%E0%B8%99-BUTLER-%E0%B8%A3%E0%B8%B8%E0%B9%88%E0%B8%99-BT02-35.3x42.6x75.9%E0%B8%8B%E0%B8%A1.-%E0%B8%AA%E0%B8%B5%E0%B8%82%E0%B8%B2%E0%B8%A7-i.2001081820575,60389136
ชั้นวางของอเนกประสงค์ 3 ชั้น พร้อมล้อเลื่อน Vicky KASSA HOME RY810194_GR 44.70 x33.60x77.70ซม. เขียว,654,https://www.thaiwatsadu.com/th/sku/60389137,1190,https://globalhouse.co.th/product/DELICATO-%E0%B8%A3%E0%B8%96%E0%B9%80%E0%B8%82%E0%B9%87%E0%B8%99-3-%E0%B8%8A%E0%B8%B1%E0%B9%89%E0%B8%99-%E0%B8%9E%E0%B8%A3%E0%B9%89%E0%B8%AD%E0%B8%A1%E0%B8%A1%E0%B8%B7%E0%B8%AD%E0%B8%88%E0%B8%B1%E0%B8%9A-SCREEN-%E0%B8%A3%E0%B8%B8%E0%B9%88%E0%B8%99-SC01-34.8x44x86.5%E0%B8%8B%E0%B8%A1.-%E0%B8%AA%E0%B8%B5%E0%B9%80%E0%B8%97%E0%B8%B2%E0%B9%80%E0%B8%82%E0%B9%89%E0%B8%A1-i.2001081828085,60389137
ชั้นวางของอเนกประสงค์พื้นไม้เอ็มดีเอฟ 5 ชั้น Woody KASSA HOME MHR-06GR 90x45x183 ซม. ดำ,1130,https://www.thaiwatsadu.com/th/sku/60388624,2270,https://globalhouse.co.th/product/HUMMER-%E0%B8%8A%E0%B8%B1%E0%B9%89%E0%B8%99%E0%B8%A7%E0%B8%B2%E0%B8%87%E0%B8%82%E0%B8%AD%E0%B8%87%E0%B9%80%E0%B8%AB%E0%B8%A5%E0%B9%87%E0%B8%81%E0%B8%9E%E0%B8%B7%E0%B9%89%E0%B8%99%E0%B9%84%E0%B8%A1%E0%B9%89-MDF-5-%E0%B8%8A%E0%B8%B1%E0%B9%89%E0%B8%99-90x50x182%E0%B8%8B%E0%B8%A1.-%E0%B8%AA%E0%B8%B5%E0%B8%94%E0%B8%B3-i.5722004360908,60388624
ตะแกรงปิ้งย่างสแตนเลส ด้ามไม้ KASSA HOME TD0601-16 60x26.5x2 ซม. เงิน,158,https://www.thaiwatsadu.com/th/sku/60326863,129,https://globalhouse.co.th/product/SANE-%E0%B9%80%E0%B8%AB%E0%B8%A5%E0%B9%87%E0%B8%81%E0%B8%9B%E0%B8%B4%E0%B9%89%E0%B8%87%E0%B8%A2%E0%B9%88%E0%B8%B2%E0%B8%87-33x66x56-%E0%B8%8B%E0%B8%A1.-DSK019-i.1905170538575,60326863
ตู้บานเปิดอเนกประสงค์ 3 ชั้น (โครงทึบ) KASSA HOME ZKG-Color Vid S3 69x50x121 ซม. พาสเทล,1880,https://www.thaiwatsadu.com/th/sku/60406803,1990,https://globalhouse.co.th/product/GOME-%E0%B8%95%E0%B8%B9%E0%B9%89%E0%B8%9E%E0%B8%A5%E0%B8%B2%E0%B8%AA%E0%B8%95%E0%B8%B4%E0%B8%81%E0%B8%9A%E0%B8%B2%E0%B8%99%E0%B9%80%E0%B8%9B%E0%B8%B4%E0%B8%94%E0%B8%84%E0%B8%B9%E0%B9%88-3-%E0%B8%8A%E0%B8%B1%E0%B9%89%E0%B8%99-70x50x121-%E0%B8%8B%E0%B8%A1.-%E0%B8%A3%E0%B8%B8%E0%B9%88%E0%B8%99-Colorvid-W5-%E0%B8%AA%E0%B8%B5%E0%B8%9E%E0%B8%B2%E0%B8%AA%E0%B9%80%E0%B8%97%E0%B8%A5-i.8859651802585,60406803
ตู้บานเปิดอเนกประสงค์ 4 ชั้น (โครงทึบ) KASSA HOME ZKG-Color Vid S3 69x50x161 ซม. พาสเทล,2380,https://www.thaiwatsadu.com/th/sku/60406804,2490,https://globalhouse.co.th/product/GOME-%E0%B8%95%E0%B8%B9%E0%B9%89%E0%B8%9E%E0%B8%A5%E0%B8%B2%E0%B8%AA%E0%B8%95%E0%B8%B4%E0%B8%81%E0%B8%9A%E0%B8%B2%E0%B8%99%E0%B9%80%E0%B8%9B%E0%B8%B7%E0%B8%94%E0%B8%84%E0%B8%B9%E0%B9%88-4-%E0%B8%8A%E0%B8%B1%E0%B9%89%E0%B8%99-70x50x161%E0%B8%8B%E0%B8%A1.-%E0%B8%A3%E0%B8%B8%E0%B9%88%E0%B8%99-Colorvid-4W5MIX-%E0%B8%AA%E0%B8%B5%E0%B8%9E%E0%B8%B2%E0%B8%AA%E0%B9%80%E0%B8%97%E0%B8%A5-i.8859651802219,60406804
ถังขยะ เขี่ยบุหรี่ KASSA HOME 99450-002 Dia25*H:61 cm. สีดำ,768,https://www.thaiwatsadu.com/th/sku/60290156,769,https://www.globalhouse.co.th/product/detail/6322007600255,60290156
ถังขยะขาเหยียบเหลี่ยม 12 ลิตร สเตนเลส Soft Closed KASSA HOME 12L-97895-002 27.2x25.5x40.2 cm. เงิน,758,https://www.thaiwatsadu.com/th/sku/60290165,890,https://globalhouse.co.th/product/EKO-%E0%B8%96%E0%B8%B1%E0%B8%87%E0%B8%82%E0%B8%A2%E0%B8%B0%E0%B8%82%E0%B8%B2%E0%B9%80%E0%B8%AB%E0%B8%A2%E0%B8%B5%E0%B8%A2%E0%B8%9A%E0%B9%80%E0%B8%AB%E0%B8%A5%E0%B8%B5%E0%B9%88%E0%B8%A2%E0%B8%A1-12-%E0%B8%A5%E0%B8%B4%E0%B8%95%E0%B8%A3-%E0%B8%A3%E0%B8%B8%E0%B9%88%E0%B8%99-STELLA-EK9384MT-%E0%B8%82%E0%B8%99%E0%B8%B2%E0%B8%94-25x31x40-%E0%B8%8B%E0%B8%A1.-%E0%B8%AA%E0%B8%B5%E0%B9%80%E0%B8%87%E0%B8%B4%E0%B8%99-i.6951800675735,60290165
ถังขยะทั่วไปฝาโดมสวิงพลาสติก 118 ลิตร KASSA HOME API199 57x57x91cm. ถังดำฝาสีน้ำเงิน,448,https://www.thaiwatsadu.com/th/sku/60335220,449,https://globalhouse.co.th/product/API-%E0%B8%96%E0%B8%B1%E0%B8%87%E0%B8%82%E0%B8%A2%E0%B8%B0%E0%B8%81%E0%B8%A5%E0%B8%A1-%E0%B8%9D%E0%B8%B2%E0%B9%82%E0%B8%94%E0%B8%A1%E0%B8%AA%E0%B8%A7%E0%B8%B4%E0%B8%87-118L-%E0%B8%82%E0%B8%99%E0%B8%B2%E0%B8%94-57x57x91cm.-%E0%B8%A3%E0%B8%B8%E0%B9%88%E0%B8%99-199-%E0%B8%AA%E0%B8%B5%E0%B8%99%E0%B9%89%E0%B8%B3%E0%B9%80%E0%B8%87%E0%B8%B4%E0%B8%99-i.8853228016788,60335220
ถังขยะใหญ่ฝาช่องทิ้ง 240 ลิตร GIANT KINGKONG LXD-240CG Blue 74x58x113 cm น้ำเงิน,1480,https://www.thaiwatsadu.com/th/sku/60294820,1690,https://globalhouse.co.th/product/ICLEAN-%E0%B8%96%E0%B8%B1%E0%B8%87%E0%B8%82%E0%B8%A2%E0%B8%B0%E0%B9%80%E0%B8%97%E0%B8%A8%E0%B8%9A%E0%B8%B2%E0%B8%A5%E0%B8%9D%E0%B8%B2%E0%B8%AA%E0%B8%A7%E0%B8%B4%E0%B8%87%E0%B8%97%E0%B8%A3%E0%B8%87%E0%B9%80%E0%B8%AB%E0%B8%A5%E0%B8%B5%E0%B9%88%E0%B8%A2%E0%B8%A1-240-%E0%B8%A5%E0%B8%B4%E0%B8%95%E0%B8%A3-%E0%B8%A3%E0%B8%B8%E0%B9%88%E0%B8%99-XDL240A9G-%E0%B8%AA%E0%B8%B5%E0%B9%80%E0%B8%82%E0%B8%B5%E0%B8%A2%E0%B8%A7-%E0%B8%82%E0%B8%A2%E0%B8%B0%E0%B9%80%E0%B8%9B%E0%B8%B5%E0%B8%A2%E0%B8%81-i.6122004360011,60294820
ถังขยะใหญ่ฝาช่องทิ้ง GIANT KINGKONG รุ่น LXD-120BG RED ความจุ 120 ลิตร สีแดง,983,https://www.thaiwatsadu.com/th/sku/60294822,995,https://www.globalhouse.co.th/product/detail/6322004360015,60294822
ถังขยะใหญ่ฝาช่องทิ้ง GIANT KINGKONG รุ่น LXD-120BG Yellow ความจุ 120 ลิตร สีเหลือง,983,https://www.thaiwatsadu.com/th/sku/60294825,995,https://globalhouse.co.th/product/detail/6322007380362,60294825
ถาดใส่อาหารไม้ยางพารา KASSA HOME WT1216 30x40x3 ซม. บีช,208,https://www.thaiwatsadu.com/th/sku/60405177,295,https://globalhouse.co.th/product/NIBIRU-%E0%B8%96%E0%B8%B2%E0%B8%94%E0%B9%84%E0%B8%A1%E0%B9%89-33x45x4.3-%E0%B8%8B%E0%B8%A1.-HACHI-i.4622007603327,60405177
ที่คว่ำจานสเตนเลสแบบยืดหดได้ 1 ชั้น พร้อมถาดรอง KASSA HOME WK810171-3 47-29.5x35.5x12.7 ซม. ขาว-เงิน,798,https://www.thaiwatsadu.com/th/sku/60367272,759,https://globalhouse.co.th/product/CLOSE-%E0%B8%97%E0%B8%B5%E0%B9%88%E0%B8%84%E0%B8%A7%E0%B9%88%E0%B8%B3%E0%B8%88%E0%B8%B2%E0%B8%99-%E0%B9%81%E0%B8%9A%E0%B8%9A%E0%B8%95%E0%B8%B0%E0%B9%81%E0%B8%81%E0%B8%A3%E0%B8%87%E0%B8%9B%E0%B8%A3%E0%B8%B1%E0%B8%9A%E0%B8%A2%E0%B8%B7%E0%B8%94%E0%B8%AB%E0%B8%94%E0%B9%84%E0%B8%94%E0%B9%89-33.854.5x31.6x15-%E0%B8%8B%E0%B8%A1.-GRACE-%E0%B8%AA%E0%B8%B5%E0%B9%80%E0%B8%97%E0%B8%B2-i.4622007602771,60367272
ที่คว่ำจานเหล็กชุบโครเมี่ยมแบบติดผนัง 80 ซม. Dylan KASSA HOME MHC-5180 80x23x19.5 ซม. เงิน,698,https://www.thaiwatsadu.com/th/sku/60343686,1299,https://globalhouse.co.th/product/PRIME-%E0%B8%95%E0%B8%B0%E0%B9%81%E0%B8%81%E0%B8%A3%E0%B8%87%E0%B8%A7%E0%B8%B2%E0%B8%87%E0%B8%88%E0%B8%B2%E0%B8%99%E0%B9%81%E0%B8%82%E0%B8%A7%E0%B8%99%E0%B8%9C%E0%B8%99%E0%B8%B1%E0%B8%87-80-%E0%B8%8B%E0%B8%A1.-PW342280-i.8853680023843,60343686
มีดสับ 6.5 นิ้ว - FINO,219,https://www.thaiwatsadu.com/th/sku/60246115,219,https://globalhouse.co.th/product/ADAMAS-%E0%B8%A1%E0%B8%B5%E0%B8%94%E0%B8%AA%E0%B8%B1%E0%B8%9A-6.5-%E0%B8%99%E0%B8%B4%E0%B9%89%E0%B8%A7-KESH08-%E0%B8%AA%E0%B8%B5%E0%B8%94%E0%B8%B3-i.4622007040160,60246115
ยางกวาดน้ำ 24 inch ด้าม AL 1.5 KASSA HOME 60x7x160 cm. เทา,228,https://www.thaiwatsadu.com/th/sku/60230628,299,https://globalhouse.co.th/product/SUPERCAT-%E0%B8%A2%E0%B8%B2%E0%B8%87%E0%B8%81%E0%B8%A7%E0%B8%B2%E0%B8%94%E0%B8%99%E0%B9%89%E0%B8%B3-%E0%B8%94%E0%B9%89%E0%B8%B2%E0%B8%A1%E0%B8%AD%E0%B8%A5%E0%B8%B9%E0%B8%A1%E0%B8%B4%E0%B9%80%E0%B8%99%E0%B8%B5%E0%B8%A2%E0%B8%A1-%E0%B8%82%E0%B8%99%E0%B8%B2%E0%B8%94-24-%E0%B8%99%E0%B8%B4%E0%B9%89%E0%B8%A7-i.8859238901946,60230628
รถเข็นตะกร้าช้อปปิ้งพับได้ KASSA HOME TG51448 38x38x59 ซม. ดำ,398,https://www.thaiwatsadu.com/th/sku/60378622,399,https://globalhouse.co.th/product/GOME-%E0%B8%A3%E0%B8%96%E0%B9%80%E0%B8%82%E0%B9%87%E0%B8%99%E0%B8%AD%E0%B9%80%E0%B8%99%E0%B8%81%E0%B8%9B%E0%B8%A3%E0%B8%B0%E0%B8%AA%E0%B8%87%E0%B8%84%E0%B9%8C-%E0%B8%9E%E0%B8%B1%E0%B8%9A%E0%B9%80%E0%B8%81%E0%B9%87%E0%B8%9A%E0%B9%84%E0%B8%94%E0%B9%89-%E0%B8%A3%E0%B8%B8%E0%B9%88%E0%B8%99-TG51448-%E0%B8%82%E0%B8%99%E0%B8%B2%E0%B8%94-36.5x3914x10060-%E0%B8%8B%E0%B8%A1.-%E0%B8%AA%E0%B8%B5%E0%B8%94%E0%B8%B3-i.6322007380805,60378622
แผ่นรองหม้อ ไม้ไผ่ทรงกลม KASSA HOME CT1035166 19x19 ซม. บีช,68,https://www.thaiwatsadu.com/th/sku/60326845,99,https://globalhouse.co.th/product/ADAMAS-%E0%B9%80%E0%B8%82%E0%B8%B5%E0%B8%A2%E0%B8%87%E0%B9%84%E0%B8%A1%E0%B9%89%E0%B9%84%E0%B8%9C%E0%B9%88%E0%B9%81%E0%B8%9A%E0%B8%9A%E0%B8%81%E0%B8%A5%E0%B8%A1-25-%E0%B8%8B%E0%B8%A1.-SWORD-i.4622007040764,60326845
โต๊ะรีดผ้า 6 ระดับ No.3 ลายดอท KASSA HOME DOT No.3 30x107x82 ซม. เทา-เบจ,338,https://www.thaiwatsadu.com/th/sku/60381415,399,https://globalhouse.co.th/product/SAKU-%E0%B9%82%E0%B8%95%E0%B9%8A%E0%B8%B0%E0%B8%A3%E0%B8%B5%E0%B8%94%E0%B8%9C%E0%B9%89%E0%B8%B2%E0%B8%A2%E0%B8%B7%E0%B8%99%E0%B8%A3%E0%B8%B5%E0%B8%94-%E0%B8%9B%E0%B8%A3%E0%B8%B1%E0%B8%9A-6%E0%B8%A3%E0%B8%B0%E0%B8%94%E0%B8%B1%E0%B8%9A-%E0%B8%82%E0%B8%99%E0%B8%B2%E0%B8%94-35x123x80%E0%B8%8B%E0%B8%A1.-%E0%B8%A3%E0%B8%B8%E0%B9%88%E0%B8%99%E0%B8%88%E0%B8%B1%E0%B8%A1%E0%B9%82%E0%B8%9A%E0%B9%89-i.8851246713825,60381415
ไม้แขวนเสื้อหัวเหล็ก ตัวเคลือบPVC 6ชิ้น Sandee KASSA HOME LMS1172-2.2 40x0.22x22 cm. ฟ้า,38,https://www.thaiwatsadu.com/th/sku/60372131,55,https://globalhouse.co.th/product/SAKU-%E0%B9%84%E0%B8%A1%E0%B9%89%E0%B9%81%E0%B8%82%E0%B8%A7%E0%B8%99%E0%B9%80%E0%B8%AA%E0%B8%B7%E0%B9%89%E0%B8%AD%E0%B9%80%E0%B8%AB%E0%B8%A5%E0%B9%87%E0%B8%81%E0%B9%80%E0%B8%84%E0%B8%A5%E0%B8%B7%E0%B8%AD%E0%B8%9A%E0%B8%81%E0%B8%B1%E0%B8%99%E0%B8%A5%E0%B8%B7%E0%B9%88%E0%B8%99-40.5x21x0.3%E0%B8%8B%E0%B8%A1.-%E0%B8%A3%E0%B8%B8%E0%B9%88%E0%B8%99-AN104-10-%E0%B8%8A%E0%B8%B4%E0%B9%89%E0%B8%99%E0%B9%81%E0%B8%9E%E0%B9%87%E0%B8%84-%E0%B8%AA%E0%B8%B5%E0%B8%9F%E0%B9%89%E0%B8%B2-i.6322006080164,60372131
ไม้แขวนเสื้อหัวเหล็ก ตัวเคลือบPVC 6ชิ้น Sandee KASSA HOME LMS1172-2.2 White 40x0.22x22 cm. ขาว,38,https://www.thaiwatsadu.com/th/sku/60372117,39,https://globalhouse.co.th/product/%E0%B9%84%E0%B8%A1%E0%B9%89%E0%B9%81%E0%B8%82%E0%B8%A7%E0%B8%99%E0%B9%80%E0%B8%AA%E0%B8%B7%E0%B9%89%E0%B8%AD%E0%B9%80%E0%B8%AB%E0%B8%A5%E0%B9%87%E0%B8%81%E0%B9%80%E0%B8%84%E0%B8%A5%E0%B8%B7%E0%B8%AD%E0%B8%9A-%E0%B8%A3%E0%B8%B8%E0%B9%88%E0%B8%99-AN10--%E0%B8%AA%E0%B8%B5%E0%B8%81%E0%B8%B2%E0%B8%81%E0%B8%B5--%E0%B8%9A%E0%B8%A3%E0%B8%A3%E0%B8%88%E0%B8%B8-6%E0%B8%8A%E0%B8%B4%E0%B9%89%E0%B8%99%E0%B9%81%E0%B8%9E%E0%B9%87%E0%B8%84--SAKU-i.1905290720712,60372117
จักรยานเด็ก 12 นิ้ว KD1201BK GIANT KINGKONG 88x52x69 ซม. ดำ,1080,https://www.thaiwatsadu.com/th/sku/60374042,1490,https://globalhouse.co.th/product/NINO-WORLD-%E0%B8%88%E0%B8%B1%E0%B8%81%E0%B8%A3%E0%B8%A2%E0%B8%B2%E0%B8%99%E0%B9%80%E0%B8%94%E0%B9%87%E0%B8%81-12%E0%B8%99%E0%B8%B4%E0%B9%89%E0%B8%A7-%E0%B8%A3%E0%B8%B8%E0%B9%88%E0%B8%99-15823M16-%E0%B8%AA%E0%B8%B5%E0%B8%99%E0%B9%8D%E0%B9%89%E0%B8%B2%E0%B9%80%E0%B8%87%E0%B8%B4%E0%B8%99-%E0%B9%80%E0%B8%AB%E0%B8%A1%E0%B8%B2%E0%B8%B0%E0%B8%81%E0%B8%B1%E0%B8%9A%E0%B9%80%E0%B8%94%E0%B9%87%E0%B8%81-24%E0%B8%82%E0%B8%A7%E0%B8%9A-i.2008060315875,60374042
จักรยานเด็ก 12 นิ้ว KD1201BL GIANT KINGKONG 52x88x69 ซม. ฟ้า,1080,https://www.thaiwatsadu.com/th/sku/60377233,1490,https://globalhouse.co.th/product/NINO-WORLD-%E0%B8%88%E0%B8%B1%E0%B8%81%E0%B8%A3%E0%B8%A2%E0%B8%B2%E0%B8%99%E0%B9%80%E0%B8%94%E0%B9%87%E0%B8%81-12%E0%B8%99%E0%B8%B4%E0%B9%89%E0%B8%A7-%E0%B8%A3%E0%B8%B8%E0%B9%88%E0%B8%99-15823M16-%E0%B8%AA%E0%B8%B5%E0%B8%99%E0%B9%8D%E0%B9%89%E0%B8%B2%E0%B9%80%E0%B8%87%E0%B8%B4%E0%B8%99-%E0%B9%80%E0%B8%AB%E0%B8%A1%E0%B8%B2%E0%B8%B0%E0%B8%81%E0%B8%B1%E0%B8%9A%E0%B9%80%E0%B8%94%E0%B9%87%E0%B8%81-24%E0%B8%82%E0%B8%A7%E0%B8%9A-i.2008060315875,60377233
จักรยานเด็ก 16 นิ้ว KD1601PK GIANT KINGKONG 112x51x74 ซม. ชมพู,1780,https://www.thaiwatsadu.com/th/sku/60374043,1990,https://globalhouse.co.th/product/NINO-WORLD-%E0%B8%88%E0%B8%B1%E0%B8%81%E0%B8%A3%E0%B8%A2%E0%B8%B2%E0%B8%99%E0%B9%80%E0%B8%94%E0%B9%87%E0%B8%81-16%E0%B8%99%E0%B8%B4%E0%B9%89%E0%B8%A7-%E0%B8%A3%E0%B8%B8%E0%B9%88%E0%B8%99-25123Q16-%E0%B8%AA%E0%B8%B5%E0%B8%A1%E0%B9%88%E0%B8%A7%E0%B8%87--i.2008060314126,60374043
จักรยานเด็ก 16 นิ้ว KD1601WH GIANT KINGKONG 108x61x50 ซม. ขาว,1780,https://www.thaiwatsadu.com/th/sku/60374044,1990,https://globalhouse.co.th/product/NINO-WORLD-%E0%B8%88%E0%B8%B1%E0%B8%81%E0%B8%A3%E0%B8%A2%E0%B8%B2%E0%B8%99%E0%B9%80%E0%B8%94%E0%B9%87%E0%B8%81-16%E0%B8%99%E0%B8%B4%E0%B9%89%E0%B8%A7-%E0%B8%A3%E0%B8%B8%E0%B9%88%E0%B8%99-15823M21-%E0%B8%AA%E0%B8%B5%E0%B9%81%E0%B8%94%E0%B8%87-%E0%B9%80%E0%B8%AB%E0%B8%A1%E0%B8%B2%E0%B8%B0%E0%B8%81%E0%B8%B1%E0%B8%9A%E0%B9%80%E0%B8%94%E0%B9%87%E0%B8%81--38%E0%B8%82%E0%B8%A7%E0%B8%9A-i.2008060317437,60374044
ชุดโต๊ะสนามเหล็กลายฉลุ FONTE รุ่น JSD23267-68 (3ชิ้น/ชุด) สีขาว,1980,https://www.thaiwatsadu.com/th/sku/60395217,2990,https://globalhouse.co.th/product/SUMMER-SET-%E0%B8%8A%E0%B8%B8%E0%B8%94%E0%B9%82%E0%B8%95%E0%B9%8A%E0%B8%B0%E0%B8%AA%E0%B8%99%E0%B8%B2%E0%B8%A1--2-%E0%B8%97%E0%B8%B5%E0%B9%88%E0%B8%99%E0%B8%B1%E0%B9%88%E0%B8%87TIMOTHY-%E0%B8%82%E0%B8%99%E0%B8%B2%E0%B8%94-62%C3%9762%C3%9773%E0%B8%8B%E0%B8%A1.-%E0%B8%A3%E0%B8%B8%E0%B9%88%E0%B8%99TY001-%E0%B8%AA%E0%B8%B5%E0%B9%80%E0%B8%9A%E0%B8%88-i.5722006080330,60395217
ดอกสว่านเจาะดิน 4 นิ้ว KARTEN Type D-100 10*80 ซม. สีส้ม,680,https://www.thaiwatsadu.com/th/sku/60306598,580,https://globalhouse.co.th/product/detail/3922007950560,60306598
ดอกสว่านเจาะดิน 6 นิ้ว KARTEN Type D-150 15*80 ซม. สีส้ม,880,https://www.thaiwatsadu.com/th/sku/60306599,780,https://globalhouse.co.th/product/%E0%B8%94%E0%B8%AD%E0%B8%81%E0%B8%AA%E0%B8%A7%E0%B9%88%E0%B8%B2%E0%B8%99%E0%B9%80%E0%B8%88%E0%B8%B2%E0%B8%B0%E0%B8%94%E0%B8%B4%E0%B8%99-6--%E0%B8%99%E0%B8%B4%E0%B9%89%E0%B8%A7--%E0%B8%A3%E0%B8%B8%E0%B9%88%E0%B8%99-DB150800-i.3422006400023,60306599
ดอกสว่านเจาะดิน 8 นิ้ว KARTEN Type D-200 20*80 ซม. สีส้ม,980,https://www.thaiwatsadu.com/th/sku/60306601,780,https://globalhouse.co.th/product/%E0%B8%94%E0%B8%AD%E0%B8%81%E0%B8%AA%E0%B8%A7%E0%B9%88%E0%B8%B2%E0%B8%99%E0%B9%80%E0%B8%88%E0%B8%B2%E0%B8%B0%E0%B8%94%E0%B8%B4%E0%B8%99-8-%E0%B8%99%E0%B8%B4%E0%B9%89%E0%B8%A7-%E0%B8%A3%E0%B8%B8%E0%B9%88%E0%B8%99-OOEA52B-%E0%B8%82%E0%B8%99%E0%B8%B2%E0%B8%94-20-x-80-%E0%B8%8B%E0%B8%A1.-i.3922007950232,60306601
ตาข่ายกรองแสง 50% (ม้วน) FONTE FE-1 (ถัก 3 เข็ม) 2x50ม. สีดำ,688,https://www.thaiwatsadu.com/th/sku/60268731,655,https://globalhouse.co.th/product/POLLO-%E0%B8%AA%E0%B9%81%E0%B8%A5%E0%B8%99-HDPE-%E0%B8%A3%E0%B8%B8%E0%B9%88%E0%B8%99SH321155-%E0%B8%82%E0%B8%99%E0%B8%B2%E0%B8%942x50%E0%B8%A1.-50%E0%B8%AA%E0%B8%B2%E0%B8%A1%E0%B9%80%E0%B8%82%E0%B9%87%E0%B8%A1-%E0%B8%AA%E0%B8%B5%E0%B8%94%E0%B8%B3-i.3922005830048,60268731
ตาข่ายกรองแสง 50% (ม้วน) FONTE FE-2 (ถัก 3 เข็ม) 2x50 ม. สีเขียว,728,https://www.thaiwatsadu.com/th/sku/60268732,675,https://globalhouse.co.th/product/POLLO-%E0%B8%AA%E0%B9%81%E0%B8%A5%E0%B8%99-HDPE-%E0%B8%A3%E0%B8%B8%E0%B9%88%E0%B8%99SH321055-%E0%B8%82%E0%B8%99%E0%B8%B2%E0%B8%942x50%E0%B8%A1.-50%E0%B8%AA%E0%B8%B2%E0%B8%A1%E0%B9%80%E0%B8%82%E0%B9%87%E0%B8%A1-%E0%B8%AA%E0%B8%B5%E0%B9%80%E0%B8%82%E0%B8%B5%E0%B8%A2%E0%B8%A7-i.3922005830031,60268732
ตู้รองเท้าอะลูมิเนียม 5 ชั้น EIFFEL CALINA รุ่น KTAC7501-5 ขนาด 82 X 33 X 110 ซม. สีลายไม้,2780,https://www.thaiwatsadu.com/th/sku/60401503,2290,https://globalhouse.co.th/product/DELICATO-%E0%B8%95%E0%B8%B9%E0%B9%89%E0%B8%A3%E0%B8%AD%E0%B8%87%E0%B9%80%E0%B8%97%E0%B9%89%E0%B8%B2%E0%B8%AD%E0%B8%A5%E0%B8%B9%E0%B8%A1%E0%B8%B4%E0%B9%80%E0%B8%99%E0%B8%B5%E0%B8%A2%E0%B8%A1-5-%E0%B8%8A%E0%B8%B1%E0%B9%89%E0%B8%99-OVIE-%E0%B8%82%E0%B8%99%E0%B8%B2%E0%B8%94-82.5x33x110%E0%B8%8B%E0%B8%A1.-%E0%B8%AA%E0%B8%B5%E0%B8%82%E0%B8%B2%E0%B8%A7-i.5722007260045,60401503
ถังพ่นยาแบบสะพาย2ระบบ (มือโยก/แบตเตอร์รี่) Fonte CF-E20-1803D 20 ลิตร สีฟ้า,1280,https://www.thaiwatsadu.com/th/sku/60321225,1180,https://globalhouse.co.th/product/TUF-%E0%B9%80%E0%B8%84%E0%B8%A3%E0%B8%B7%E0%B9%88%E0%B8%AD%E0%B8%87%E0%B8%9E%E0%B9%88%E0%B8%99%E0%B8%A2%E0%B8%B2%E0%B9%81%E0%B8%9A%E0%B8%95%E0%B9%80%E0%B8%95%E0%B8%AD%E0%B8%A3%E0%B8%B5%E0%B9%88-20-%E0%B8%A5%E0%B8%B4%E0%B8%95%E0%B8%A3-%E0%B8%A3%E0%B8%B8%E0%B9%88%E0%B8%99-JNMD20B-%E0%B8%AA%E0%B8%B5%E0%B8%99%E0%B9%89%E0%B8%B3%E0%B9%80%E0%B8%87%E0%B8%B4%E0%B8%99--i.3922007880218,60321225
ประตูน้ำ 1 นิ้ว KARTEN HN3042-1 แดง,258,https://www.thaiwatsadu.com/th/sku/60350473,249,https://globalhouse.co.th/product/GROSNA-%E0%B8%9B%E0%B8%A3%E0%B8%B0%E0%B8%95%E0%B8%B9%E0%B8%99%E0%B9%89%E0%B8%B3%E0%B8%97%E0%B8%AD%E0%B8%87%E0%B9%80%E0%B8%AB%E0%B8%A5%E0%B8%B7%E0%B8%AD%E0%B8%87-1-%E0%B8%A3%E0%B8%B8%E0%B9%88%E0%B8%99-YF40563-i.1903300134139,60350473
ประตูน้ำ 1/2 นิ้ว KARTEN HN3042-1/2 แดง,128,https://www.thaiwatsadu.com/th/sku/60350471,105,https://globalhouse.co.th/product/VAVO-%E0%B8%9B%E0%B8%A3%E0%B8%B0%E0%B8%95%E0%B8%B9%E0%B8%99%E0%B9%89%E0%B8%B3%E0%B8%97%E0%B8%AD%E0%B8%87%E0%B9%80%E0%B8%AB%E0%B8%A5%E0%B8%B7%E0%B8%AD%E0%B8%87-12-%E0%B8%A3%E0%B8%B8%E0%B9%88%E0%B8%99-YF40561-i.1903300133289,60350471
ประตูน้ำ 3/4 นิ้ว KARTEN HN3042-3/4 แดง,188,https://www.thaiwatsadu.com/th/sku/60350472,165,https://globalhouse.co.th/product/VAVO-%E0%B8%9B%E0%B8%A3%E0%B8%B0%E0%B8%95%E0%B8%B9%E0%B8%99%E0%B9%89%E0%B8%B3%E0%B8%97%E0%B8%AD%E0%B8%87%E0%B9%80%E0%B8%AB%E0%B8%A5%E0%B8%B7%E0%B8%AD%E0%B8%87-34-%E0%B8%A3%E0%B8%B8%E0%B9%88%E0%B8%99-YF40562-i.1903300133697,60350472
สายยางใยเชือกพร้อมโรล FONTE รุ่น MG1512 ขนาด 1/2 นิ้ว x 16 เมตร สีเขียว - ดำ,488,https://www.thaiwatsadu.com/th/sku/60324353,675,https://globalhouse.co.th/product/Tree%E2%80%99O-%E0%B9%82%E0%B8%A3%E0%B8%A5%E0%B8%AA%E0%B8%B2%E0%B8%A2%E0%B8%A2%E0%B8%B2%E0%B8%87--12-%E0%B8%99%E0%B8%B4%E0%B9%89%E0%B8%A7-x-15M--%E0%B8%A3%E0%B8%B8%E0%B9%88%E0%B8%99-DY62115-i.6222000410892,60324353
เก้าอี้บาร์สตูลขาไม้ KASSA ROME รุ่น 1886AA-W สีขาว,1280,https://www.thaiwatsadu.com/th/sku/60338027,1490,https://globalhouse.co.th/product/detail/6422005910278,60338027
เก้าอี้สำนักงาน CALINA AURA รุ่น QT-501BG (62ก.x62ล.x95-105ส. ซม.) สีเทา,1880,https://www.thaiwatsadu.com/th/sku/60419633,1990,https://globalhouse.co.th/product/SMITH-%E0%B9%80%E0%B8%81%E0%B9%89%E0%B8%B2%E0%B8%AD%E0%B8%B5%E0%B9%89%E0%B8%AA%E0%B8%B3%E0%B8%99%E0%B8%B1%E0%B8%81%E0%B8%87%E0%B8%B2%E0%B8%99-%E0%B8%A3%E0%B8%B8%E0%B9%88%E0%B8%99-MANDY-%E0%B8%AA%E0%B8%B5%E0%B8%82%E0%B8%B2%E0%B8%A7%E0%B9%80%E0%B8%97%E0%B8%B2-i.5722007590043,60419633
เก้าอี้สำนักงาน Kassa F002A 54x53x76 ซม. สีดำ,998,https://www.thaiwatsadu.com/th/sku/60225773,1390,https://globalhouse.co.th/product/detail/5922002590240,60225773
เก้าอี้หวายเทียมโครงอลูมิเนียม French Bistro FONTE รุ่น C-230560 ขนาด 46x58x89 ซม. สีขาวดำ,1380,https://www.thaiwatsadu.com/th/sku/60390861,1890,,60390861
เครื่องพ่นยา 4 จังหวะ 35.8 ซีซี KARTEN รุ่น TM-P4035 ขนาด 25 ลิตร สีแดงดำ,3580,https://www.thaiwatsadu.com/th/sku/60393198,3580,https://globalhouse.co.th/product/TUF-%E0%B9%80%E0%B8%84%E0%B8%A3%E0%B8%B7%E0%B9%88%E0%B8%AD%E0%B8%87%E0%B8%9E%E0%B9%88%E0%B8%99%E0%B8%A2%E0%B8%B2%E0%B9%80%E0%B8%84%E0%B8%A3%E0%B8%B7%E0%B9%88%E0%B8%AD%E0%B8%87%E0%B8%A2%E0%B8%99%E0%B8%95%E0%B9%8C-4%E0%B8%88%E0%B8%B1%E0%B8%87%E0%B8%AB%E0%B8%A7%E0%B8%B0-%E0%B8%A3%E0%B8%B8%E0%B9%88%E0%B8%99QL767-25%E0%B8%A5%E0%B8%B4%E0%B8%95%E0%B8%A3-%E0%B8%AA%E0%B8%B5%E0%B9%81%E0%B8%94%E0%B8%87%E0%B8%82%E0%B8%B2%E0%B8%A7-i.6222003810545,60393198
เครื่องพ่นเมล็ด พ่นยา เครื่องยนต์ 2 จังหวะ Karten รุ่น 3WF-3A ความจุ 26 ลิตร สีขาว/ส้ม,3380,https://www.thaiwatsadu.com/th/sku/60389441,3350,https://globalhouse.co.th/product/OOPOWER-%E0%B9%80%E0%B8%84%E0%B8%A3%E0%B8%B7%E0%B9%88%E0%B8%AD%E0%B8%87%E0%B8%9E%E0%B9%88%E0%B8%99%E0%B8%9B%E0%B8%B8%E0%B9%8B%E0%B8%A2%E0%B9%81%E0%B8%A5%E0%B8%B0%E0%B9%80%E0%B8%A1%E0%B8%A5%E0%B9%87%E0%B8%94-%E0%B8%82%E0%B8%99%E0%B8%B2%E0%B8%94-26-%E0%B8%A5%E0%B8%B4%E0%B8%95%E0%B8%A3-%E0%B8%A3%E0%B8%B8%E0%B9%88%E0%B8%993WF3A-%E0%B8%AA%E0%B8%B5%E0%B8%AA%E0%B9%89%E0%B8%A1%E0%B8%94%E0%B8%B3-i.3922007950539,60389441
เช็ควาล์วสปริงทองเหลือง 1 นิ้ว KARTEN HN3037-1 ทองเหลือง,138,https://www.thaiwatsadu.com/th/sku/60350467,189,https://globalhouse.co.th/product/VAVO-%E0%B9%80%E0%B8%8A%E0%B9%87%E0%B8%84%E0%B8%A7%E0%B8%B2%E0%B8%A5%E0%B9%8C%E0%B8%A7%E0%B8%AA%E0%B8%9B%E0%B8%A3%E0%B8%B4%E0%B8%87%E0%B8%97%E0%B8%AD%E0%B8%87%E0%B9%80%E0%B8%AB%E0%B8%A5%E0%B8%B7%E0%B8%AD%E0%B8%87-1%E2%80%9C-%E0%B8%A3%E0%B8%B8%E0%B9%88%E0%B8%99-YF40543-i.1903300131578,60350467
เช็ควาล์วสปริงทองเหลือง 1/2 นิ้ว KARTEN HN3037-1/2 ทองเหลือง,78,https://www.thaiwatsadu.com/th/sku/60350465,99,https://globalhouse.co.th/product/VAVO-%E0%B9%80%E0%B8%8A%E0%B9%87%E0%B8%84%E0%B8%A7%E0%B8%B2%E0%B8%A5%E0%B9%8C%E0%B8%A7%E0%B8%AA%E0%B8%9B%E0%B8%A3%E0%B8%B4%E0%B8%87%E0%B8%97%E0%B8%AD%E0%B8%87%E0%B9%80%E0%B8%AB%E0%B8%A5%E0%B8%B7%E0%B8%AD%E0%B8%87-12%E2%80%9C-%E0%B8%A3%E0%B8%B8%E0%B9%88%E0%B8%99-YF40541-i.1903300129279,60350465
เช็ควาล์วสปริงทองเหลือง 3/4 นิ้ว KARTEN HN3037-3/4 ทองเหลือง,98,https://www.thaiwatsadu.com/th/sku/60350466,139,https://globalhouse.co.th/product/VAVO-%E0%B9%80%E0%B8%8A%E0%B9%87%E0%B8%84%E0%B8%A7%E0%B8%B2%E0%B8%A5%E0%B9%8C%E0%B8%A7%E0%B8%AA%E0%B8%9B%E0%B8%A3%E0%B8%B4%E0%B8%87%E0%B8%97%E0%B8%AD%E0%B8%87%E0%B9%80%E0%B8%AB%E0%B8%A5%E0%B8%B7%E0%B8%AD%E0%B8%87-34-%E0%B8%A3%E0%B8%B8%E0%B9%88%E0%B8%99-YF40542-i.1903300130262,60350466
โต๊ะทานอาหารเหลี่ยม 4 ที่นั่งไม้ยางพารา KASSA 120x75x75 ซม. สีธรรมชาติ,3980,https://www.thaiwatsadu.com/th/sku/60294002,4990,https://globalhouse.co.th/product/%E0%B9%82%E0%B8%95%E0%B9%8A%E0%B8%B0%E0%B8%AD%E0%B8%B2%E0%B8%AB%E0%B8%B2%E0%B8%A3%E0%B8%AD%E0%B8%B5%E0%B8%AA%E0%B8%95%E0%B8%B1%E0%B8%99-%E0%B8%82%E0%B8%99%E0%B8%B2%E0%B8%94-125x75x73%E0%B8%8B%E0%B8%A1.%E0%B8%AA%E0%B8%B5%E0%B8%98%E0%B8%A3%E0%B8%A3%E0%B8%A1%E0%B8%8A%E0%B8%B2%E0%B8%95%E0%B8%B4-i.5722006640084,60294002
กล่องใส่อะไหล่พลาสติกพร้อมกล่องใส 4 ชั้น GIANT KINGKONG รุ่น HL30120 สีดำ-เหลือง,328,https://www.thaiwatsadu.com/th/sku/60413640,329,https://globalhouse.co.th/product/HUMMER-%E0%B8%81%E0%B8%A5%E0%B9%88%E0%B8%AD%E0%B8%87%E0%B9%80%E0%B8%84%E0%B8%A3%E0%B8%B7%E0%B9%88%E0%B8%AD%E0%B8%87%E0%B8%A1%E0%B8%B7%E0%B8%AD-%E0%B8%A5%E0%B8%B4%E0%B9%89%E0%B8%99%E0%B8%8A%E0%B8%B1%E0%B8%81-4-%E0%B8%8A%E0%B8%B1%E0%B9%89%E0%B8%99-HL30120-i.6022002192037,60413640
กิ๊บจับสลิง 1/4นิ้ว GIANT KINGKONG WR-14 ซิงค์ขาว,9,https://www.thaiwatsadu.com/th/sku/60307030,6,https://globalhouse.co.th/product/HUMMER-%E0%B8%81%E0%B8%B4%E0%B9%8A%E0%B8%9A%E0%B8%88%E0%B8%B1%E0%B8%9A%E0%B8%A5%E0%B8%A7%E0%B8%94%E0%B8%AA%E0%B8%A5%E0%B8%B4%E0%B8%87-%E0%B8%A3%E0%B8%B8%E0%B9%88%E0%B8%99-WRCM6-%E0%B8%82%E0%B8%99%E0%B8%B2%E0%B8%94-14-i.2422005400759,60307030
กิ๊บจับสลิง 3/8นิ้ว GIANT KINGKONG WR-38 ซิงค์ขาว,13,https://www.thaiwatsadu.com/th/sku/60307033,10,https://globalhouse.co.th/product/HUMMER-%E0%B8%81%E0%B8%B4%E0%B9%8A%E0%B8%9A%E0%B8%88%E0%B8%B1%E0%B8%9A%E0%B8%A5%E0%B8%A7%E0%B8%94%E0%B8%AA%E0%B8%A5%E0%B8%B4%E0%B8%87-%E0%B8%A3%E0%B8%B8%E0%B9%88%E0%B8%99-WRCM10-%E0%B8%82%E0%B8%99%E0%B8%B2%E0%B8%94-38-i.2422005400773,60307033
กิ๊บจับสลิง 5/16นิ้ว GIANT KINGKONG WR-516 ซิงค์ขาว,9,https://www.thaiwatsadu.com/th/sku/60307031,7,https://globalhouse.co.th/product/HUMMER-%E0%B8%81%E0%B8%B4%E0%B9%8A%E0%B8%9A%E0%B8%88%E0%B8%B1%E0%B8%9A%E0%B8%A5%E0%B8%A7%E0%B8%94%E0%B8%AA%E0%B8%A5%E0%B8%B4%E0%B8%87-%E0%B8%A3%E0%B8%B8%E0%B9%88%E0%B8%99-WRCM8-%E0%B8%82%E0%B8%99%E0%B8%B2%E0%B8%94-516-i.2422005400766,60307031
"คลิ๊ปเหล็กล็อคสายพลาสติกPP,HD GIANT KINGKONG แพ็ค 1กก.",93,https://www.thaiwatsadu.com/th/sku/60175579,89,https://globalhouse.co.th/product/SMITH-%E0%B8%84%E0%B8%A5%E0%B8%B4%E0%B9%8A%E0%B8%9A%E0%B9%80%E0%B8%AB%E0%B8%A5%E0%B9%87%E0%B8%81%E0%B8%AA%E0%B8%B3%E0%B8%AB%E0%B8%A3%E0%B8%B1%E0%B8%9A%E0%B8%AA%E0%B8%B2%E0%B8%A2%E0%B8%A3%E0%B8%B1%E0%B8%94%E0%B8%AA%E0%B8%B2%E0%B8%A2%E0%B8%9E%E0%B8%A5%E0%B8%B2%E0%B8%AA%E0%B8%95%E0%B8%B4%E0%B8%81-%E0%B9%81%E0%B8%9E%E0%B9%87%E0%B8%84-1-%E0%B8%81%E0%B8%81.-i.7061804053772,60175579
ถุงมือผ้าขอบเขียว 5 ขีด GIANT KINGKONG 12 คู่ เทา,53,https://www.thaiwatsadu.com/th/sku/60413867,57,https://globalhouse.co.th/product/%E0%B8%96%E0%B8%B8%E0%B8%87%E0%B8%A1%E0%B8%B7%E0%B8%AD%E0%B8%97%E0%B8%AD%E0%B9%83%E0%B8%A2%E0%B8%9D%E0%B9%89%E0%B8%B2%E0%B8%A2%E0%B8%AA%E0%B8%B5%E0%B9%80%E0%B8%97%E0%B8%B2-500-%E0%B8%81%E0%B8%A3%E0%B8%B1%E0%B8%A1%E0%B9%82%E0%B8%AB%E0%B8%A5-1x12%E0%B8%84%E0%B8%B9%E0%B9%88-i.8858847105677,60413867
บันไดอลูมิเนียมกางปรับพาด 3 ตอน GIANT KINGKONG PRO LZ3210B 3x10 ขั้น เงิน,4680,https://www.thaiwatsadu.com/th/sku/60229676,4780,https://globalhouse.co.th/product/HUMMER-%E0%B8%9A%E0%B8%B1%E0%B8%99%E0%B9%84%E0%B8%94%E0%B8%AD%E0%B8%B0%E0%B8%A5%E0%B8%B9%E0%B8%A1%E0%B8%B4%E0%B9%80%E0%B8%99%E0%B8%B5%E0%B8%A2%E0%B8%A1-%E0%B8%97%E0%B8%A3%E0%B8%87-ASLIDE-3x10-%E0%B8%82%E0%B8%B1%E0%B9%89%E0%B8%99-%E0%B8%A3%E0%B8%B8%E0%B9%88%E0%B8%99LZ3210B-%E0%B8%AA%E0%B8%B5%E0%B9%80%E0%B8%87%E0%B8%B4%E0%B8%99-i.5922005601752,60229676
บันไดอลูมิเนียมทรง A ขึ้นลง 2 ทาง GIANT KINGKONG PRO LDGA2006D 6 ขั้น เงิน,2780,https://www.thaiwatsadu.com/th/sku/60263921,2280,https://globalhouse.co.th/product/HUMMER%E0%B8%9A%E0%B8%B1%E0%B8%99%E0%B9%84%E0%B8%94%E0%B8%AD%E0%B8%B0%E0%B8%A5%E0%B8%B9%E0%B8%A1%E0%B8%B4%E0%B9%80%E0%B8%99%E0%B8%B5%E0%B8%A2%E0%B8%A1%E0%B8%97%E0%B8%A3%E0%B8%87-A-%E0%B8%82%E0%B8%B6%E0%B9%89%E0%B8%99%E0%B8%A5%E0%B8%87-2%E0%B8%97%E0%B8%B2%E0%B8%87-6%E0%B8%82%E0%B8%B1%E0%B9%89%E0%B8%99-%E0%B8%A3%E0%B8%B8%E0%B9%88%E0%B8%99-GB42036-%E0%B8%AA%E0%B8%B5%E0%B9%80%E0%B8%87%E0%B8%B4%E0%B8%99-i.5922007470202,60263921
บันไดอลูมิเนียมพร้อมถาดแบบมีด้ามจับ GIANT KINGKONG PRO LJ104DLT 4 ขั้น เงิน,1230,https://www.thaiwatsadu.com/th/sku/60255578,1090,https://globalhouse.co.th/product/HUMMER-%E0%B8%9A%E0%B8%B1%E0%B8%99%E0%B9%84%E0%B8%94%E0%B8%AD%E0%B8%A5%E0%B8%B9%E0%B8%A1%E0%B8%B4%E0%B9%80%E0%B8%99%E0%B8%B5%E0%B8%A2%E0%B8%A1%E0%B8%A1%E0%B8%B5%E0%B8%A1%E0%B8%B7%E0%B8%AD%E0%B8%88%E0%B8%B1%E0%B8%9A-4-%E0%B8%82%E0%B8%B1%E0%B9%89%E0%B8%99-%E0%B8%A3%E0%B8%B8%E0%B9%88%E0%B8%99-LJG304D-i.5922005600199,60255578
บันไดอลูมิเนียมพร้อมถาดแบบมีด้ามจับ GIANT KINGKONG PRO LJG307DT2 7 ขั้น เงิน,1830,https://www.thaiwatsadu.com/th/sku/60346040,1690,https://globalhouse.co.th/product/HUMMER-%E0%B8%9A%E0%B8%B1%E0%B8%99%E0%B9%84%E0%B8%94%E0%B8%AD%E0%B8%A5%E0%B8%B9%E0%B8%A1%E0%B8%B4%E0%B9%80%E0%B8%99%E0%B8%B5%E0%B8%A2%E0%B8%A1%E0%B8%A1%E0%B8%B5%E0%B8%A1%E0%B8%B7%E0%B8%AD%E0%B8%88%E0%B8%B1%E0%B8%9A-7-%E0%B8%82%E0%B8%B1%E0%B9%89%E0%B8%99-%E0%B8%A3%E0%B8%B8%E0%B9%88%E0%B8%99-LJG307D-i.5922005600229,60346040
บันไดอลูมิเนียมพร้อมถาดแบบมีด้ามจับ GIANT KINGKONG PRO LJG308DT2 8 ขั้น เงิน,2030,https://www.thaiwatsadu.com/th/sku/60346041,1890,https://globalhouse.co.th/product/HUMMER%E0%B8%9A%E0%B8%B1%E0%B8%99%E0%B9%84%E0%B8%94%E0%B8%AD%E0%B8%B0%E0%B8%A5%E0%B8%B9%E0%B8%A1%E0%B8%B4%E0%B9%80%E0%B8%99%E0%B8%B5%E0%B8%A2%E0%B8%A1%E0%B8%9E%E0%B8%A3%E0%B9%89%E0%B8%AD%E0%B8%A1%E0%B8%A1%E0%B8%B7%E0%B8%AD%E0%B8%88%E0%B8%B1%E0%B8%9A-8%E0%B8%82%E0%B8%B1%E0%B9%89%E0%B8%99-%E0%B8%A3%E0%B8%B8%E0%B9%88%E0%B8%99-GB40288-i.5922007470189,60346041
บันไดอลูมิเนียมอเนกประสงค์ทรง A/I GIANT KINGKONG PRO LDA2108 8x7 ขั้น เงิน,3370,https://www.thaiwatsadu.com/th/sku/60289704,2480,https://globalhouse.co.th/product/HUMMER%E0%B8%9A%E0%B8%B1%E0%B8%99%E0%B9%84%E0%B8%94%E0%B8%AD%E0%B8%B0%E0%B8%A5%E0%B8%B9%E0%B8%A1%E0%B8%B4%E0%B9%80%E0%B8%99%E0%B8%B5%E0%B8%A2%E0%B8%A1%E0%B8%97%E0%B8%A3%E0%B8%87-A-%E0%B8%82%E0%B8%B6%E0%B9%89%E0%B8%99%E0%B8%A5%E0%B8%87-2%E0%B8%97%E0%B8%B2%E0%B8%87-7%E0%B8%82%E0%B8%B1%E0%B9%89%E0%B8%99-%E0%B8%A3%E0%B8%B8%E0%B9%88%E0%B8%99-GB42037-%E0%B8%AA%E0%B8%B5%E0%B9%80%E0%B8%87%E0%B8%B4%E0%B8%99-i.5922007470219,60289704
ปืนยิงกาวซิลิโคน GIANT KINGKONG XY-418 9 นิ้ว แดง,288,https://www.thaiwatsadu.com/th/sku/60404589,290,https://globalhouse.co.th/product/HUMMER-%E0%B8%9B%E0%B8%B7%E0%B8%99%E0%B8%A2%E0%B8%B4%E0%B8%87%E0%B8%81%E0%B8%B2%E0%B8%A7%E0%B8%8B%E0%B8%B4%E0%B8%A5%E0%B8%B4%E0%B9%82%E0%B8%84%E0%B8%99-9-%E0%B8%A3%E0%B8%B8%E0%B9%88%E0%B8%99-DTSG269-%E0%B8%AA%E0%B8%B5%E0%B9%80%E0%B8%AB%E0%B8%A5%E0%B8%B7%E0%B8%AD%E0%B8%87-i.6022001932269,60404589
มือจับประตูดึง สเตนเลส304 GIANT KINGKONG DPL01 800SS 800มม. เงิน,930,https://www.thaiwatsadu.com/th/sku/60377086,990,https://globalhouse.co.th/product/TORSTEN-%E0%B8%A1%E0%B8%B7%E0%B8%AD%E0%B8%88%E0%B8%B1%E0%B8%9A%E0%B8%9B%E0%B8%A3%E0%B8%B0%E0%B8%95%E0%B8%B9%E0%B8%9A%E0%B8%B2%E0%B8%99%E0%B8%94%E0%B8%B6%E0%B8%87-800-%E0%B8%A1%E0%B8%A1.-%E0%B8%A3%E0%B8%B8%E0%B9%88%E0%B8%99-CHCP010800-%E0%B8%AA%E0%B8%B5%E0%B8%AA%E0%B9%80%E0%B8%95%E0%B8%99%E0%B9%80%E0%B8%A5%E0%B8%AA-i.2622001820197,60377086
มุ้งลวดอลูมิเนียม 36นิ้วx33ฟุต GIANT KINGKONG YS-36/33AL อลูมิเนียม,678,https://www.thaiwatsadu.com/th/sku/60250075,590,https://globalhouse.co.th/product/PROTX-%E0%B8%A1%E0%B8%B8%E0%B9%89%E0%B8%87%E0%B8%A5%E0%B8%A7%E0%B8%94%E0%B8%AD%E0%B8%B0%E0%B8%A5%E0%B8%B9%E0%B8%A1%E0%B8%B4%E0%B9%80%E0%B8%99%E0%B8%B5%E0%B8%A2%E0%B8%A1-36-%E0%B8%99%E0%B8%B4%E0%B9%89%E0%B8%A7-x-10%E0%B9%80%E0%B8%A1%E0%B8%95%E0%B8%A3-Dia-0.21mm-18x16%E0%B8%95%E0%B8%A3.%E0%B8%99%E0%B8%B4%E0%B9%89%E0%B8%A7-%E0%B8%A3%E0%B8%B8%E0%B9%88%E0%B8%99-4TCS0023610AL-i.5922007040603,60250075
มุ้งลวดอลูมิเนียม 42นิ้วx33ฟุต GIANT KINGKONG YS-42/33AL อลูมิเนียม,798,https://www.thaiwatsadu.com/th/sku/60250080,670,https://globalhouse.co.th/product/PROTX-%E0%B8%A1%E0%B8%B8%E0%B9%89%E0%B8%87%E0%B8%A5%E0%B8%A7%E0%B8%94%E0%B8%AD%E0%B8%B0%E0%B8%A5%E0%B8%B9%E0%B8%A1%E0%B8%B4%E0%B9%80%E0%B8%99%E0%B8%B5%E0%B8%A2%E0%B8%A1-42-%E0%B8%99%E0%B8%B4%E0%B9%89%E0%B8%A7-x-10%E0%B9%80%E0%B8%A1%E0%B8%95%E0%B8%A3-Dia-0.21mm-18x16%E0%B8%95%E0%B8%A3.%E0%B8%99%E0%B8%B4%E0%B9%89%E0%B8%A7-%E0%B8%A3%E0%B8%B8%E0%B9%88%E0%B8%99-4TCS0034210AL-i.5922007040610,60250080
ยางกั้นล้อรถยนต์ GIANT KINGKONG RB-10E-3 60x12x10 ซม. ดำ-เหลือง,358,https://www.thaiwatsadu.com/th/sku/60198858,279,https://globalhouse.co.th/product/PROTX-%E0%B8%A2%E0%B8%B2%E0%B8%87%E0%B8%AB%E0%B9%89%E0%B8%B2%E0%B8%A1%E0%B8%A5%E0%B9%89%E0%B8%AD-600x120x80mm--%E0%B8%A3%E0%B8%B8%E0%B9%88%E0%B8%99WS04a-%E0%B8%AA%E0%B8%B5%E0%B8%94%E0%B8%B3%E0%B9%80%E0%B8%AB%E0%B8%A5%E0%B8%B7%E0%B8%AD%E0%B8%87-i.5922007830020,60198858
ยางหนุนล้อรถยนต์ GIANT KINGKONG 9081 19 x 15 x 10 ซม. ดำ,253,https://www.thaiwatsadu.com/th/sku/60302727,180,https://globalhouse.co.th/product/PROTX-%E0%B8%A2%E0%B8%B2%E0%B8%87%E0%B8%AB%E0%B9%89%E0%B8%B2%E0%B8%A1%E0%B8%A5%E0%B9%89%E0%B8%AD%E0%B9%81%E0%B8%9A%E0%B8%9A%E0%B8%AA%E0%B8%B2%E0%B8%A1%E0%B9%80%E0%B8%AB%E0%B8%A5%E0%B8%B5%E0%B9%88%E0%B8%A2%E0%B8%A1-10x20x15cm.-%E0%B8%A3%E0%B8%B8%E0%B9%88%E0%B8%99WC01-%E0%B8%AA%E0%B8%B5%E0%B8%94%E0%B8%B3-i.5922008040152,60302727
รถเข็นปูนล้อคู่แมกซ์ 12 นิ้ว GIANT KINGKONG HB4511A 65 ลิตร (250 กก.) ส้ม,1500,https://www.thaiwatsadu.com/th/sku/60321429,2290,https://globalhouse.co.th/product/TUF-%E0%B8%A3%E0%B8%96%E0%B9%80%E0%B8%82%E0%B9%87%E0%B8%99%E0%B8%9B%E0%B8%B9%E0%B8%99%E0%B8%A5%E0%B9%89%E0%B8%AD%E0%B8%84%E0%B8%B9%E0%B9%88-%E0%B8%A5%E0%B9%89%E0%B8%AD%E0%B8%95%E0%B8%B1%E0%B8%99-%E0%B8%A3%E0%B8%B8%E0%B9%88%E0%B8%99-HB4511AO-%E0%B8%82%E0%B8%99%E0%B8%B2%E0%B8%94-670x1230x620mm.-%E0%B8%A3%E0%B8%B1%E0%B8%9A%E0%B8%99%E0%B9%89%E0%B8%B3%E0%B8%AB%E0%B8%99%E0%B8%B1%E0%B8%81250kg.65%E0%B8%A5%E0%B8%B4%E0%B8%95%E0%B8%A3-%E0%B8%AA%E0%B8%B5%E0%B9%80%E0%B8%82%E0%B8%B5%E0%B8%A2%E0%B8%A7-i.5922006760090,60321429
ลูกกลิ้งทาสี GIANT KINGKONG HP 10 10 นิ้ว,78,https://www.thaiwatsadu.com/th/sku/60219887,69,https://globalhouse.co.th/product/Hummer-%E0%B8%A5%E0%B8%B9%E0%B8%81%E0%B8%81%E0%B8%A5%E0%B8%B4%E0%B9%89%E0%B8%87%E0%B8%97%E0%B8%B2%E0%B8%AA%E0%B8%B5-%E0%B8%9E%E0%B8%A3%E0%B9%89%E0%B8%AD%E0%B8%A1%E0%B8%94%E0%B9%89%E0%B8%B2%E0%B8%A1-10%E0%B8%99%E0%B8%B4%E0%B9%89%E0%B8%A7-Light-yellow-%E0%B8%A3%E0%B8%B8%E0%B9%88%E0%B8%99-SOM010-i.5922005602544,60219887
ลูกกลิ้งทาสีขนขาวแถบเหลือง GIANT KINGKONG HP 10YS 10 นิ้ว,60,https://www.thaiwatsadu.com/th/sku/60304687,60,https://globalhouse.co.th/product/HUMMER-%E0%B8%A5%E0%B8%B9%E0%B8%81%E0%B8%81%E0%B8%A5%E0%B8%B4%E0%B9%89%E0%B8%87%E0%B8%97%E0%B8%B2%E0%B8%AA%E0%B8%B5-%E0%B8%9E%E0%B8%A3%E0%B9%89%E0%B8%AD%E0%B8%A1%E0%B8%94%E0%B9%89%E0%B8%B2%E0%B8%A1G014-%E0%B8%A3%E0%B8%B8%E0%B9%88%E0%B8%99-DTPT371-%E0%B8%AA%E0%B8%B5%E0%B9%80%E0%B8%AB%E0%B8%A5%E0%B8%B7%E0%B8%AD%E0%B8%87%E0%B8%94%E0%B8%B3-10%E0%B8%99%E0%B8%B4%E0%B9%89%E0%B8%A7-i.6022001930371,60304687
ล้อ PU (นั่งร้าน)แบบเดือยหมุนได้มีเบรค 15.2ซม. GIANTKINGKONG 1151-152 แดง,868,https://www.thaiwatsadu.com/th/sku/60139198,650,https://globalhouse.co.th/product/KAMPER-%E0%B8%A5%E0%B9%89%E0%B8%AD%E0%B8%99%E0%B8%B1%E0%B9%88%E0%B8%87%E0%B8%A3%E0%B9%89%E0%B8%B2%E0%B8%99%E0%B9%82%E0%B8%9E%E0%B8%A5%E0%B8%B5%E0%B8%A2%E0%B8%B9%E0%B8%A3%E0%B8%B5%E0%B9%80%E0%B8%97%E0%B8%99-PU-%E0%B8%82%E0%B8%B2%E0%B8%AB%E0%B8%A1%E0%B8%B8%E0%B8%99-%E0%B8%A1%E0%B8%B5%E0%B9%80%E0%B8%9A%E0%B8%A3%E0%B8%84-%E0%B8%A3%E0%B8%B8%E0%B9%88%E0%B8%99-1152152B-6-%E0%B8%99%E0%B8%B4%E0%B9%89%E0%B8%A7-i.6032698301842,60139198
ล้อ PU (นั่งร้าน)แบบเดือยหมุนได้มีเบรค 20ซม. GIANTKINGKONG 1151-203 แดง,998,https://www.thaiwatsadu.com/th/sku/60278821,788,https://globalhouse.co.th/product/KAMPER-%E0%B8%A5%E0%B9%89%E0%B8%AD%E0%B8%99%E0%B8%B1%E0%B9%88%E0%B8%87%E0%B8%A3%E0%B9%89%E0%B8%B2%E0%B8%99%E0%B9%82%E0%B8%9E%E0%B8%A5%E0%B8%B5%E0%B8%A2%E0%B8%B9%E0%B8%A3%E0%B8%B5%E0%B9%80%E0%B8%97%E0%B8%99-PU-%E0%B8%82%E0%B8%B2%E0%B8%AB%E0%B8%A1%E0%B8%B8%E0%B8%99-%E0%B8%A1%E0%B8%B5%E0%B9%80%E0%B8%9A%E0%B8%A3%E0%B8%84-%E0%B8%A3%E0%B8%B8%E0%B9%88%E0%B8%99-1152200B-8-%E0%B8%99%E0%B8%B4%E0%B9%89%E0%B8%A7-i.6032000302772,60278821
ล้อ TPR แบบแป้นหมุนได้ไม่มีเบรค 7.5ซม. GIANTKINGKONG 3003-75 เทา,118,https://www.thaiwatsadu.com/th/sku/60279213,128,https://globalhouse.co.th/product/KAMPER-%E0%B8%A5%E0%B9%89%E0%B8%AD-TPR-%E0%B9%81%E0%B8%9B%E0%B9%89%E0%B8%99%E0%B8%AB%E0%B8%A1%E0%B8%B8%E0%B8%99-3%E0%B8%99%E0%B8%B4%E0%B9%89%E0%B8%A7-77%E0%B8%A1%E0%B8%A1-%E0%B8%A3%E0%B8%B8%E0%B9%88%E0%B8%99-420177-i.6020003000856,60279213
ล้อยาง(นั่งร้าน)แบบเดือยหมุนได้ไม่มีเบรค 16ซม. GIANTKINGKONG 1157-160 ดำ,395,https://www.thaiwatsadu.com/th/sku/60139193,395,https://globalhouse.co.th/product/KAMPER-%E0%B8%A5%E0%B9%89%E0%B8%AD%E0%B8%99%E0%B8%B1%E0%B9%88%E0%B8%87%E0%B8%A3%E0%B9%89%E0%B8%B2%E0%B8%99-%E0%B9%84%E0%B8%A1%E0%B9%88%E0%B8%A1%E0%B8%B5%E0%B9%80%E0%B8%9A%E0%B8%A3%E0%B8%84-6%E0%B8%99%E0%B8%B4%E0%B9%89%E0%B8%A7-%E0%B8%A3%E0%B8%B8%E0%B9%88%E0%B8%99-HMS6-i.2622002650250,60139193
ล้อยางอะไหล่ 12.5ซม. GIANTKINGKONG 4000-125 ดำ,118,https://www.thaiwatsadu.com/th/sku/60139042,120,https://globalhouse.co.th/product/KAMPER-%E0%B8%A5%E0%B9%89%E0%B8%AD%E0%B8%AD%E0%B8%B0%E0%B9%84%E0%B8%AB%E0%B8%A5%E0%B9%88-%E0%B9%81%E0%B8%A1%E0%B9%87%E0%B8%81%E0%B8%8B%E0%B9%8C-6%E0%B8%99%E0%B8%B4%E0%B9%89%E0%B8%A7-150%E0%B8%A1%E0%B8%A1-%E0%B8%A3%E0%B8%B8%E0%B9%88%E0%B8%99-4000150-i.6020003000757,60139042
ล้อยางแบบแป้นหมุนได้มีเบรค 10ซม. GIANTKINGKONG 4003-100 ดำ,198,https://www.thaiwatsadu.com/th/sku/60296649,235,https://globalhouse.co.th/product/KAMPER-%E0%B8%A5%E0%B9%89%E0%B8%AD%E0%B8%A2%E0%B8%B2%E0%B8%87%E0%B9%81%E0%B8%9B%E0%B9%89%E0%B8%99-%E0%B8%A1%E0%B8%B5%E0%B9%80%E0%B8%9A%E0%B8%A3%E0%B8%84-4%E0%B8%99%E0%B8%B4%E0%B9%89%E0%B8%A7-100%E0%B8%A1%E0%B8%A1-%E0%B8%A3%E0%B8%B8%E0%B9%88%E0%B8%99-1013100-i.2622002650229,60296649
ล้อไนล่อนแบบเดือยหมุนได้ไม่มีเบรค 5ซม. GIANTKINGKONG P21-04-50-105B ดำ,28,https://www.thaiwatsadu.com/th/sku/60139177,19,https://globalhouse.co.th/product/KAMPER-%E0%B8%A5%E0%B9%89%E0%B8%AD%E0%B9%81%E0%B8%81%E0%B8%99%E0%B9%80%E0%B8%94%E0%B8%B7%E0%B8%AD%E0%B8%A2-Black-Nylon-50%E0%B8%A1%E0%B8%A1-2%E0%B8%99%E0%B8%B4%E0%B9%89%E0%B8%A7-%E0%B8%A3%E0%B8%B8%E0%B9%88%E0%B8%99-TWFF50-i.6020003000993,60139177
สกรูปลายสว่านหัวหกเหลี่ยม 10x75มม. GIANT KINGKONG HSD-1075-50 ซิงค์รุ้ง แพ็ค 50 ตัว,133,https://www.thaiwatsadu.com/th/sku/60314846,160,https://globalhouse.co.th/product/FIXXY-%E0%B8%AA%E0%B8%81%E0%B8%A3%E0%B8%B9%E0%B8%A2%E0%B8%B6%E0%B8%94%E0%B8%81%E0%B8%A3%E0%B8%B0%E0%B9%80%E0%B8%9A%E0%B8%B7%E0%B9%89%E0%B8%AD%E0%B8%87%E0%B8%A5%E0%B8%AD%E0%B8%99%E0%B8%A5%E0%B8%B9%E0%B8%81%E0%B8%9F%E0%B8%B9%E0%B8%81%E0%B8%9B%E0%B8%A5%E0%B8%B2%E0%B8%A2%E0%B8%AA%E0%B8%A7%E0%B9%88%E0%B8%B2%E0%B8%99-%E0%B8%82%E0%B8%99%E0%B8%B2%E0%B8%94-10-%E0%B8%A2%E0%B8%B2%E0%B8%A7-3%E0%B8%99%E0%B8%B4%E0%B9%89%E0%B8%A7-75%E0%B8%A1%E0%B8%A1.-%E0%B8%9A%E0%B8%A3%E0%B8%A3%E0%B8%88%E0%B8%B8-10%E0%B8%95%E0%B8%B1%E0%B8%A7%E0%B8%96%E0%B8%B8%E0%B8%87-%E0%B8%AA%E0%B8%B5%E0%B8%97%E0%B8%AD%E0%B8%87-i.1903073650186,60314846
สกรูปลายสว่านหัวเรียบ/Flat 8x1 1/2นิ้ว GIANT KINGKONG SDF-8112 ซิงค์รุ้ง แพ็ค 100 ตัว,67,https://www.thaiwatsadu.com/th/sku/60305623,68,https://globalhouse.co.th/product/%E0%B8%AA%E0%B8%81%E0%B8%A3%E0%B8%B9%E0%B8%81%E0%B8%A3%E0%B8%B0%E0%B9%80%E0%B8%9A%E0%B8%B7%E0%B9%89%E0%B8%AD%E0%B8%878x1.5-%E0%B8%99%E0%B8%B4%E0%B9%89%E0%B8%A7--100%E0%B8%96%E0%B8%B8%E0%B8%87-i.8858836801467,60305623
สกรูปลายสว่านหัวเรียบ/Flat 8x2นิ้ว GIANT KINGKONG SDF-820 ซิงค์รุ้ง แพ็ค 100 ตัว,83,https://www.thaiwatsadu.com/th/sku/60305624,59,https://globalhouse.co.th/product/FIXXY-%E0%B8%AA%E0%B8%81%E0%B8%A3%E0%B8%B9%E0%B8%A2%E0%B8%B6%E0%B8%94%E0%B8%81%E0%B8%A3%E0%B8%B0%E0%B9%80%E0%B8%9A%E0%B8%B7%E0%B9%89%E0%B8%AD%E0%B8%87%E0%B8%9B%E0%B8%A5%E0%B8%B2%E0%B8%A2%E0%B8%AA%E0%B8%A7%E0%B9%88%E0%B8%B2%E0%B8%99-%E0%B8%82%E0%B8%99%E0%B8%B2%E0%B8%94-8-%E0%B8%A2%E0%B8%B2%E0%B8%A7-2%E0%B8%99%E0%B8%B4%E0%B9%89%E0%B8%A7-50%E0%B8%A1%E0%B8%A1.-%E0%B8%9A%E0%B8%A3%E0%B8%A3%E0%B8%88%E0%B8%B8-100%E0%B8%95%E0%B8%B1%E0%B8%A7%E0%B8%96%E0%B8%B8%E0%B8%87-%E0%B8%AA%E0%B8%B5%E0%B8%97%E0%B8%AD%E0%B8%87-i.2422006300171,60305624
สกรูปลายสว่านหัวเรียบ/Flat 8x3/4นิ้ว GIANT KINGKONG SDF-834 ซิงค์รุ้ง แพ็ค 100 ตัว,57,https://www.thaiwatsadu.com/th/sku/60305618,49,https://globalhouse.co.th/product/FIXXY-%E0%B8%AA%E0%B8%81%E0%B8%A3%E0%B8%B9%E0%B8%A2%E0%B8%B6%E0%B8%94%E0%B8%81%E0%B8%A3%E0%B8%B0%E0%B9%80%E0%B8%9A%E0%B8%B7%E0%B9%89%E0%B8%AD%E0%B8%87%E0%B8%9B%E0%B8%A5%E0%B8%B2%E0%B8%A2%E0%B8%AA%E0%B8%A7%E0%B9%88%E0%B8%B2%E0%B8%99-%E0%B8%82%E0%B8%99%E0%B8%B2%E0%B8%94-8-%E0%B8%A2%E0%B8%B2%E0%B8%A7-34%E0%B8%99%E0%B8%B4%E0%B9%89%E0%B8%A7-18.75%E0%B8%A1%E0%B8%A1.-%E0%B8%9A%E0%B8%A3%E0%B8%A3%E0%B8%88%E0%B8%B8-100%E0%B8%95%E0%B8%B1%E0%B8%A7%E0%B8%96%E0%B8%B8%E0%B8%87-%E0%B8%AA%E0%B8%B5%E0%B8%97%E0%B8%AD%E0%B8%87-i.2422006300119,60305618
สายรัดพลาสติกPP 15x0.9 มม. GIANT KINGKONG ดำ แพ็ค 7กก.,265,https://www.thaiwatsadu.com/th/sku/60244499,399,https://globalhouse.co.th/product/SMITH-%E0%B8%AA%E0%B8%B2%E0%B8%A2%E0%B8%A3%E0%B8%B1%E0%B8%94%E0%B8%9E%E0%B8%A5%E0%B8%B2%E0%B8%AA%E0%B8%95%E0%B8%B4%E0%B8%81-PP-%E0%B8%82%E0%B8%99%E0%B8%B2%E0%B8%94-15-%E0%B8%A1%E0%B8%A1.-%E0%B8%AA%E0%B8%B5%E0%B8%94%E0%B8%B3-%E0%B8%A1%E0%B9%89%E0%B8%A7%E0%B8%99-7-%E0%B8%81%E0%B8%81.-i.7061804052681,60244499
เสื้อกั๊กจราจร GIANT KINGKONG HS782G-S 60 x 46 ซม. S เขียว,83,https://www.thaiwatsadu.com/th/sku/60211265,89,https://globalhouse.co.th/product/Protx-%E0%B9%80%E0%B8%AA%E0%B8%B7%E0%B9%89%E0%B8%AD%E0%B8%88%E0%B8%A3%E0%B8%B2%E0%B8%88%E0%B8%A3%E0%B8%AA%E0%B8%B0%E0%B8%97%E0%B9%89%E0%B8%AD%E0%B8%99%E0%B9%81%E0%B8%AA%E0%B8%87-2%E0%B9%81%E0%B8%96%E0%B8%9A-%E0%B8%A3%E0%B8%B8%E0%B9%88%E0%B8%991ZC008Free-Size-%E0%B8%AA%E0%B8%B5%E0%B9%80%E0%B8%82%E0%B8%B5%E0%B8%A2%E0%B8%A7-i.5922007040771,60211265
เสื้อกั๊กจราจร GIANT KINGKONG HS782O-S 60 x 46 ซม. S ส้ม,83,https://www.thaiwatsadu.com/th/sku/60211268,89,https://globalhouse.co.th/product/Protx-%E0%B9%80%E0%B8%AA%E0%B8%B7%E0%B9%89%E0%B8%AD%E0%B8%88%E0%B8%A3%E0%B8%B2%E0%B8%88%E0%B8%A3%E0%B8%AA%E0%B8%B0%E0%B8%97%E0%B9%89%E0%B8%AD%E0%B8%99%E0%B9%81%E0%B8%AA%E0%B8%87-2%E0%B9%81%E0%B8%96%E0%B8%9A-%E0%B8%A3%E0%B8%B8%E0%B9%88%E0%B8%991ZC008Free-Size-%E0%B8%AA%E0%B8%B5%E0%B8%AA%E0%B9%89%E0%B8%A1-i.5922007040788,60211268
เหล็กฉากเจาะรูหนา 1.8 มม. GIANT KINGKONG FWIRBK18 1.1/2x1.1/2x3 M. ดำ,178,https://www.thaiwatsadu.com/th/sku/60420128,140,https://globalhouse.co.th/product/%E0%B9%80%E0%B8%AB%E0%B8%A5%E0%B9%87%E0%B8%81%E0%B8%89%E0%B8%B2%E0%B8%81%E0%B9%80%E0%B8%88%E0%B8%B2%E0%B8%B0%E0%B8%A3%E0%B8%B9%E0%B8%AB%E0%B8%99%E0%B8%B2-1.8-%E0%B8%A1%E0%B8%A1.-%E0%B8%82%E0%B8%99%E0%B8%B2%E0%B8%94-1.12-x-1.12-%E0%B8%99%E0%B8%B4%E0%B9%89%E0%B8%A7-%E0%B8%A2%E0%B8%B2%E0%B8%A7-3-%E0%B9%80%E0%B8%A1%E0%B8%95%E0%B8%A3-%E0%B8%AA%E0%B8%B5%E0%B8%94%E0%B8%B3-i.3622004360071,60420128
เหล็กฉากเจาะรูหนา 1.8 มม. GIANT KINGKONG FWIRGY18 1.1/2x1.1/2x3 M. เทา,178,https://www.thaiwatsadu.com/th/sku/60420129,140,https://globalhouse.co.th/product/%E0%B9%80%E0%B8%AB%E0%B8%A5%E0%B9%87%E0%B8%81%E0%B8%89%E0%B8%B2%E0%B8%81%E0%B9%80%E0%B8%88%E0%B8%B2%E0%B8%B0%E0%B8%A3%E0%B8%B9%E0%B8%AB%E0%B8%99%E0%B8%B2-1.8-%E0%B8%A1%E0%B8%A1.-%E0%B8%82%E0%B8%99%E0%B8%B2%E0%B8%94-1.12-x-1.12-%E0%B8%99%E0%B8%B4%E0%B9%89%E0%B8%A7-%E0%B8%A2%E0%B8%B2%E0%B8%A7-3-%E0%B9%80%E0%B8%A1%E0%B8%95%E0%B8%A3-%E0%B8%AA%E0%B8%B5%E0%B8%82%E0%B8%B2%E0%B8%A7-i.3622007800031,60420129
เหล็กฉากเจาะรูหนา 2.0 มม. GIANT KINGKONG FWIRBK20 1.1/2x1.1/2x3 M. ดำ,188,https://www.thaiwatsadu.com/th/sku/60420130,195,https://globalhouse.co.th/product/%E0%B9%80%E0%B8%AB%E0%B8%A5%E0%B9%87%E0%B8%81%E0%B8%89%E0%B8%B2%E0%B8%81%E0%B9%80%E0%B8%88%E0%B8%B2%E0%B8%B0%E0%B8%A3%E0%B8%B9%E0%B8%AB%E0%B8%99%E0%B8%B2-2-%E0%B8%A1%E0%B8%A1.-%E0%B8%82%E0%B8%99%E0%B8%B2%E0%B8%94-1.12-x-1.12-%E0%B8%99%E0%B8%B4%E0%B9%89%E0%B8%A7-%E0%B8%A2%E0%B8%B2%E0%B8%A7-3-%E0%B9%80%E0%B8%A1%E0%B8%95%E0%B8%A3-%E0%B8%AA%E0%B8%B5%E0%B9%80%E0%B8%97%E0%B8%B2-i.8722006760031,60420130
เหล็กฉากเจาะรูหนา 2.0 มม. GIANT KINGKONG FWIRGY20 1.1/2x1.1/2x3 M. เทา,188,https://www.thaiwatsadu.com/th/sku/60420131,195,https://globalhouse.co.th/product/%E0%B9%80%E0%B8%AB%E0%B8%A5%E0%B9%87%E0%B8%81%E0%B8%89%E0%B8%B2%E0%B8%81%E0%B9%80%E0%B8%88%E0%B8%B2%E0%B8%B0%E0%B8%A3%E0%B8%B9%E0%B8%AB%E0%B8%99%E0%B8%B2-2-%E0%B8%A1%E0%B8%A1.-%E0%B8%82%E0%B8%99%E0%B8%B2%E0%B8%94-1.12-x-1.12-%E0%B8%99%E0%B8%B4%E0%B9%89%E0%B8%A7-%E0%B8%A2%E0%B8%B2%E0%B8%A7-3-%E0%B9%80%E0%B8%A1%E0%B8%95%E0%B8%A3-%E0%B8%AA%E0%B8%B5%E0%B9%80%E0%B8%97%E0%B8%B2-i.8722006760031,60420131
เตาแก๊สกระจกตั้งโต๊ะ 1 หัวแก๊ส ZAGIO 8002(เดี่ยว) 29.5 ซม. สีดำ,680,https://www.thaiwatsadu.com/th/sku/60422423,759,https://globalhouse.co.th/product/CLOSE-%E0%B9%80%E0%B8%95%E0%B8%B2%E0%B9%81%E0%B8%81%E0%B9%8A%E0%B8%AA%E0%B8%95%E0%B8%B1%E0%B9%89%E0%B8%87%E0%B9%82%E0%B8%95%E0%B9%8A%E0%B8%B0%E0%B8%AB%E0%B8%99%E0%B9%89%E0%B8%B2%E0%B8%81%E0%B8%A3%E0%B8%B0%E0%B8%88%E0%B8%81-1-%E0%B8%AB%E0%B8%B1%E0%B8%A7%E0%B9%80%E0%B8%95%E0%B8%B2%E0%B8%97%E0%B8%AD%E0%B8%87%E0%B9%80%E0%B8%AB%E0%B8%A5%E0%B8%B7%E0%B8%AD%E0%B8%87-ELIZA01-i.4622008180247,60422423
ที่นอนพ็อกเก็ตสปริงเสริมยางพาราอัด MURANO FUTURE 5 ฟุต หนา 10 นิ้ว,9880,https://www.thaiwatsadu.com/th/sku/60417831,9900,https://globalhouse.co.th/product/Truffle%E0%B8%97%E0%B8%B5%E0%B9%88%E0%B8%99%E0%B8%AD%E0%B8%99-Pocket-Spring-%E0%B9%80%E0%B8%AA%E0%B8%A3%E0%B8%B4%E0%B8%A1%E0%B8%A2%E0%B8%B2%E0%B8%87%E0%B8%9E%E0%B8%B2%E0%B8%A3%E0%B8%B2-%E0%B8%A3%E0%B8%B8%E0%B9%88%E0%B8%99Ratex-6%E0%B8%9F%E0%B8%B8%E0%B8%95-%E0%B8%AB%E0%B8%99%E0%B8%B210-%E0%B8%99%E0%B8%B4%E0%B9%89%E0%B8%A7-%E0%B8%A3%E0%B8%B1%E0%B8%9A%E0%B8%9B%E0%B8%A3%E0%B8%B0%E0%B8%81%E0%B8%B1%E0%B8%99-15%E0%B8%9B%E0%B8%B5-i.6422005140040,60417831
ที่นอนพ็อกเก็ตสปริงเสริมยางพาราอัด MURANO FUTURE 6 ฟุต หนา 10 นิ้ว,10880,https://www.thaiwatsadu.com/th/sku/60417832,9900,https://globalhouse.co.th/product/Truffle%E0%B8%97%E0%B8%B5%E0%B9%88%E0%B8%99%E0%B8%AD%E0%B8%99-Pocket-Spring-%E0%B9%80%E0%B8%AA%E0%B8%A3%E0%B8%B4%E0%B8%A1%E0%B8%A2%E0%B8%B2%E0%B8%87%E0%B8%9E%E0%B8%B2%E0%B8%A3%E0%B8%B2-%E0%B8%A3%E0%B8%B8%E0%B9%88%E0%B8%99Ratex-6%E0%B8%9F%E0%B8%B8%E0%B8%95-%E0%B8%AB%E0%B8%99%E0%B8%B210-%E0%B8%99%E0%B8%B4%E0%B9%89%E0%B8%A7-%E0%B8%A3%E0%B8%B1%E0%B8%9A%E0%B8%9B%E0%B8%A3%E0%B8%B0%E0%B8%81%E0%B8%B1%E0%B8%99-15%E0%B8%9B%E0%B8%B5-i.6422005140040,60417832
ผ้าขนหนูเช็ดตัว Marl KASSA HOME 27x54 นิ้ว เทา,298,https://www.thaiwatsadu.com/th/sku/60285680,8690,https://globalhouse.co.th/product/Truffle%E0%B8%97%E0%B8%B5%E0%B9%88%E0%B8%99%E0%B8%AD%E0%B8%99-Pocket-Spring-%E0%B9%80%E0%B8%AA%E0%B8%A3%E0%B8%B4%E0%B8%A1%E0%B8%A2%E0%B8%B2%E0%B8%87%E0%B8%9E%E0%B8%B2%E0%B8%A3%E0%B8%B2-%E0%B8%A3%E0%B8%B8%E0%B9%88%E0%B8%99Ratex-5%E0%B8%9F%E0%B8%B8%E0%B8%95-%E0%B8%AB%E0%B8%99%E0%B8%B210-%E0%B8%99%E0%B8%B4%E0%B9%89%E0%B8%A7-%E0%B8%A3%E0%B8%B1%E0%B8%9A%E0%B8%9B%E0%B8%A3%E0%B8%B0%E0%B8%81%E0%B8%B1%E0%B8%99-15%E0%B8%9B%E0%B8%B5-i.6422005140033,60285680
ม่านม้วนสลับทึบโปร่ง Zebra KASSA HOME SV-DN-NR-13-6008-701 70x160 ซม. เขียว,498,https://www.thaiwatsadu.com/th/sku/60282620,490,https://globalhouse.co.th/product/DAVINCI-%E0%B8%A1%E0%B9%88%E0%B8%B2%E0%B8%99%E0%B8%A1%E0%B9%89%E0%B8%A7%E0%B8%99%E0%B8%9B%E0%B8%A3%E0%B8%B1%E0%B8%9A%E0%B9%81%E0%B8%AA%E0%B8%87-BC003LB16470WBB-%E0%B8%82%E0%B8%99%E0%B8%B2%E0%B8%94-70x160%E0%B8%8B%E0%B8%A1.%E0%B8%AA%E0%B8%B5%E0%B8%82%E0%B8%B2%E0%B8%A7%E0%B9%80%E0%B8%9A%E0%B8%88%E0%B8%99%E0%B9%89%E0%B8%B3%E0%B8%95%E0%B8%B2%E0%B8%A5-i.5922005540204,60282620
ม่านม้วนสลับทึบโปร่ง Zebra KASSA HOME SV-DN-NR-17-1319-701 70x160 ซม. น้ำตาล,498,https://www.thaiwatsadu.com/th/sku/60282613,490,https://globalhouse.co.th/product/DAVINCI-%E0%B8%A1%E0%B9%88%E0%B8%B2%E0%B8%99%E0%B8%A1%E0%B9%89%E0%B8%A7%E0%B8%99%E0%B8%9B%E0%B8%A3%E0%B8%B1%E0%B8%9A%E0%B9%81%E0%B8%AA%E0%B8%87-BC003LB16470WBB-%E0%B8%82%E0%B8%99%E0%B8%B2%E0%B8%94-70x160%E0%B8%8B%E0%B8%A1.%E0%B8%AA%E0%B8%B5%E0%B8%82%E0%B8%B2%E0%B8%A7%E0%B9%80%E0%B8%9A%E0%B8%88%E0%B8%99%E0%B9%89%E0%B8%B3%E0%B8%95%E0%B8%B2%E0%B8%A5-i.5922005540204,60282613