status,homepro_name,homepro_brand,homepro_url,expected_twd_name,expected_twd_url,matched_twd_name,matched_twd_url,confidence
INCORRECT,น้ำมันสน TOA SHARKS 1 แกลลอน,TOA,https://www.homepro.co.th/p/15075,น้ำมันสน SHARK รุ่นกระป๋อง ขนาด 2.3 กก. สีใส (#0TUR),https://www.thaiwatsadu.com/th/sku/60001739,TOA สีน้ำมันเคลือบเงา รุ่น GLIPTON ขนาด 1 แกลลอน #G800,https://www.thaiwatsadu.com/th/sku/60270241,90
INCORRECT,ประตูห้องน้ำ UPVC ECO-DOOR PD1 70X200 ซม. สีครีมเทา ทูโทน เจาะลูกบิด,ECO-DOOR,https://www.homepro.co.th/p/1242188?lang=th&gad_source=1&gclid=CjwKCAjwufq2BhAmEiwAnZqw8qiMNsXUEi3t54lgsN0ywRScX_MvmA052OgR1t9f6P7kNuQMy4et5RoCtzAQAvD_BwE,ประตูภายใน UPVC ECO DOOR รุ่น PB1 ขนาด 70 x 200 ซม. สีเทาอ่อนทูโทนเทาเข้ม (เจาะลูกบิด),https://www.thaiwatsadu.com/th/sku/60412569,ประตูภายใน UPVC ECO DOOR รุ่น PD1 ขนาด 70 x 200 ซม. สีครีมทูโทนเทา (เจาะลูกบิด),https://www.thaiwatsadu.com/th/sku/60416137,100
INCORRECT,ประตูบานเลื่อน UPVC S-S มุ้ง WINDOW ASIA 200X205 ซม. สีขาว,WINDOW ASIA,https://www.homepro.co.th/p/1165985,ประตูบานเลื่อน 2 บาน UPVC พร้อมมุ้งลวด WINSTAR ขนาด 200 x 205 ซม. สีขาว,https://www.thaiwatsadu.com/th/sku/60334809,ประตูบานเลื่อน UPVC 2 บานพร้อมมุ้ง FRAMEX ขนาด 200 x 205 ซม. สีขาว,https://www.thaiwatsadu.com/th/sku/60365148,95
INCORRECT,ประตูภายนอก UPVC MODERNWOOD REVO MWR002 90X200 ซม. สีขาว เจาะลูกบิด,MODERNWOOD,https://www.homepro.co.th/p/1194270,ประตูภายนอก UPVC MASTERWOOD รุ่น MN002 ขนาด 80 x 200 ซม. สีขาว (เจาะลูกบิด),https://www.thaiwatsadu.com/th/sku/60084152,ประตูภายนอก UPVC MASTERWOOD รุ่น MN003 ขนาด 90 x 200 ซม. สีขาว (เจาะลูกบิด),https://www.thaiwatsadu.com/th/sku/60084161,95
INCORRECT,ประตูภายนอก UPVC AZLE MD-5 80X200 ซม. สีขาว เจาะลูกบิด,AZLE,https://www.homepro.co.th/p/1094173,ประตูภายนอก UPVC MASTERWOOD รุ่น MNM01 ขนาด 80 x 200 ซม. สีขาว (เจาะลูกบิด),https://www.thaiwatsadu.com/th/sku/60311945,ประตูภายนอก UPVC ECO DOOR รุ่น TLW ขนาด 80 x 200 ซม. สีขาว (เจาะลูกบิด),https://www.thaiwatsadu.com/th/sku/60387911,95
INCORRECT,ประตูภายในเมลามีน AZLE VALENTINO 80X200 ซม. สีน้ำตาล ไม่เจาะลูกบิด,AZLE,https://www.homepro.co.th/p/1229258,ประตูภายใน HDF ปิดผิวเมลามีน เซาะร่องแนวตั้ง 1 เส้น วนชัย ขนาด 80 x 200 ซม. สีเทา (ไม่เจาะลูกบิด),https://www.thaiwatsadu.com/th/sku/60369729,ประตูภายใน HDF ปิดผิวเมลามีน วนชัย รุ่น MAG1 ขนาด 80 x 200 ซม. สีเทา (ไม่เจาะลูกบิด),https://www.thaiwatsadu.com/th/sku/60369728,90
INCORRECT,ประตูภายนอก UPVC PARAZZO MN002 80X200 ซม. สีขาว เจาะลูกบิด,PARAZZO,https://www.homepro.co.th/p/217077,ประตูภายใน UPVC Revo 2 ลูกฟัก MASTERWOOD รุ่น MI02 ขนาด 80 x 200 ซม. สีขาว (เจาะลูกบิด),https://www.thaiwatsadu.com/th/sku/60301473,ประตูภายนอก UPVC MASTERWOOD รุ่น MN002 ขนาด 80 x 200 ซม. สีขาว (เจาะลูกบิด),https://www.thaiwatsadu.com/th/sku/60084152,95
INCORRECT,ประตูห้องน้ำ UPVC PARAZZO ML003 70X200 ซม. สีขาว เจาะลูกบิด,PARAZZO,https://www.homepro.co.th/p/237127,ประตูภายใน UPVC Revo MASTERWOOD รุ่น MPSW008-I ขนาด 70 x 200 ซม. สีขาว (เจาะลูกบิด),https://www.thaiwatsadu.com/th/sku/60322004,ประตูภายนอก UPVC ECO DOOR รุ่น W2 ขนาด 70x200 ซม. สีขาว (เจาะลูกบิด),https://www.thaiwatsadu.com/th/sku/60416405,90
INCORRECT,ประตูห้องน้ำ UPVC AZLE TROPICAL 70X200 ซม. สีขาว พร้อมวงกบ ไม่เจาะลูกบิด,AZLE,https://www.homepro.co.th/p/1247999,ประตูภายใน UPVC กระจกลายดอกไม้ พร้อมวงกบ HI DOOR รุ่น A-023/SU-19 ขนาด 70 x 200 ซม. (ไม่เจาะลูกบิด),https://www.thaiwatsadu.com/th/sku/60249118,วงกบประตู UPVC MASTERWOOD ขนาด 70 x 200 ซม. สีขาว,https://www.thaiwatsadu.com/th/sku/60084287,95
INCORRECT,ประตู UPVC ASARA G925 ดอกซากุระ 70x200 ซม. สีขาว พร้อมวงกบ ไม่เจาะลูกบิด,ASARA,https://www.homepro.co.th/p/1157824,ประตูภายใน UPVC กระจกลายดอกไม้ พร้อมวงกบ HI DOOR รุ่น A-023/SU-20 ขนาด 70 x 200 ซม. (ไม่เจาะลูกบิด),https://www.thaiwatsadu.com/th/sku/60249119,ประตูภายนอก UPVC ECO DOOR รุ่น W2 ขนาด 70x200 ซม. สีขาว (เจาะลูกบิด),https://www.thaiwatsadu.com/th/sku/60416405,85
INCORRECT,ประตูภายใน UPVC PARAZZO PUN06 80X200 ซม. สี TEXES OAK เจาะลูกบิด,PARAZZO,https://www.homepro.co.th/p/1110132,ประตูภายใน UPVC เซาะร่อง CONNEX รุ่น CH11 ขนาด 90 x 200 ซม. สีช็อกโกแลต (เจาะลูกบิด),https://www.thaiwatsadu.com/th/sku/60308770,ประตูภายใน UPVC เซาะร่อง CONNEX รุ่น LT13 ขนาด 80 x 200 ซม. สีลัตเต (เจาะลูกบิด),https://www.thaiwatsadu.com/th/sku/60308766,85
INCORRECT,สีรองพื้นปูนใหม่ CAPTAIN WELLTECHPLUS ด้าน 5 แกลลอน,CAPTAIN,https://www.homepro.co.th/p/82603,รองพื้นปูนใหม่ WELLTECH รุ่น 1000 BW1601 ขนาด 5 แกลอน สีขาว,https://www.thaiwatsadu.com/th/sku/60109195,รองพื้นปูนใหม่ Parashield Coolmax CAPTAIN รุ่น C9900 ขนาด 5 แกลอน สีขาว,https://www.thaiwatsadu.com/th/sku/60239880,95
INCORRECT,วงกบประตู PVC AZLE 80X200 ซม. สีครีม,AZLE,https://www.homepro.co.th/p/196193,วงกบประตู PVC POLYWOOD ขนาด 70 x 200 ซม. สีขาว,https://www.thaiwatsadu.com/th/sku/60255379,วงกบประตู UPVC มีบัวในตัว CONNEX ขนาด 80 x 200 ซม. สีขาว,https://www.thaiwatsadu.com/th/sku/60318711,85
INCORRECT,วงกบประตูสังเคราะห์ พร้อมซับ XL KING 70X200 ซม. สีขาว,XL KING,https://www.homepro.co.th/p/1189425,วงกบประตู UPVC MASTERWOOD ขนาด 70 x 200 ซม. สีขาว,https://www.thaiwatsadu.com/th/sku/60084287,วงกบประตู PVC POLYWOOD ขนาด 70 x 200 ซม. สีขาว,https://www.thaiwatsadu.com/th/sku/60255379,95
INCORRECT,วงกบประตูไม้สังเคราะห์ WPC ECO-DOOR 80x200 ซม. สีขาว,ECO-DOOR,https://www.homepro.co.th/p/1110609,วงกบประตู WPC ECO DOOR รุ่น WVSM-100 ขนาด 80 x 200 ซม. สีขาว,https://www.thaiwatsadu.com/th/sku/60262061,วงกบประตู WPC ECO DOOR รุ่น WR-100 ขนาด 80 x 200 ซม. สีขาว,https://www.thaiwatsadu.com/th/sku/60345723,100
INCORRECT,วงกบประตูไม้แคมปัส AZLE 80X200 ซม. สีธรรมชาติ,AZLE,https://www.homepro.co.th/p/1159356,วงกบประตูไม้แคมปัส AB KP รุ่น SL0924 ขนาด 80 x 200 ซม. อบพ่นสีแดง,https://www.thaiwatsadu.com/th/sku/60208465,วงกบประตูไม้แคมปัส AA KP รุ่น SL1024 ขนาด 80 x 200 ซม. สีธรรมชาติ,https://www.thaiwatsadu.com/th/sku/60208466,95
INCORRECT,วงกบประตูไม้เต็งแดง MODERN DOORS COM1 80X200 ซม. สีธรรมชาติ,MODERN DOORS,https://www.homepro.co.th/p/238882,วงกบประตูไม้เต็งแดงจ๊อยท์ WINDOORS รุ่น Com1 ขนาด 80 x 200 ซม. สีธรรมชาติ,https://www.thaiwatsadu.com/th/sku/60345579,วงกบประตูไม้เต็งแดงจ๊อยท์ WINDOORS รุ่น Com1 ขนาด 80 x 200 ซม. สีธรรมชาติ,https://www.thaiwatsadu.com/th/sku/60388501,100
INCORRECT,สีน้ำทาภายนอก NIPPON PAINT SUPER SERVE BASE A กึ่งเงา 2.5 แกลลอน,NIPPON PAINT,https://www.homepro.co.th/p/1236126,สีน้ำกึ่งเงา ภายนอก NIPPON รุ่น ซุปเปอร์เซิฟ ขนาด 2.5 แกลลอน สีเบส A,https://www.thaiwatsadu.com/th/sku/60381992,สีน้ำด้าน ภายนอก NIPPON รุ่น ซุปเปอร์เซิฟ ขนาด 2.5 แกลลอน สีเบส A,https://www.thaiwatsadu.com/sku/60382000,90
INCORRECT,สีน้ำทาภายนอก TOA SUPERSHIELD ADVANCE BASE A เนียน 1 แกลลอน,TOA,https://www.homepro.co.th/p/149818?srsltid=AfmBOoqOYBSGiu5ykF-cYxLkZA36oA38KaZiltYGo_82b6Rth8G6zpCM,สีน้ำกึ่งเงา ภายนอก TOA รุ่น Supershield Advance ขนาด 1 แกลลอน สีเบส A,https://www.thaiwatsadu.com/th/sku/60000803,สีน้ำเนียน ภายนอก TOA รุ่น Supershield Advance ขนาด 1 แกลลอน สีเบส A,https://www.thaiwatsadu.com/th/sku/60004713,100
INCORRECT,สีน้ำทาภายนอก ชนิดกึ่งเงา TOA SUPERMATEX BASE A 9 ลิตร,TOA,https://www.homepro.co.th/p/1112136,สีน้ำกึ่งเงาภายนอก ซุปเปอร์เมเทค รุ่น แอดวานซ์ ขนาด 9 ลิตร สีเบส A,https://www.thaiwatsadu.com/th/sku/60315086,TOA สีน้ำกึ่งเงา ภายนอก รุ่น Supershield Advance ขนาด 9 ลิตร สีเบส A,https://www.thaiwatsadu.com/th/sku/60000860,90
INCORRECT,สีน้ำทาภายนอก NIPPON PAINT WEATHERBONDSHEEN BASE A 9L,NIPPON PAINT,https://www.homepro.co.th/p/1170148,สีน้ำภายนอก NIPPON รุ่น เวเธอร์บอนด์ เนียน ขนาด 9 ลิตร เบส A,https://www.thaiwatsadu.com/th/sku/60336105,สีน้ำภายนอก NIPPON รุ่น เวเธอร์บอนด์ กึ่งเงา ขนาด 9 ลิตร เบส A,https://www.thaiwatsadu.com/th/sku/60336113,95
INCORRECT,สีน้ำทาภายนอก ชนิดกึ่งเงา NIPPON PAINT HYBRIDSHIELD BASE A สีขาว 2.5 แกลลอน,NIPPON PAINT,https://www.homepro.co.th/p/1142432?lang=th&gad_source=1&gclid=CjwKCAjwufq2BhAmEiwAnZqw8j8y2_cfaqArMvd-tWqZlhyrogbiYQtJ-Rw3ZCjwPQhMtD1fIyGDtRoCugYQAvD_BwE,สีน้ำภายนอก ชนิดด้าน NIPPON PAINT รุ่น HYBRIDSHIELD ขนาด 2.5 แกลลอน สีเบส A,https://www.thaiwatsadu.com/th/sku/60403810,สีภายนอกไฮบริดชิลด์กึ่งเงา NIPPON รุ่น HYBRIDSHIELD SG ขนาด 2.5 แกลลอน สีเบส A,https://www.thaiwatsadu.com/th/sku/60316887,95
INCORRECT,สีน้ำทาภายนอก JBP SMART SHIELD-X ALL SURFACE BASE A ซาติน 2.5 แกลลอน,JBP,https://www.homepro.co.th/p/1265100,สีน้ำภายนอก ชนิดเนียน JBP รุ่น SMART SHIELD-X COSMIC ALL SURFACE ขนาด 2.5 แกลลอน สีเบส A,https://www.thaiwatsadu.com/th/sku/60412276,สีน้ำภายนอก กึ่งเงา JBP รุ่น Smart Shield-X ขนาด 2.5 แกลลอน สีเบส A,https://www.thaiwatsadu.com/th/sku/60403996,95
INCORRECT,สีน้ำทาภายนอก ชนิดกึ่งเงา JOTUN TOUGH SHIELD BASE B สีขาว 9 ลิตร,JOTUN,https://www.homepro.co.th/p/1195080,สีน้ำภายนอกกึ่งเงา JOTUN รุ่น TOUGH SHIELD ขนาด 2.5 แกลลอน สีเบส B,https://www.thaiwatsadu.com/th/sku/60364355,สีน้ำภายนอกกึ่งเงา JOTUN รุ่น JOTASHIELD AF ขนาด 9 ลิตร สีเบส B,https://www.thaiwatsadu.com/th/sku/60222800,95
INCORRECT,สีน้ำทาภายนอก ชนิดกึ่งเงา JOTUN TOUGH SHIELD BASE A สีขาว 9 ลิตร,JOTUN,https://www.homepro.co.th/p/1195079,สีน้ำภายนอกกึ่งเงา JOTUN รุ่น TOUGH SHIELD ขนาด 2.5 แกลลอน สีเบส A,https://www.thaiwatsadu.com/th/sku/60364353,สีน้ำภายนอก ชนิดกึ่งเงา JOTUN รุ่น JOTASHIELD INFINITY ขนาด 9 ลิตร สีเบส A,https://www.thaiwatsadu.com/th/sku/60410712,100
INCORRECT,สีน้ำทาภายนอก ชนิดด้าน JOTUN TOUGH SHIELD BASE A สีขาว 9 ลิตร,JOTUN,https://www.homepro.co.th/p/1195114,สีน้ำภายนอกด้าน JOTUN รุ่น TOUGH SHIELD ขนาด 2.5 แกลลอน สีเบส A,https://www.thaiwatsadu.com/th/sku/60364361,สีน้ำภายนอกด้าน JOTUN รุ่น TOUGH SHIELD MAX ขนาด 2.5 แกลลอน สีเบส A,https://www.thaiwatsadu.com/th/sku/60364254,80
INCORRECT,สีน้ำทาภายนอก ชนิดกึ่งเงา JOTUN TOUGH SHIELD MAX BASE A สีขาว 9 ลิตร,JOTUN,https://www.homepro.co.th/p/1195103?srsltid=AfmBOookph5UcGuE6KQjC2Zes6uyEun6arnGNPF-lxsTzH7YP9m0nQfR,สีน้ำภายนอกด้าน JOTUN รุ่น TOUGH SHIELD MAX ขนาด 2.5 แกลลอน สีเบส A,https://www.thaiwatsadu.com/th/sku/60364254,สีน้ำภายนอกกึ่งเงา JOTUN รุ่น TOUGH SHIELD MAX ขนาด 2.5 แกลลอน สีเบส A,https://www.thaiwatsadu.com/th/sku/60364246,95
INCORRECT,สีน้ำทาภายใน ชนิดเนียน TOA ORGANIC CARE BASE A 9 ลิตร,TOA,https://www.homepro.co.th/p/1185210,สีน้ำภายใน ชนิดกึ่งเงา TOA รุ่น Organic Care ขนาด 9 ลิตร สีเบส A,https://www.thaiwatsadu.com/th/sku/60385628,TOA สีน้ำภายใน เนียน ORGANIC CARE ขนาด 9 ลิตร สีเบส A (#000A),https://www.thaiwatsadu.com/th/sku/60353651,100
INCORRECT,สีน้ำทาภายนอก BEGERCOOL DIAMONDSHIELD 15 #GW-8800 สี SUPER WHITE กึ่งเงา 2.5 แกลลอน,Beger,https://www.homepro.co.th/p/1220582,สีน้ำกึ่งเงา ภายนอก 9 ลิตร BEGER รุ่น COOL DIAMONDSHIELD เกรด 15 ปี GW8800 สีซูเปอร์ไวท์,https://www.thaiwatsadu.com/th/sku/60373366,สีน้ำกึ่งเงา เนียน ภายนอก 9 ลิตร BEGER รุ่น COOL DIAMONDSHIELD เกรด 15 ปี SW8800 สีซูเปอร์ไวท์,https://www.thaiwatsadu.com/th/product/60373368,95
INCORRECT,สีน้ำทาภายนอก ชนิดด้าน BEGER COOL DIAMONDSHIELD 15 BASE A 2.5 แกลลอน,BEGER,https://www.homepro.co.th/p/1050231,สีน้ำเนียน ภายนอก 9 ลิตร BEGER รุ่น COOL DIAMONDSHIELD เกรด 15 ปี สีเบส A,https://www.thaiwatsadu.com/th/sku/60262257,สีน้ำกึ่งเงา ภายนอก 9 ลิตร BEGER รุ่น COOL DIAMONDSHIELD เกรด 15 ปี สีเบส A,https://www.thaiwatsadu.com/th/sku/60262249,95
INCORRECT,สีน้ำทาภายนอก TOA SUPERSHIELD สีขาว #100 กึ่งเงา 5 แกลลอน,TOA,https://www.homepro.co.th/p/91884,สีน้ำเนียน ภายนอก TOA รุ่น Supershield ขนาด 5 แกลลอน สี S100 ขาว,https://www.thaiwatsadu.com/th/sku/60000896,สีน้ำกึ่งเงา ภายนอก TOA รุ่น Supershield ขนาด 5 แกลลอน สี G100 ขาว,https://www.thaiwatsadu.com/th/sku/60000822,100
INCORRECT,สีน้ำทาภายนอก ชนิดกึ่งเงา NIPPON PAINT HYBRIDSHIELD BASE D สีขาว 2.5 แกลลอน,NIPPON PAINT,https://www.homepro.co.th/p/1142412?srsltid=AfmBOoqcscfaKL0chJcoM_lbXuwdr6mZi-tPzm1gG1oGAsvjWgyN4g4O,สีภายนอกไฮบริดชิลด์กึ่งเงา NIPPON รุ่น HYBRIDSHIELD SG ขนาด 2.5 แกลลอน สีเบส C,https://www.thaiwatsadu.com/th/sku/60316890,สีน้ำภายนอก ชนิดด้าน NIPPON PAINT รุ่น HYBRIDSHIELD ขนาด 2.5 แกลลอน สีเบส A,https://www.thaiwatsadu.com/th/sku/60403810,95
INCORRECT,สีเคลือบกันสนิม TOA เป็ดหงส์ 2 IN 1 สีดำ M818 1 แกลลอน,TOA,https://www.homepro.co.th/p/1118476,สีเคลือบกันสนิม ชนิดด้าน MANDARIN รุ่น MD 2IN1 RUSTTECH ขนาด 1 แกลลอน สี Flat Black #M818,https://www.thaiwatsadu.com/th/sku/60302702,สีน้ำมันทับหน้าและรองพื้น ชนิดเงา TOA รุ่น Glipton 2in1 ขนาด 1 แกลลอน สีดำ #GG800,https://www.thaiwatsadu.com/th/sku/60381986,95
INCORRECT,หน้าต่างเลื่อน UPVC S-S มุ้ง WINDOW ASIA ECO 100X100 ซม. สีขาว,WINDOW ASIA,https://www.homepro.co.th/p/1165800,หน้าต่างอะลูมิเนียมบานเลื่อน 2 บาน พร้อมมุ้ง SS FRAMEX รุ่น ECO ขนาด 100 x 100 ซม. สีขาว,https://www.thaiwatsadu.com/th/sku/60400218,หน้าต่างบานเลื่อน UPVC ECO 60 FRAMEX รุ่น 2 บาน+มุ้ง SS ขนาด 100 x 100 ซม. สีขาว,https://www.thaiwatsadu.com/th/sku/60385549,95
INCORRECT,หน้าต่างบานเลื่อน UPVC S-S มุ้ง HOFFEN 120X110 ซม. สีขาว,HOFFEN,https://www.homepro.co.th/p/1172337,หน้าต่างอะลูมิเนียมบานเลื่อน NK รุ่น 2 บาน ขนาด 120 x 108.5 ซม. สีขาว,https://www.thaiwatsadu.com/th/sku/60317986,หน้าต่าง UPVC 2 บาน พร้อมมุ้ง FRAMEX ขนาด 120 x 110 ซม. สีขาว,https://www.thaiwatsadu.com/th/sku/60365140,85
INCORRECT,หน้าต่างบานเลื่อน อะลูมิเนียม S-S มุ้ง AZLE 120X110 ซม. สีชา,AZLE,https://www.homepro.co.th/p/1182995,หน้าต่างอะลูมิเนียมบานเลื่อน NK รุ่น 2 บาน พร้อมมุ้ง กระจกชา ขนาด 120 x 108.5 ซม. สีชา,https://www.thaiwatsadu.com/th/sku/60157191,หน้าต่างอะลูมิเนียมบานเลื่อน FRAMEX รุ่น 2 บาน+มุ้ง SS ขนาด 120 x 110 ซม. สีน้ำตาล,https://www.thaiwatsadu.com/th/sku/60385491,95
INCORRECT,หน้าต่างบานเลื่อน อะลูมิเนียม S-S มุ้ง AZLE 120x110 ซม. สีขาว,AZLE,https://www.homepro.co.th/p/1182932,หน้าต่างอะลูมิเนียมบานเลื่อน NK รุ่น 2 บาน พร้อมมุ้ง ขนาด 120 x 108.5 ซม. สีขาว,https://www.thaiwatsadu.com/th/sku/60263784,หน้าต่างอะลูมิเนียมบานเลื่อน FRAMEX รุ่น 2 บาน+มุ้ง SS ขนาด 120 x 110 ซม. สีขาว,https://www.thaiwatsadu.com/th/sku/60277548,95
INCORRECT,หน้าต่างบานเลื่อน อะลูมิเนียม S-S AZLE 100x100 ซม. สีชา,AZLE,https://www.homepro.co.th/p/1182992,หน้าต่างอะลูมิเนียมบานเลื่อน NK รุ่น 2 บานไม่มีมุ้งลวด ขนาด 100 x 99 ซม. สีชา,https://www.thaiwatsadu.com/th/sku/60270821,หน้าต่างบานเลื่อน UPVC ECO 60 FRAMEX รุ่น 2 บาน+มุ้ง SS ขนาด 100 x 100 ซม. สีขาว,https://www.thaiwatsadu.com/th/sku/60385549,90
INCORRECT,หน้าต่างบานเลื่อน อะลูมิเนียม S-S AZLE 100x100 ซม. สีขาว,AZLE,https://www.homepro.co.th/p/1182994,หน้าต่างอะลูมิเนียมบานเลื่อน NK รุ่น 2 บานไม่มีมุ้งลวด ขนาด 100 x 99 ซม. สีขาว,https://www.thaiwatsadu.com/th/sku/60270820,หน้าต่างบานเลื่อน UPVC ECO 60 FRAMEX รุ่น 2 บาน+มุ้ง SS ขนาด 100 x 100 ซม. สีขาว,https://www.thaiwatsadu.com/th/sku/60385549,85
INCORRECT,ไม้พื้น THAISUN 13.5X240X2.5 ซม. สีน้ำตาลแดง,THAISUN,https://www.homepro.co.th/p/1016940,ไม้พื้น ลายร่อง-ลายไม้ WPC THAISUN ขนาด 13.5 x 240 x 2.5 ซม.. สีโอ๊ก,https://www.thaiwatsadu.com/th/sku/60415936,ไม้พื้น WPC THAISUN รุ่น ลายร่อง-ลายไม้ ขนาด 13.5 x 240 x 2.5 ซม. สีน้ำตาลแดง,https://www.thaiwatsadu.com/th/sku/60375384,100
INCORRECT,กลอนห้องน้ำ STATUS SOLEX OC6N 6 นิ้ว สีสเตนเลส,SOLEX,https://www.homepro.co.th/p/1169915,กลอนห้องน้ำมีสัญลักษณ์สเตนเลส 304 SOLEX รุ่น OC6N ขนาด 54 มม. สีสเตนเลส,https://www.thaiwatsadu.com/th/sku/60324926,กลอนห้องน้ำสเตนเลส 304 มีสัญลักษณ์ SOLEX รุ่น OC7N จาน 64 มม. สีสเตนเลส,https://www.thaiwatsadu.com/th/sku/60287112,95
INCORRECT,กาวพลังตะปูสูตรน้ำมัน PATTEX PL60 400 ก. สีน้ำตาล,PATTEX,https://www.homepro.co.th/p/228953,กาวตะปูสูตรน้ำมัน PATTEX รุ่น PL60 1922470 ขนาด 300 มล. สีครีม,https://www.thaiwatsadu.com/th/sku/60133205,กาวตะปู สูตรน้ำ PL50 PATTEX รุ่น 2408140 ขนาด 400 กรัม สีขาว,https://www.thaiwatsadu.com/th/sku/60009348,90
INCORRECT,กาวยางติดลามิเนต DUNLOP 3 กก.,DUNLOP,https://www.homepro.co.th/p/20340,กาวยาง DUNLOP ขนาด 3 กก. สีแดง,https://www.thaiwatsadu.com/th/sku/60009207,กาวยาง DUNLOP ขนาด 3 กก. สีเขียว,https://www.thaiwatsadu.com/th/sku/60292162,100
INCORRECT,กุญแจลูกปืน ISON 877-CP40L 40 มม. สีสเตนเลส,ISON,https://www.homepro.co.th/p/150802,กุญแจลูกปืนคล้องคอยาวเหล็ก ISON รุ่น 877- 40L ขนาด 40L มม.,https://www.thaiwatsadu.com/th/sku/60083666,กุญแจลูกปืนคล้องคอสั้นเหล็ก (1แถม1) ISON รุ่น 877 CP 40MM BUY1GET1 ขนาด 40 มม.,https://www.thaiwatsadu.com/sku/60250394,95
INCORRECT,เหล็กรัดท่อ FITT HC-003 3/4 นิ้ว,FITT,https://www.homepro.co.th/p/203877,คลิปรัดท่อชุบรุ้งทอง ORBIT รุ่น 1X ขนาด 28 - 41 มม. สีซิงค์รุ้ง,https://www.thaiwatsadu.com/th/sku/60260253,ข้อต่อตรงหนา SCG ขนาด 3/4 นิ้ว สีฟ้า,https://www.thaiwatsadu.com/th/sku/60378328,75
INCORRECT,ชุดตัดแก๊ส KOVET ALIBABA LPG 62-3F กล่องพลาสติก,KOVET,https://www.homepro.co.th/p/1233085,ชุดตัด ARCTECH 60185057,https://www.thaiwatsadu.com/th/sku/60185057,ชุดตัด SUMO รุ่น 62-3F ขนาด 50 x 8 x 23 ซม. สีทอง,https://www.thaiwatsadu.com/th/sku/60296303,90
INCORRECT,ไขควงSTANLEY 5 ชิ้น/ชุด,STANLEY,https://www.homepro.co.th/p/1105849,ชุดไขควง STANLEY รุ่น STMT66671 (แพ็ก 4 ชิ้น) สีดำ - เหลือง,https://www.thaiwatsadu.com/th/sku/60290783,ชุดไขควง STANLEY รุ่น STMT66672 (แพ็ก 6 ชิ้น) สีดำ - เหลือง,https://www.thaiwatsadu.com/th/sku/60013387,85
INCORRECT,ซิลิโคนมีกรด NEOBOND 300 มล. สีใส,NEOBOND,https://www.homepro.co.th/p/1009828,ซิลิโคนยาแนว แห้งเร็ว NEOBOND รุ่น GN0002AF01F ขนาด 300 มล. สีใส,https://www.thaiwatsadu.com/th/sku/60221853,ซิลิโคนยาแนว 100% NEOBOND รุ่น GN0008AF01F ขนาด 300 มล. สีใส,https://www.thaiwatsadu.com/th/sku/60135422,95
INCORRECT,ซีเมนต์กันซึม BESBOND SUPERFLEX 2K PART A+B 25 กก. สีเทา,BESBOND,https://www.homepro.co.th/p/1057984,ซีเมนต์ทากันรั่วซึมยืดหยุ่นผสมสองส่วนพร้อมน้ำยา 5 กก. BESBOND รุ่น GBS003AM00U ขนาด 20 กก. สีเทา,https://www.thaiwatsadu.com/th/sku/60259819,ซีเมนต์ทากันรั่วซึมยืดหยุ่นผสมสองส่วน BESBOND รุ่น GBS001AM00O ขนาด 4.5 กก. สีเทา,https://www.thaiwatsadu.com/th/sku/60221851,90
INCORRECT,ตลับเมตรหุ้มยาง พร้อมตัวล็อก STANLEY 5 ม.,STANLEY,https://www.homepro.co.th/p/1223938,ตลับเมตร STANLEY รุ่น Control Lock STHT37217-30 ขนาด 5 เมตร x 25 มม.,https://www.thaiwatsadu.com/th/sku/60377726,ตลับเมตร STANLEY รุ่น GLOBALTAPE 30 - 496N ขนาด 5 เมตร x 19 มม. สีเหลือง,https://www.thaiwatsadu.com/th/sku/60269292,65
INCORRECT,ถังปูนพลาสติก W.PLASTIC สีดำ,W.PLASTIC,https://www.homepro.co.th/p/1120214,ถังปูนไนล่อนเกรดเอ ช่างมือโปร บุ้งกี๋/ถังปูน/อ่างผสมปูน ขนาด 7 ลิตร สีดำ,https://www.thaiwatsadu.com/th/sku/60193914,ถังปูน MARTON ขนาด 7 ลิตร สีแดง,https://www.thaiwatsadu.com/th/sku/60306607,70
INCORRECT,ถุงมือทอ PARAGON เบอร์7 1 โหล,PARAGON,https://www.homepro.co.th/p/42928,ถุงมือผ้าคอตตอน PARAGON รุ่น 75-646428 ขนาด 400 กรัม (แพ็ค 12 คู่) สีขาวขอบน้ำตาล,https://www.thaiwatsadu.com/th/sku/60252537,ถุงมือถักคอตตอน PARAGON รุ่น 75-656428 ขนาด 500 กรัม (แพ็ค 12 คู่) สีขาวขอบเขียว,https://www.thaiwatsadu.com/th/sku/60252538,90
INCORRECT,ถุงมือยางอุตสาหกรรม STRONGMAN 16 นิ้ว L สีส้ม,STRONGMAN,https://www.homepro.co.th/p/1090977,ถุงมือยาง ลาเท็กซ์ ทำความสะอาด PARAGON รุ่น 75-117328 14 มม. x 12 นิ้ว ขนาด L สีส้ม,https://www.thaiwatsadu.com/th/sku/60203292,ถุงมือยางอเนกประสงค์ RHINO (By Poly Brite) รุ่น 938-M1D Basic ไซซ์ L สีส้ม,https://www.thaiwatsadu.com/th/sku/60354370,95
INCORRECT,"น้ำยาขจัดคราบน้ำปูนพื้นผิวทั่วไป SPACLEAN 1,000ml",SPACLEAN,https://www.homepro.co.th/p/291056,น้ำยาขจัดคราบปูนสูตรเข้มข้น SPACLEAN รุ่น X-II ขนาด 1 ลิตร สีใส,https://www.thaiwatsadu.com/th/sku/60212254,น้ำยาขจัดคราบปูนใส SPACLEAN รุ่น X-L ขนาด 1 ลิตร สีใส,https://www.thaiwatsadu.com/th/sku/60328373,95
INCORRECT,"น้ำยาขจัดคราบหินปูน SPACLEAN 3,800ml",SPACLEAN,https://www.homepro.co.th/p/1079192,น้ำยาขจัดคราบปูนสูตรเข้มข้น SPACLEAN รุ่น X-II ขนาด 3.8 ลิตร สีใส,https://www.thaiwatsadu.com/th/sku/60212255,น้ำยาล้างห้องน้ำ - ขจัดคราบสนิม แกลลอน SPACLEAN ขนาด 3800 มล. สีม่วง,https://www.thaiwatsadu.com/th/sku/60263765,95
INCORRECT,น้ำยาล้างคราบปูนเข้มข้น SPACLEAN 1ลิตร,SPACLEAN,https://www.homepro.co.th/p/1113164,น้ำยาขจัดคราบปูนใส SPACLEAN รุ่น X-L ขนาด 1 ลิตร สีใส,https://www.thaiwatsadu.com/th/sku/60328373,น้ำยาขจัดคราบปูนสูตรเข้มข้น SPACLEAN รุ่น X-II ขนาด 1 ลิตร สีใส,https://www.thaiwatsadu.com/th/sku/60212254,100
INCORRECT,น้ำยาเคลือบเงาใสกันซึม (สูตรน้ำ) BESBOND A-200 5 ลิตร,BESBOND,https://www.homepro.co.th/p/1213799,น้ำยาเคลือบเงากันซึม (สูตรน้ำ) 5 ลิตร BESBOND รุ่น GBS00EAM00I สีใส,https://www.thaiwatsadu.com/th/sku/60363963,น้ำยาเคลือบเงาใสกันซึม (สูตรน้ำ) TOA รุ่น A-200 ขนาด 5 ลิตร สีใส,https://www.thaiwatsadu.com/th/sku/60278323,95
INCORRECT,บานพับ 4x3 นิ้ว x 1.8 มม. ISON J211413 สีสเตนเลส (แพ็ก 3 ชิ้น),ISON,https://www.homepro.co.th/p/1266754,บานพับประตูสเตนเลส (1 แถม 1) ISON รุ่น JUNIOR J211413 SS (แพ็ก 3 ชิ้น),https://www.thaiwatsadu.com/th/sku/60406983,บานพับประตูสเตนเลส ISON รุ่น JUNIOR J211413 SS (แพ็ก 3 ชิ้น),https://www.thaiwatsadu.com/th/sku/60413985,95
INCORRECT,บานพับ 4X3 นิ้ว X 2 มม. COLT LITE 69 สีสเตนเลส (แพ็ก 3 ชิ้น) 1 แถม 1,COLT LITE,https://www.homepro.co.th/p/1212670,บานพับประตูเหล็ก 4 แหวนหัวตัด (ซื้อ 1 แถม 1) COLT LITE รุ่น 69 ขนาด 3 x 4 นิ้ว (แพ็ก 3 ชิ้น),https://www.thaiwatsadu.com/th/sku/60375560,บานพับปีกผีเสื้อสเตนเลส 2 แหวนหัวตัด COLT LITE รุ่น 745 ขนาด 4 x 3นิ้ว x 2 มม. (แพ็ก3ชิ้น) สีสเตนเลส,https://www.thaiwatsadu.com/th/sku/60298267,95
INCORRECT,ประแจแหวนข้างปากตาย STANLEY 12 มม.,STANLEY,https://www.homepro.co.th/p/1101725,ประแจแหวนข้างปากตาย STANLEY รุ่น STMT80222-8 ขนาด 12 มม. สีเงิน,https://www.thaiwatsadu.com/th/sku/60289152,ประแจแหวนข้างปากตาย STANLEY รุ่น STMT80220-8 ขนาด 11 มม. สีเงิน,https://www.thaiwatsadu.com/th/sku/60289151,95
INCORRECT,ประแจแหวนข้างปากตาย STANLEY 13 มม.,STANLEY,https://www.homepro.co.th/p/1101668,ประแจแหวนข้างปากตาย STANLEY รุ่น STMT80223-8 ขนาด 13 มม. สีเงิน,https://www.thaiwatsadu.com/th/sku/60289153,ประแจแหวนข้างปากตาย STANLEY รุ่น STMT80225-8 ขนาด 15 มม. สีเงิน,https://www.thaiwatsadu.com/th/sku/60289155,60
INCORRECT,ประแจแหวนข้างปากตาย STANLEY 14 มม.,STANLEY,https://www.homepro.co.th/p/1101669,ประแจแหวนข้างปากตาย STANLEY รุ่น STMT80224-8 ขนาด 14 มม. สีเงิน,https://www.thaiwatsadu.com/th/sku/60289154,ประแจแหวนข้างปากตาย STANLEY รุ่น STMT80225-8 ขนาด 15 มม. สีเงิน,https://www.thaiwatsadu.com/th/sku/60289155,90
INCORRECT,ประแจแหวนข้างปากตาย STANLEY 21 มม.,STANLEY,https://www.homepro.co.th/p/1101680,ประแจแหวนข้างปากตาย STANLEY รุ่น STMT80235-8 ขนาด 21 มม. สีเงิน,https://www.thaiwatsadu.com/th/sku/60289163,ประแจแหวนข้างปากตาย STANLEY รุ่น STMT80236-8 ขนาด 22 มม. สีเงิน,https://www.thaiwatsadu.com/th/sku/60289164,90
INCORRECT,ประแจแหวนข้างปากตาย STANLEY 27 มม.,STANLEY,https://www.homepro.co.th/p/1101814,ประแจแหวนข้างปากตาย STANLEY รุ่น STMT80242-8 ขนาด 27 มม. สีเงิน,https://www.thaiwatsadu.com/th/sku/60289205,ประแจแหวนข้างปากตาย STANLEY รุ่น STMT80241-8 ขนาด 26 มม. สีเงิน,https://www.thaiwatsadu.com/th/sku/60289204,80
INCORRECT,ซีเมนต์ฉาบ LANKO 110 20 กก. สีเทา,LANKO,https://www.homepro.co.th/p/234548,ปูนฉาบบาง 0.5-2 มม. LANKO รุ่น 110 Lankoskm ขนาด 20 กก.,https://www.thaiwatsadu.com/th/sku/60126055,ปูนฉาบแต่งผิวบาง LANKO รุ่น 110 ไวท์ เอ็กซ์ตร้า ขนาด 20 กก. สีขาว,https://www.thaiwatsadu.com/sku/60388761,95
INCORRECT,ซีเมนต์ฉาบ BESBOND SUPER SKIM 20 กิโลกรัม เทา,BESBOND,https://www.homepro.co.th/p/1073549,ปูนฉาบแต่งผิว BESBOND รุ่น GBS005AM00A ขนาด 20 กก. สีเทา,https://www.thaiwatsadu.com/th/sku/60259824,ปูนชนิดไม่หดตัว ซ่อมงานทั่วไป 20 กก. BESBOND รุ่น GBS008AM00A สีเทา,https://www.thaiwatsadu.com/th/sku/60340322,90
INCORRECT,พาเลทพลาสติก MATALL LPN-120 สีดำ,MATALL,https://www.homepro.co.th/p/1198577,พาเลทพลาสติก SP รุ่น SP8M ขนาด 100 x 120 x 15 ซม. สีดำ,https://www.thaiwatsadu.com/th/sku/60275830,พาเลทพลาสติก SP รุ่น SP1L ขนาด 120 x 100 x 13.3 ซม. สีดำ,https://www.thaiwatsadu.com/th/sku/60194098,95
INCORRECT,พุกพลาสติก DEXZON UP-07 เบอร์ 7 (250 ตัว),DEXZON,https://www.homepro.co.th/p/1174615,พุ๊กพลาสติก เบอร์ 7 MR METAL รุ่น 7 * 0.25 kgs (แพ็ค 0.25 กก.) สีขาว,https://www.thaiwatsadu.com/th/sku/60244772,พุ๊กพลาสติก PAN SIAM เบอร์ 7 รุ่น P-7 (แพ็ก 100 ตัว) สีขาว,https://www.thaiwatsadu.com/th/sku/60358626,95
INCORRECT,พุกเคมีแบบตอก DEXZON M12 1/2 นิ้ว,DEXZON,https://www.homepro.co.th/p/1254555,พุ๊กเคมีแบบตอก MR METAL รุ่น SHP-VE 12 ขนาด M12 (แพ็ค 2 ชิ้น),https://www.thaiwatsadu.com/th/sku/60284266,สตัดพุ๊กเคมี MR METAL ขนาด M12 x 160 MM. (แพ็ค 2 ชิ้น) สีซิงค์ขาว,https://www.thaiwatsadu.com/th/sku/60284273,90
INCORRECT,พุกเหล็ก DEXZON 1/4 นิ้ว 10 ชิ้น,DEXZON,https://www.homepro.co.th/p/1187408,พุ๊กเหล็ก MR METAL ขนาด 1/4 นิ้ว (แพ็ก 50 ตัว) สีซิงค์รุ้ง,https://www.thaiwatsadu.com/th/sku/60244782,พุ๊กเหล็ก MR METAL ขนาด 1/4 นิ้ว (แพ็ก 10 ตัว) สีซิงค์รุ้ง,https://www.thaiwatsadu.com/th/sku/60244781,95
INCORRECT,พุกเหล็ก DEXZON 3/8 นิ้ว,DEXZON,https://www.homepro.co.th/p/1174238,พุ๊กเหล็ก MR METAL ขนาด 3/8 นิ้ว (แพ็ก 75 ตัว) สีซิงค์รุ้ง,https://www.thaiwatsadu.com/th/sku/60244790,พุ๊กเหล็ก MR METAL ขนาด 3/8 นิ้ว (แพ็ก 10 ตัว) สีซิงค์รุ้ง,https://www.thaiwatsadu.com/th/sku/60244789,95
INCORRECT,พุกเหล็ก DEXZON 5/16 นิ้ว 5 ชิ้น,DEXZON,https://www.homepro.co.th/p/1184711,พุ๊กเหล็ก MR METAL ขนาด 5/16 นิ้ว (แพ็ก 20 ตัว) สีซิงค์รุ้ง,https://www.thaiwatsadu.com/th/sku/60244786,พุ๊กเหล็ก MR METAL ขนาด 5/16 นิ้ว (แพ็ก 5 ตัว) สีซิงค์รุ้ง,https://www.thaiwatsadu.com/th/sku/60244785,95
INCORRECT,พุกเหล็ก DEXZON 1/2 นิ้ว,DEXZON,https://www.homepro.co.th/p/1174272,พุ๊กเหล็ก MR METAL ขนาด 1/2 นิ้ว สีซิงค์รุ้ง,https://www.thaiwatsadu.com/th/sku/60244791,พุกเหล็ก PAN SIAM รุ่น P-16012 ขนาด1/2 นิ้ว (แพ็ค 2 ตัว) สีซิงค์รุ้ง,https://www.thaiwatsadu.com/th/sku/60299707,100
INCORRECT,พุกเหล็ก DEXZON 1/4 นิ้ว 10 ตัว,DEXZON,https://www.homepro.co.th/p/1174304,พุ๊กเหล็ก MR METAL ขนาด 1/4 นิ้ว (แพ็ก 100 ตัว) สีซิงค์รุ้ง,https://www.thaiwatsadu.com/th/sku/60244783,พุ๊กเหล็ก MR METAL ขนาด 1/4 นิ้ว (แพ็ก 10 ตัว) สีซิงค์รุ้ง,https://www.thaiwatsadu.com/th/sku/60244781,95
INCORRECT,เขาควายทั่วไป SOLEX 1704 SN สีสเตนเลส,SOLEX,https://www.homepro.co.th/p/1035756,มือจับก้านโยกห้องทั่วไปซิงค์พรีเมียมจานสี่เหลี่ยม SOLEX รุ่น 1704 SN สีสเตนเลสด้าน,https://www.thaiwatsadu.com/th/sku/60306162,ลูกบิดห้องทั่วไปหัวจันจานใหญ่หนาสเตนเลส SOLEX รุ่น 9210 SS สีสเตนเลส,https://www.thaiwatsadu.com/th/sku/60007620,75
INCORRECT,เขาควายทั่วไป SOLO 9481A-SN SS สีสเตนเลส,SOLO,https://www.homepro.co.th/p/1149020,มือจับก้านโยกห้องน้ำสเตนเลส SOLO รุ่น 9481(A)BK-SN สีสเตนเลส,https://www.thaiwatsadu.com/th/sku/60199934,มือจับก้านโยกห้องทั่วไปสเตนเลส SOLO รุ่น 9481(A)SN สีสเตนเลส,https://www.thaiwatsadu.com/th/sku/60199932,100
INCORRECT,เขาควายทั่วไป COLT LITE 812 SN สีซาติน,COLT LITE,https://www.homepro.co.th/p/1093140,มือจับก้านโยกห้องน้ำสเตนเลส 304 COLT รุ่น 812 SN สีสเตนเลสเงา,https://www.thaiwatsadu.com/th/sku/60286638,มือจับก้านโยกห้องทั่วไปสเตนเลส 304 COLT รุ่น 812 SN สีสเตนเลสเงา,https://www.thaiwatsadu.com/th/sku/60286641,95
INCORRECT,เขาควายห้องน้ำ COLT LITE 1815BT-SN สีซาติน,COLT LITE,https://www.homepro.co.th/p/1201878,มือจับก้านโยกห้องน้ำพรีเมียมจานกลมสเตนเลส 304 COLT รุ่น 1815 สีซาตินนิกเกิล,https://www.thaiwatsadu.com/th/sku/60322031,กลอนห้องน้ำสเตนเลส COLT LITE รุ่น 008 ขนาด 4 นิ้ว สีสเตนเลส,https://www.thaiwatsadu.com/th/sku/60293380,75
INCORRECT,กุญแจบานเลื่อน SOLEX 2KLL สีขาว,SOLEX,https://www.homepro.co.th/p/1062857,มือจับบานเลื่อนล็อกอะลูมิเนียม พร้อมกุญแจ SOLEX รุ่น 2 KLL ขนาด 2.7 x 18.6 x 3 ซม. (ชุด 2 ชิ้น),https://www.thaiwatsadu.com/th/sku/60267811,มือจับบานเลื่อนล็อกอะลูมิเนียม พร้อมกุญแจ SOLEX รุ่น 2 KLL ขนาด 2.7 x 18.6 x 3 ซม. (ชุด 2 ชิ้น) สีดำ,https://www.thaiwatsadu.com/th/sku/60267812,90
INCORRECT,รองเท้าบูท โบว์ลิ่ง สูง 11 นิ้ว เบอร์ 10.5 สีดำ,โบว์ลิ่ง,https://www.homepro.co.th/p/1136175,รองเท้าบู๊ต 11 นิ้ว โบว์ลิ่ง รุ่น 2800 เบอร์ 10 สีดำ,https://www.thaiwatsadu.com/th/sku/60185480,รองเท้าบู๊ต 11 นิ้ว โบว์ลิ่ง รุ่น 2800 เบอร์ 10.5 สีดำ,https://www.thaiwatsadu.com/th/sku/60185481,100
INCORRECT,รองเท้าบูท โบว์ลิ่ง สูง 11 นิ้ว เบอร์ 9.5 สีดำ,โบว์ลิ่ง,https://www.homepro.co.th/p/1136129,รองเท้าบู๊ต 11 นิ้ว โบว์ลิ่ง รุ่น 2800 เบอร์ 11 สีดำ,https://www.thaiwatsadu.com/th/sku/60185482,รองเท้าบู๊ต 11 นิ้ว โบว์ลิ่ง รุ่น 2800 เบอร์ 9.5 สีดำ,https://www.thaiwatsadu.com/th/sku/60185479,100
INCORRECT,รองเท้าบูท โบว์ลิ่ง สูง 11 นิ้ว เบอร์ 12 สีดำ,โบว์ลิ่ง,https://www.homepro.co.th/p/1135988,รองเท้าบู๊ต 11 นิ้ว โบว์ลิ่ง รุ่น 2800 เบอร์ 9.5 สีดำ,https://www.thaiwatsadu.com/th/sku/60185479,รองเท้าบู๊ต 11 นิ้ว โบว์ลิ่ง รุ่น 2800 เบอร์ 12 สีดำ,https://www.thaiwatsadu.com/th/sku/60185484,100
INCORRECT,รองเท้าบูท โบว์ลิ่ง สูง 14 นิ้ว เบอร์ 10 สีดำ,โบว์ลิ่ง,https://www.homepro.co.th/p/1136191,รองเท้าบู๊ต 14 นิ้ว โบว์ลิ่ง รุ่น 2700 เบอร์ 10.5 สีดำ,https://www.thaiwatsadu.com/th/sku/60185489,รองเท้าบู๊ต 14 นิ้ว โบว์ลิ่ง รุ่น 2700 เบอร์ 10 สีดำ,https://www.thaiwatsadu.com/th/sku/60185487,100
INCORRECT,ลูกบิดทั่วไป ISON ISON NO. 8014 SS หัวกลม สีสเตนเลส,ISON,https://www.homepro.co.th/p/1005744,ลูกบิดห้องน้ำหัวกลมสเตนเลส ISON รุ่น NO.8014 BK SS,https://www.thaiwatsadu.com/th/sku/60369113,ลูกบิดห้องทั่วไปหัวกลมสเตนเลส 304 ISON รุ่น NO.8014,https://www.thaiwatsadu.com/th/sku/60293737,95
INCORRECT,ลูกบิดทั่วไป SOLO 94D-222SS หัวจัน สีสเตนเลส,SOLO,https://www.homepro.co.th/p/282231?lang=th&gad_source=1&gclid=CjwKCAiA8Lu9BhA8EiwAag16b7ZknTTLPAbl-y3exDZznIX4Zq-G3gYBGICaH5oKMT7wJiaidAYZlBoC4lwQAvD_BwE,ลูกบิดห้องทั่วไปหัวจันจานใหญ่สเตนเลส SOLO รุ่น 94D 222 SS ขนาด 75 มม. สีสเตนเลสด้าน,https://www.thaiwatsadu.com/th/sku/60007600,ลูกบิดห้องน้ำหัวจันจานใหญ่สเตนเลส SOLO รุ่น 94 D 222 BK SS สีสเตนเลส,https://www.thaiwatsadu.com/th/sku/60007540,95
INCORRECT,ลูกบิดทั่วไป SOLEX 9210 SS หัวจัน สีสเตนเลส,SOLEX,https://www.homepro.co.th/p/90350,ลูกบิดห้องน้ำหัวจันจานใหญ่หนาสเตนเลส 304 SOLEX รุ่น 9210 SS BK สีสเตนเลสด้าน,https://www.thaiwatsadu.com/th/sku/60007547,ลูกบิดห้องทั่วไปหัวจันจานใหญ่หนาสเตนเลส SOLEX รุ่น 9210 SS สีสเตนเลส,https://www.thaiwatsadu.com/th/sku/60007620,100
INCORRECT,ลูกบิดห้องน้ำ หัวกลม ISON 8711 สีสเตนเลส,ISON,https://www.homepro.co.th/p/1267661?srsltid=AfmBOor8RWYAaMg9LnGnRdENrNZN6j7LaF8IE8m0awYjy8z0MxI8zv29,ลูกบิดห้องน้ำหัวกลมจานใหญ่ 75 มม. สเตนเลส 201 ISON รุ่น NO.8711 SS-BK สีสเตนเลส,https://www.thaiwatsadu.com/sku/60416020,ลูกบิดห้องน้ำหัวกลมจานใหญ่ 75 มม. สเตนเลส 201 ISON รุ่น NO.8711 SS-BK สีสเตนเลส,https://www.thaiwatsadu.com/th/sku/60416020,95
INCORRECT,อะคริลิกอุดโป๊ว BOSNY 0.5 กก. สีวอลนัท,BOSNY,https://www.homepro.co.th/p/1103388,วู้ดฟิลเลอร์ BOSNY รุ่น B218 ขนาด 0.5 กก. สีสัก,https://www.thaiwatsadu.com/th/sku/60274888,วู้ดฟิลเลอร์ BOSNY รุ่น B218 ขนาด 0.5 กก. สีวอลนัท,https://www.thaiwatsadu.com/th/sku/60274903,95
INCORRECT,"สกรูไดร์วอลล์ BY TORA 6X1"" 100 ชิ้น",BY TORA,https://www.homepro.co.th/p/1082328,สกรูไดร์วอลล์หัวเรียบ (เกลียวหุน) 6 x 1 นิ้ว MR METAL (กล่อง 0.5 กก.) สีดำ,https://www.thaiwatsadu.com/th/sku/60254258,สกรูไดร์วอลล์หัวเรียบ (เกลียวหุน) 6 x 1 นิ้ว TSS/GIANT KINGKONG รุ่น DW61-100 (แพ็ก 100 ตัว),https://www.thaiwatsadu.com/th/sku/60274454,95
INCORRECT,อะคริลิกซีลแลนท์ BESBOND HIGH ELAST 300 มล. สีขาว,BESBOND,https://www.homepro.co.th/p/265160,อะคริลิกยาแนว BESBOND รุ่น GBA001AM00F พลัส ขนาด 300 มล. สีขาว,https://www.thaiwatsadu.com/th/sku/60161013,อะคริลิกยาแนว BESBOND รุ่น GBA001AM01F ขนาด 300 มล. สีขาว,https://www.thaiwatsadu.com/th/sku/60161012,100
INCORRECT,อะคริลิกกันซึม จระเข้ 20 กก. สีเทา,จระเข้,https://www.homepro.co.th/p/271163,อะคริลิคกันรั่วซึมสะท้อนความร้อน จระเข้ รุ่น C04077706 ขนาด 20 กก. สีเทาเข้ม,https://www.thaiwatsadu.com/th/sku/60371009,อะคริลิคกันรั่วซึมสะท้อนความร้อน จระเข้ รุ่น 2122G ขนาด 20 กก. สีเทา,https://www.thaiwatsadu.com/th/sku/60188865,100
INCORRECT,อะคริลิกกันซึม TOA 201 ROOFSEAL PU HYBRID 4 กก. สีขาว,TOA,https://www.homepro.co.th/p/150695,อะคริลิคกันรั่วซึมหลังคา TOA รุ่น Roofsea ขนาด 4 กก.สีขาว,https://www.thaiwatsadu.com/th/sku/60009262,อะคริลิคกันรั่วซึมหลังคา TOA รุ่น Roofseal ขนาด 4 กก. สีเทา,https://www.thaiwatsadu.com/th/sku/60009270,95
INCORRECT,อะไหล่ลูกกลิ้งอะครีลิค MATALL 4 นิ้ว,MATALL,https://www.homepro.co.th/p/1181384,อะไหล่ลูกกลิ้งทาสี AT INDY รุ่น C30104-10 ขนาด 4 นิ้ว,https://www.thaiwatsadu.com/th/sku/60164369,อะไหล่ลูกกลิ้งทาสี HACHI ขนาด 4 นิ้ว สีดำ - ส้ม,https://www.thaiwatsadu.com/th/sku/60270102,90
INCORRECT,อะไหล่ลูกกลิ้งทาสี HACHI 4 นิ้ว,HACHI,https://www.homepro.co.th/p/1161266,อะไหล่ลูกกลิ้งเคมีขนแกะ HACHI ขนาด 4 นิ้ว (แพ็ก 10 ชิ้น),https://www.thaiwatsadu.com/th/sku/60336036,อะไหล่ลูกกลิ้งทาสี HACHI ขนาด 4 นิ้ว สีดำ - ส้ม,https://www.thaiwatsadu.com/th/sku/60270102,100
INCORRECT,เครื่องกำเนิดไฟฟ้าเบนซิน ROWEL RW6500E 5.5 กิโลวัตต์,ROWEL,https://www.homepro.co.th/p/1054023,เครื่องกำเนิดไฟฟ้า ใช้น้ำมันเบนซิน ROWEL รุ่น RW6500EA กำลัง 5.0 กิโลวัตต์ สีส้ม,https://www.thaiwatsadu.com/th/sku/60257761,เครื่องกำเนิดไฟฟ้า เครื่องยนต์เบนซิน HYUNDAI รุ่น HD-GE-6800E กำลัง 5.5 กิโลวัตต์ สีน้ำเงิน,https://www.thaiwatsadu.com/th/sku/60318356,95
INCORRECT,เครื่องฉีดน้ำแรงดันสูง PUMPKIN MALDIVES 100 บาร์ 1200 วัตต์,PUMPKIN,https://www.homepro.co.th/p/1185629?srsltid=AfmBOoon7trVAcltIEn_igMWJK9DJnBvxIsZm1zyJF0rBQFI--n3gf6D,"เครื่องฉีดน้ำแรงดันสูง 100 บาร์ 1,200 วัตต์ PUMPKIN รุ่น MALDIVES (50303)",https://www.thaiwatsadu.com/th/sku/60422961,"เครื่องฉีดน้ำแรงดันสูง 100 บาร์ 1,200 วัตต์ PUMPKIN รุ่น MALDIVES (50303)",https://www.thaiwatsadu.com/sku/60422961,100
INCORRECT,ถังดับเพลิงผงเคมีแห้ง BYTORA 4A5B 15 ปอนด์,BY TORA,https://www.homepro.co.th/p/1076795,เครื่องดับเพลิงชนิดผงเคมีแห้ง MAHAJAK รุ่น 4A5B ขนาด 10 ปอนด์ สีแดง,https://www.thaiwatsadu.com/th/sku/60110843,เครื่องดับเพลิงชนิดผงเคมีแห้ง FIREMAN PRO รุ่น 4A5B ขนาด 15 ปอนด์ สีแดง,https://www.thaiwatsadu.com/th/sku/60292156,100
INCORRECT,"ค.สกัด HYUNDAI HD915 45L 1,100 วัตต์",HYUNDAI,https://www.homepro.co.th/p/1054816,เครื่องสกัดไฟฟ้า HYUNDAI รุ่น HD-PT-915-45L ขนาด 17 มม.,https://www.thaiwatsadu.com/th/sku/60263850,เครื่องสกัดไฟฟ้า HYUNDAI รุ่น HD-PT-915-90L กำลัง 1700 วัตต์ ขนาด 30 มม.,https://www.thaiwatsadu.com/th/sku/60263828,90
INCORRECT,เครื่องเชื่อม INVERTER พร้อมหน้ากาก JASIC ARC200D 200 แอมป์,JASIC,https://www.homepro.co.th/p/1145642,เครื่องเชื่อม JASIC รุ่น KT-J019-ARC200D+ กำลัง 220 โวลต์ สีส้ม,https://www.thaiwatsadu.com/th/sku/60320107,เครื่องเชื่อม ระบบ MMA / Lift TIG 20-200 แอมป์ JASIC รุ่น ARC210D,https://www.thaiwatsadu.com/th/sku/60405296,95
INCORRECT,เลเซอร์ เครื่องวัดระดับเลเซอร์ PUMPKIN 10M อุปรกรณ์เสริมครบชุด,PUMPKIN,https://www.homepro.co.th/p/1104883,เลเซอร์วัดระดับแสงสีเขียว 5 เส้นพร้อมขาตั้งและอุปกรณ์ครบชุด PUMPKIN รุ่น Osram PTT-LSG5TL (28270),https://www.thaiwatsadu.com/th/sku/60331376,เลเซอร์วัดระดับแสงเขียว 3D 12 เส้น พร้อมขาตั้งและอุปกรณ์ครบชุด PUMPKIN รุ่น PTT-3D12LSG #28368,https://www.thaiwatsadu.com/th/sku/60377732,90
INCORRECT,เศษผ้าเย็บวน PACK IN 1 กก. หลากสี,PACK IN,https://www.homepro.co.th/p/1108555,เศษผ้าวน ขนาด 10 x 10 นิ้ว x 1 กก. หลายสี,https://www.thaiwatsadu.com/th/sku/60184164,เศษผ้าเช็ดทำความสะอาด SUN ขนาด A4 x 1 กก. หลากสี,https://www.thaiwatsadu.com/th/sku/60291628,90
INCORRECT,แปรงทาวานิช MATALL 2 นิ้ว,MATALL,https://www.homepro.co.th/p/1185567,แปรงทาวานิช FONKEY ขนาด 2 นิ้ว (6 ซม.),https://www.thaiwatsadu.com/th/sku/60344004,แปรงทาสีน้ำมันขนสัตว์ด้ามไม้ FONKEY ขนาด 2 นิ้ว สีขาว,https://www.thaiwatsadu.com/th/sku/60270070,95
INCORRECT,นอตกิโล ครบชุด DEXZON 3/8X1-1/2 นิ้ว 0.5 กก.,DEXZON,https://www.homepro.co.th/p/1185215,โบลท์หัวหกเหลี่ยม (เกลียวหุน) 3/8 x 1 1/2 นิ้ว U HENG (แพ็ก 1 กก.),https://www.thaiwatsadu.com/th/sku/60267334,แหวนอีแปะเกลียวหุน 3/8 นิ้ว PAN SIAM รุ่น WS+38 (แพ็ก 0.5 กก.) สีซิงค์ขาว,https://www.thaiwatsadu.com/th/sku/60153089,85
INCORRECT,แผ่นหอมปรับอากาศ DAILY FRESH NEKO 0.21g FRESH NEKO,DAILY FRESH,https://www.homepro.co.th/p/225652,กระดาษหอม ลัคกี้ เนโกะ DAILY FRESH รุ่น ฟอร์เฮ็ลธ์ ขนาด 4.3 กรัม สีฟ้า,https://www.thaiwatsadu.com/th/sku/60210360,กระดาษหอม ลัคกี้ เนโกะ DAILY FRESH รุ่น ฟอร์เลิฟ ขนาด 4.3 กรัม สีชมพู,https://www.thaiwatsadu.com/th/sku/60210357,95
INCORRECT,กระติกน้ำแข็ง SPRING 20 ลิตร สีเทา/น้ำเงิน,SPRING,https://www.homepro.co.th/p/1156425,กระติกน้ำแข็งทรงเหลี่ยม 20 ลิตร Denki SN รุ่น 798 ขนาด 45 x 27 x 32 ซม. สีน้ำเงิน,https://www.thaiwatsadu.com/th/sku/60262909,แกลลอนน้ำทรงเหลี่ยม PAN UNION ขนาด 20 ลิตร,https://www.thaiwatsadu.com/th/sku/60209803,75
INCORRECT,ถังแช่ล้อลาก SPRING DAY 45 ลิตร สีฟ้า,SPRING,https://www.homepro.co.th/p/1170206,กระติกน้ำแข็งทรงเหลี่ยมมีล้อ 40 ลิตร STANDARD รุ่น RW-0340 ขนาด 64 x 34 x 38.5 ซม. สีน้ำเงิน,https://www.thaiwatsadu.com/th/sku/60246813,ถังปูน MARTON ขนาด 7 ลิตร สีแดง,https://www.thaiwatsadu.com/th/sku/60306607,70
INCORRECT,กระทะตื้น TEFAL SO CHEF 28 ซม.,TEFAL,https://www.homepro.co.th/p/1135135,กระทะด้ามนอนสติ๊กทรงตื้น So Chef TEFAL รุ่น G1350696 ขนาด 28 ซม. สีแดง,https://www.thaiwatsadu.com/th/sku/60314033,กระทะด้ามนอนสติ๊กทรงลึก So Chef TEFAL รุ่น G1358696 ขนาด 28 ซม. สีแดง,https://www.thaiwatsadu.com/th/sku/60314035,95
INCORRECT,กระทะลึก ด้าม ROCKET 32 ซม.,ROCKET,https://www.homepro.co.th/p/1114731,กระทะด้ามสเตนเลสทรงลึก 32 ซม. ROCKET รุ่น เวนิส สีเงิน,https://www.thaiwatsadu.com/th/sku/60140955,กระทะเหล็กด้ามไม้ทรงลึก ROCKET รุ่น NON STICK 13 ขนาด 32 ซม. สีเงิน,https://www.thaiwatsadu.com/th/sku/60140960,95
INCORRECT,กล่องเก็บของ ฝาล็อค API 2007 100 ลิตร สีขาว,API,https://www.homepro.co.th/p/245771,กล่องอเนกประสงค์พร้อมล้อและฝาล็อก 100 ลิตร MICRON WARE รุ่น JCP-6645 ขนาด 73 x 49 x 43 ซม.,https://www.thaiwatsadu.com/th/sku/60343585,ถังน้ำพลาสติกพร้อมฝาล็อก API รุ่น 999 ความจุ 118 ลิตร สีขาว,https://www.thaiwatsadu.com/th/sku/60363958,90
INCORRECT,สเปรย์กำจัดยุง SHIELDTOX NATURGARD2 600 มล. ตะไคร้หอม,SHIELDTOX,https://www.homepro.co.th/p/1196437,สเปรย์กำจัดแมลงสาบ ชิลด์ท้อกซ์ แนทเชอรการ์ด 1 รุ่น กำจัดแมลงสาบ ขนาด 600 มล. กลิ่นตะไคร้หอม,https://www.thaiwatsadu.com/th/sku/60210534,SHIELDTOX สเปรย์กำจัดยุง ชิลด์ท้อคซ์ รุ่น แนทเชอร์การ์ด 2 ขนาด 600 มล. กลิ่นตะไคร้หอม,https://www.thaiwatsadu.com/th/sku/60210535,100
INCORRECT,ตะหลิวมีร่องไนล่อน SEAGULL NEW ENJOY,SEAGULL,https://www.homepro.co.th/p/1114766,ตะหลิวกรองไนล่อนนิวเอนจอย SEAGULL รุ่น 150000709 สีดำ,https://www.thaiwatsadu.com/th/sku/60292029,ตะหลิวไนล่อนนิวเอนจอย SEAGULL รุ่น 150000708 สีดำ,https://www.thaiwatsadu.com/th/sku/60292028,100
INCORRECT,ถังน้ำดื่มมีก๊อก ME LIVING JAR สีฟ้า 25 ลิตร,ME LIVING,https://www.homepro.co.th/p/1171134,ถังน้ำดื่มทรงกลมแบบมีก๊อก PET YL รุ่น ถังไวน์ ขนาด 20 ลิตร สีใส,https://www.thaiwatsadu.com/th/sku/60271832,ถังน้ำพลาสติกทรงกลมพร้อมก๊อก QLINE รุ่น ST-935/2 ขนาด 20 ลิตร สีฟ้าใส,https://www.thaiwatsadu.com/th/sku/60217100,85
INCORRECT,ถังน้ำถังน้ำกลมพร้อมฝาล็อค PLIM 79L (20.8gl) สีขาว,PLIM,https://www.homepro.co.th/p/194782,ถังน้ำพร้อมฝาหูล๊อคเหล็ก DINO รุ่น BUC-R 22GL ขนาด 83 ลิตร สีดำ,https://www.thaiwatsadu.com/th/sku/60302908,ถังน้ำพลาสติกพร้อมฝาล็อก API รุ่น 999 ความจุ 118 ลิตร สีขาว,https://www.thaiwatsadu.com/th/sku/60363958,90
INCORRECT,น้ำหอมปรับอากาศ FARCENT 10g SEA SALT & WOOD SAGE,FARCENT,https://www.homepro.co.th/p/1105480,ถุงหอมแขวนในตู้เสื้อผ้า ฟาร์เซ็นท์ รุ่น AA-918-B (แพ็ค 3 ชิ้น) กลิ่นซิซอลท์ วู้ดเซจ,https://www.thaiwatsadu.com/th/sku/60308619,น้ำหอมปรับอากาศ ฟาร์เซ็นท์ รุ่น FF4751 B ขนาด 120 มล. สีฟ้า กลิ่นซิซอลท์ วู้ดเซจ,https://www.thaiwatsadu.com/th/sku/60304804,90
INCORRECT,น้ำหอมปรับอากาศ FARCENT 10g แพ็ค 3 FREESIA & ENGLISH PEAR,FARCENT,https://www.homepro.co.th/p/1105436,ถุงหอมแขวนในตู้เสื้อผ้า ฟาร์เซ็นท์ รุ่น AA-918-W (แพ็ค 3 ชิ้น) กลิ่นฟรีเซีย อิงลิชแพร์,https://www.thaiwatsadu.com/th/sku/60308616,น้ำหอมปรับอากาศ ฟาร์เซ็นท์ รุ่น FF4751 W ขนาด 120 มล. สีเหลือง กลิ่นฟรีเซีย อิงลิชแพร์,https://www.thaiwatsadu.com/th/sku/60304806,95
INCORRECT,ทัพพีพลาสติก MYPAN,MYPAN,https://www.homepro.co.th/p/1012317,ทัพพีพลาสติก 8.5 นิ้ว KING FISHER รุ่น SP-302 สีขาว,https://www.thaiwatsadu.com/th/sku/60127845,ทัพพีพลาสติก 8.5 นิ้ว KING FISHER รุ่น SP-302 สีฟ้า,https://www.thaiwatsadu.com/th/sku/60127846,90
INCORRECT,ทัพพีเมลามีน SUPERWARE POEM,SUPERWARE,https://www.homepro.co.th/p/1117130,ทัพพีพลาสติก 8.5 นิ้ว KING FISHER รุ่น SP-302 สีฟ้า,https://www.thaiwatsadu.com/th/sku/60127846,ทัพพี - ใหญ่ (ด้ามดำ) SEAGULL รุ่น ENJOY สีสเตนเลส,https://www.thaiwatsadu.com/th/sku/60141177,75
INCORRECT,กระดาษชำระ SCOTT EXTRA NATURAL CLEAN แพ็ค24,SCOTT EXTRA,https://www.homepro.co.th/p/1094447,ทิชชูม้วน สก๊อตต์ รุ่น เอ็กซ์ตร้า เนเชอรัลคลีน (แพ็ค 24 ม้วน) สีเขียว,https://www.thaiwatsadu.com/th/sku/60299993,กระดาษเช็ดหน้า เซฟ ซอฟท์บ็อกซ์ 160 แผ่น SCOTT (แพ็ก 4 ห่อ),https://www.thaiwatsadu.com/th/sku/60418751,95
INCORRECT,กระดาษชำระ SCOTT EXTRA SP JUMBO ROLL แพ็ค6,SCOTT,https://www.homepro.co.th/p/1098193,ทิชชูม้วน สก๊อตต์ รุ่น เอ็กซ์ตร้าความยาว 3 เท่า (แพ็ค 6 ม้วน) สีเขียว,https://www.thaiwatsadu.com/th/sku/60299994,ทิชชูม้วน สก๊อตต์ รุ่น ทาวเวล บิ๊กโรล (แพ็ค 6 ม้วน) สีแดง - เหลือง,https://www.thaiwatsadu.com/th/sku/60300483,85
INCORRECT,กระดาษอเนกประสงค์ MAXMO BIG ROLL แพ็ค6,MAXMO,https://www.homepro.co.th/p/1083077,ทิชชูอเนกประสงค์ MAXMO รุ่น MA42621 (แพ็ค 6 ม้วน),https://www.thaiwatsadu.com/th/sku/60256131,ทิชชูอเนกประสงค์ แม๊กซ์โม่ บิ๊กโรล รุ่น MA42678 (แพ็ค 6 ม้วน) สีส้ม,https://www.thaiwatsadu.com/th/sku/60312006,95
INCORRECT,กระดาษอเนกประสงค์ MAXMO PICK YOUR SIZE แพ็ค6,MAXMO,https://www.homepro.co.th/p/1033620,ทิชชูอเนกประสงค์ แม๊กซ์โม่ บิ๊กโรล รุ่น MA42678 (แพ็ค 6 ม้วน) สีส้ม,https://www.thaiwatsadu.com/th/sku/60312006,ทิชชูอเนกประสงค์ MAXMO รุ่น MA42621 (แพ็ค 6 ม้วน),https://www.thaiwatsadu.com/th/sku/60256131,95
INCORRECT,"น้ำยาขจัดคราบน้ำปูนหินธรรมชาติ HG 1,000ml",HG,https://www.homepro.co.th/p/171847,น้ำยาขจัดคราบน้ำบนปูนกระเบื้อง HG ไลแม้กซ์ รุ่น @060211104 ขนาด 1 ลิตร,https://www.thaiwatsadu.com/th/sku/60211104,น้ำยาขจัดคราบหินปูน สูตรเข้มข้น บลู HG รุ่น @060210227 ขนาด 1 ลิตร,https://www.thaiwatsadu.com/th/sku/60210227,85
INCORRECT,"น้ำยาขจัดคราบยาแนวพื้นกระเบื้อง HG 1,000 มล.",HG,https://www.homepro.co.th/p/171880,น้ำยาขจัดคราบปูนยาแนวคราบสนิม กระเบื้องเซรามิค เอ็กซ์ตร้า HG รุ่น BW1601 ขนาด 1 ลิตร,https://www.thaiwatsadu.com/th/sku/60210139,น้ำยาขจัดคราบซีเมนต์ คราบปูนยาแนว มาร์เบิล รีมูฟเวอร์ HG ขนาด 1000 มล. สีเทา,https://www.thaiwatsadu.com/th/sku/60315189,95
INCORRECT,น้ำยาทำความสะอาดสุขภัณฑ์ HG 500 มล.,HG,https://www.homepro.co.th/p/1022287,น้ำยาขจัดคราบสกปรกฝังแน่นในโถชักโครก ทอยเลต คลีนเนอร์ HG ขนาด 500 มล.,https://www.thaiwatsadu.com/th/sku/60244462,น้ำยาทำความสะอาดห้องน้ำ ชาวเวอร์ สเปรย์ HG ขนาด 500 มล.,https://www.thaiwatsadu.com/th/sku/60210209,90
INCORRECT,น้ำยาขจัดคราบไขมันพื้นผิวในครัว HG 500ml,HG,https://www.homepro.co.th/p/1048761,น้ำยาขจัดคราบไขมันที่ติดแผ่นกรองเครื่องดูดควัน ฮู้ดฟิลเตอร์ดีกรีซเซอร์ HG ขนาด 500 มล.,https://www.thaiwatsadu.com/th/sku/60263665,สเปรย์ขจัดคราบไขมันจากการทำอาหาร กรีซ อเวย์ HG รุ่น 500 ML. ขนาด 500 มล.,https://www.thaiwatsadu.com/th/sku/60211071,95
INCORRECT,"น้ำยาขจัดท่อตันท่อน้ำทิ้ง HG 1,000 มล.",HG,https://www.homepro.co.th/p/171863,น้ำยาขจัดท่อห้องน้ำอุดตัน ลิควิด เดรน อั๊นบล็อคเกอร์ HG รุ่น @060210276 ขนาด 1 ลิตร สีเหลือง,https://www.thaiwatsadu.com/th/sku/60210276,น้ำยาขจัดท่ออุดตัน 1000 มล. FARCENT รุ่น JS-5011,https://www.thaiwatsadu.com/th/sku/60211099,70
INCORRECT,น้ำยาทำความสะอาดหินอ่อน HG 500 มล.,HG,https://www.homepro.co.th/p/235068,น้ำยาขัดห้องน้ำหินอ่อน มาร์เบิล บาธรูม คลีนเนอร์ HG ขนาด 500 มล. สีเทา,https://www.thaiwatsadu.com/th/sku/60315160,"น้ำยาทำความสะอาดกระเบื้องและหินธรรมชาติทุกชนิด HG ขนาด 1,000 มล.",https://www.thaiwatsadu.com/th/sku/60315177,90
INCORRECT,"น้ำยาขจัดกลิ่นฆ่าเชื้อพื้นผิวทั่วไป SPACLEAN 1,000ml",SPACLEAN,https://www.homepro.co.th/p/1106592,น้ำยาฆ่าเชื้อแบคทีเรีย-ดับกลิ่น สปาคลีนHM ขนาด 1000 มล. สีเขียว กลิ่นไฮจีนิค ซอล์ฟ,https://www.thaiwatsadu.com/th/sku/60306977,น้ำยาฆ่าเชื้อแบคทีเรีย-ดับกลิ่น สปาคลีน HM ขนาด 1000 มล. สีชมพู กลิ่นบลอสซั่ม อะโรม่า,https://www.thaiwatsadu.com/th/sku/60306975,85
INCORRECT,น้ำยาซักผ้าขาว HAITER ชมพู 600ml,HAITER,https://www.homepro.co.th/p/1080115,น้ำยาซักผ้า ไฮเตอร์ รุ่น สูตรผสมน้ำหอม ขนาด 600 มล. สีชมพู,https://www.thaiwatsadu.com/th/sku/60215105,น้ำยาซักผ้า ไฮเตอร์ รุ่น สูตรมาตรฐาน ขนาด 600 มล.,https://www.thaiwatsadu.com/th/sku/60215104,95
INCORRECT,"น้ำยาทำความสะอาดพื้น MR.MUSCLE 2,000 มล. สวีทฟลอรัล",MR.MUSCLE,https://www.homepro.co.th/p/47979,"น้ำยาถูพื้น MR.MUSCLE กลิ่นฟลอรัล ขนาด 2,000 มล. สีชมพู",https://www.thaiwatsadu.com/th/sku/60210186,น้ำยาถูพื้น MR.MUSCLE กลิ่นสวีทฟลอรัล ขนาด 2000 มล. สีชมพู,https://www.thaiwatsadu.com/th/sku/60210607,100
INCORRECT,"น้ำยาทำความสะอาดพื้นผิวทั่วไป SPACLEAN 5,200ml ROMANTIC ROSE",SPACLEAN,https://www.homepro.co.th/p/1092828,น้ำยาถูพื้น กลิ่นโรแมนติกโรส SPACLEAN แกลลอน ขนาด 5.2 ลิตร สีชมพู,https://www.thaiwatsadu.com/th/sku/60289635,น้ำยาถูพื้น กลิ่นแวนด้าเฟรส SPACLEAN แกลลอน ขนาด 5.2 ลิตร สีม่วง,https://www.thaiwatsadu.com/th/sku/60289637,90
INCORRECT,น้ำยาทำความสะอาดพื้นผิวทั่วไป MAGICLEAN 750ml LILY BOUQUET,MAGICLEAN,https://www.homepro.co.th/p/1080055,น้ำยาถูพื้น ถุงเติม MAGIC CLEAN รุ่น กลิ่นลิลลี่บูเก้ ขนาด 750 มล. สีชมพู,https://www.thaiwatsadu.com/th/sku/60215089,น้ำยาทำความสะอาดโถสุขภัณฑ์ MAGIC CLEAN รุ่น กลิ่นฟอเรสท์เฟรช ขนาด 650 มล. สีเขียว,https://www.thaiwatsadu.com/th/sku/60243227,85
INCORRECT,น้ำยาทำความสะอาดพื้นผิวทั่วไป SPACLEAN 700ml แพ็คคู่ MODERN,MODERN,https://www.homepro.co.th/p/1157922,น้ำยาถูพื้น สปาคลีน ถุงบรรจุ 700 มล. (1 ฟรี 1) สีชมพู กลิ่นโมเดิร์น,https://www.thaiwatsadu.com/th/sku/60324392,น้ำยาฆ่าเชื้อโรคอเนกประสงค์ สปาคลีน ขนาด 750 มล.,https://www.thaiwatsadu.com/th/sku/60371191,90
INCORRECT,น้ำยาทำความสะอาดพื้นผิวทั่วไป SPACLEAN 700ml แพ็คคู่ LUXURY,SPACLEAN,https://www.homepro.co.th/p/1157856,น้ำยาถูพื้น สปาคลีน ถุงบรรจุ 700 มล. (1 ฟรี 1) สีแดง กลิ่นลักชูรี่,https://www.thaiwatsadu.com/th/sku/60324391,น้ำยาถูพื้น-ฆ่าเชื้อ (แบบถุง) SPACLEAN ขนาด 700 มล. สีชมพู กลิ่นฟลอรัลพิ้งค์,https://www.thaiwatsadu.com/th/sku/60344546,95
INCORRECT,"น้ำยาทำความสะอาดพื้นผิวทั่วไป SPACLEAN 5,200ml LILY SECRET",SPACLEAN,https://www.homepro.co.th/p/1092727,น้ำยาถูพื้น กลิ่นลิลลี่ซีเครท SPACLEAN แกลลอน ขนาด 5.2 ลิตร สีแดง,https://www.thaiwatsadu.com/th/sku/60289638,น้ำยาถูพื้น สปาคลีน แกลลอน ขนาด 5200 มล. ชมพู กลิ่นโมเดิร์น,https://www.thaiwatsadu.com/th/sku/60326332,100
INCORRECT,น้ำยาทำความสะอาดกระเบื้องพอร์ซเลน HG 1 ลิตร,HG,https://www.homepro.co.th/p/246514,น้ำยาถูพื้นสำหรับกระเบื้องผิวมันหินแกรนิตขัดมัน สตริคฟรี HG ขนาด 1 ลิตร,https://www.thaiwatsadu.com/th/sku/60263669,"น้ำยาทำความสะอาดกระเบื้องและหินธรรมชาติทุกชนิด HG ขนาด 1,000 มล.",https://www.thaiwatsadu.com/th/sku/60315177,95
INCORRECT,สเปรย์ขจัดคราบห้องน้ำ MAGICLEAN 500 มล. FRESH FLORAL,MAGICLEAN,https://www.homepro.co.th/p/1199512,น้ำยาทำความสะอาดสุขภัณฑ์ ขวดสเปรย์ กลิ่นเฟรชฟลอรัล MAGIC CLEANขนาด 500 มล. สีเหลือง,https://www.thaiwatsadu.com/th/sku/60252690,สเปรย์ขจัดคราบไขมันและทำความสะอาดครัว MAGIC CLEAN ขนาด 500 มล. สีเขียว,https://www.thaiwatsadu.com/th/sku/60252691,80
INCORRECT,น้ำยาขจัดคราบฝังแน่นห้องน้ำ FARCENT 900 มล. 2 แถม 1,FARCENT,https://www.homepro.co.th/p/1003342,น้ำยาล้างห้องน้ำ FARCENT รุ่น JS-30113 ความจุ 900 มล. (แพ็ก 3 ขวด) สีม่วง,https://www.thaiwatsadu.com/th/sku/60364278,น้ำยาล้างห้องน้ำ FARCENT รุ่น JS-3011 ขนาด 900 มล. สีม่วง,https://www.thaiwatsadu.com/th/sku/60253293,95
INCORRECT,น้ำยาทำความสะอาดห้องน้ำ เป็ด 900ml LAVENDER,เป็ด,https://www.homepro.co.th/p/1114348,น้ำยาล้างห้องน้ำ เป็ด ไมเซล่าร์ ขนาด 900 มล. สีม่วง กลิ่นลาเวนเดอร์,https://www.thaiwatsadu.com/th/sku/60315137,น้ำยาล้างห้องน้ำเป็ดโปร DUCK ขนาด 900 มล. (แพ็ก 2 ขวด),https://www.thaiwatsadu.com/th/sku/60405109,95
INCORRECT,น้ำยาทำความสะอาดห้องน้ำ เป็ด 900ml FRESH FLORAL,เป็ด,https://www.homepro.co.th/p/1114308,น้ำยาล้างห้องน้ำ เป็ด ไมเซล่าร์ ขนาด 900 มล. สีเขียว กลิ่นเฟรช ฟลอรัล,https://www.thaiwatsadu.com/th/sku/60315138,น้ำยาล้างห้องน้ำเป็ดโปร DUCK ขนาด 900 มล. (แพ็ก 2 ขวด),https://www.thaiwatsadu.com/th/sku/60405109,95
INCORRECT,น้ำยาทำความสะอาดห้องน้ำ เป็ด 900ml แพ็กคู่ ชมพู กลิ่นพิ้งค์ สมูท,เป็ด,https://www.homepro.co.th/p/1098603,น้ำยาล้างห้องน้ำเป็ดพิงค์ DUCK ขนาด 900 มล. (แพ็ก 2 ขวด),https://www.thaiwatsadu.com/th/sku/60405116,น้ำยาล้างห้องน้ำ DUCK รุ่น ขวด 900 ML ขนาด 900 มล. สีชมพู,https://www.thaiwatsadu.com/th/sku/60211118,95
INCORRECT,น้ำยาทำความสะอาดห้องน้ำ เป็ด ม่วง 900 มล. แพ็กคู่,เป็ด,https://www.homepro.co.th/p/1245009,น้ำยาล้างห้องน้ำเป็ดโปร DUCK ขนาด 900 มล. (แพ็ก 2 ขวด),https://www.thaiwatsadu.com/th/sku/60405109,น้ำยาล้างห้องน้ำ DUCK รุ่น @060211073 ขนาด 900 มล. สีม่วง,https://www.thaiwatsadu.com/th/sku/60211073,95
INCORRECT,น้ำยาแวววาวเคลือบเงาเครื่องแก้ว SOMAT 750 มล.,SOMAT,https://www.homepro.co.th/p/1245070,น้ำยาสำหรับเครื่องล้างจานอัตโนมัติ SOMAT ขนาด 750 กรัม สีน้ำเงิน,https://www.thaiwatsadu.com/th/sku/60365656,สเปรย์ฉีดทำความสะอาดกระจกและเครื่องแก้ว HG ขนาด 500 มล. สีฟ้า,https://www.thaiwatsadu.com/th/sku/60315175,70
INCORRECT,น้ำส้มควันไม้ไล่งู ตะขาบชนิดเข้มข้น เคียงมูล 1 ลิตร,เคียงมูล,https://www.homepro.co.th/p/1182291,"น้ำส้มควันไม้ ไล่งู ตะขาบ แมงป่อง กิ้งกือ แกลลอน สูตรเข้มข้น KIENGMOOL ขนาด 1,000 มล. สีขาว",https://www.thaiwatsadu.com/th/sku/60365312,สเปรย์น้ำส้มควันไม้ ไล่งู ตะขาบ แมงป่อง กิ้งกือ KIENGMOOL ขนาด 240 มล. สีดำ,https://www.thaiwatsadu.com/th/sku/60365311,95
INCORRECT,น้ำหอมปรับอากาศ FARCENT 250 มล. HI-TEA PEACH,FARCENT,https://www.homepro.co.th/p/1254217?lang=th&gad_source=1&gclid=CjwKCAjw8rW2BhAgEiwAoRO5rAlu4Ka6NAK0FQz_TAwJGM8qK8eRkuPdSa96n3khv4c5XtWVkLt0vRoCORAQAvD_BwE,น้ำหอมปรับอากาศ กลิ่นพีช FARCENT 1 ชิ้น,https://www.thaiwatsadu.com/th/sku/60405203,น้ำหอม FARCENT รุ่นไฮทีซีรีย์ AA2891 P กลิ่นสวีทสตอเบอร์ลี่ ขนาด 250 มล. สีชมพู,https://www.thaiwatsadu.com/th/sku/60329907,95
INCORRECT,ผงซักฟอก HG 500g,HG,https://www.homepro.co.th/p/1117482,ผงซักฟอกสูตรพลังออกซิเจนในการขจัดคราบสกปรกฝังแน่นบนผ้า HG ขนาด 400 กรัม สีชมพู,https://www.thaiwatsadu.com/th/sku/60315176,สเปรย์กำจัดกลิ่นเหม็น HG ขนาด 500 มล.,https://www.thaiwatsadu.com/th/sku/60315170,100
INCORRECT,"ผงย่อยจุลินทรีย์สุขภัณฑ์ BIONIC 1,000 กรัม",BIONIC,https://www.homepro.co.th/p/121778,ผงป้องกันส้วมเต็ม ไบโอนิค BACTOCEL ขนาด 1 กก.,https://www.thaiwatsadu.com/th/sku/60210285,หัวเชื้อจุลินทรีย์ BIO-SEED รุ่น WAVE ขนาด 1 กก.,https://www.thaiwatsadu.com/th/sku/60366390,75
INCORRECT,เกล็ดขจัดกลิ่นสุขภัณฑ์ BIONIC 100 กรัม,BIONIC,https://www.homepro.co.th/p/220355,ผงป้องกันส้วมเต็ม+กลิ่น ไบโอนิค BACTOCEL ชนิดซอง 100 กรัม สีน้ำเงิน,https://www.thaiwatsadu.com/th/sku/60210288,ผงจุลินทรีย์ใส่โถสุขภัณฑ์ กรีนเมท รุ่น SM 700 ขนาด 150 กรัม สีน้ำตาล,https://www.thaiwatsadu.com/th/sku/60262271,70
INCORRECT,อะไหล่ม็อบไมโครไฟเบอร์กลมถังปั่นแห้ง SCOTCH-BRITE 13 นิ้ว สีขาว,SCOTCH-BRITE,https://www.homepro.co.th/p/1018549,ผ้าม็อบรีฟิลไมโครไฟเบอร์ SCOTCH BRITE รุ่น XY003839335 สีเขียว,https://www.thaiwatsadu.com/th/sku/60232720,อะไหล่ผ้าม็อบไมโครไฟเบอร์สำหรับถังปั่น 2 แถม 1 SCOTCH BRITE รุ่น XN002039586 สีขาว,https://www.thaiwatsadu.com/th/sku/60321792,95
INCORRECT,ผ้าทำความสะอาดเคลือบเฟอร์นิเจอร์หนังเบาะรถ FARCENT 28.5x20 ซม. สีขาว,FARCENT,https://www.homepro.co.th/p/204411,ผ้าสำหรับเช็ดเบาะหนังทุกชนิด ฟาร์เซ็นท์ รุ่น JC-0421 (ห่อ 10 แผ่น),https://www.thaiwatsadu.com/th/sku/60287357,ทิชชูทำความสะอาดอุปกรณ์ในครัว ฟาร์เซ้นท์ รุ่น WW-7502 (บรรจุ 30 แผ่น) สีส้ม,https://www.thaiwatsadu.com/th/sku/60286520,60
INCORRECT,ผ้าเช็ดทำความสะอาด MILD 40 แผ่น,MILD,https://www.homepro.co.th/p/1152543,ผ้าเปียก กลิ่นแป้งเด็ก Jaxx รุ่น B Duck (แพ็ก 40 แผ่น) สีฟ้า,https://www.thaiwatsadu.com/th/sku/60332036,ผ้าเปียกทำความสะอาด JAXX B DUCK รุ่น เบบี้ไวฟ์ (แพ็ก 40 แผ่น) สีชมพู,https://www.thaiwatsadu.com/th/sku/60332035,95
INCORRECT,อะไหล่ม็อบฟองน้ำ PVA SCOTCH-BRITE 11 นิ้ว สีเทา,SCOTCH-BRITE,https://www.homepro.co.th/p/1002544,ม็อบฟองน้ำกว้าง 10.5 นิ้ว SCOTCH BRITE รุ่น XN002029082 สีเขียว,https://www.thaiwatsadu.com/th/sku/60214072,ม็อบฟองน้ำกว้าง 11 นิ้ว SCOTCH BRITE รุ่น XN002029074 สีเขียว,https://www.thaiwatsadu.com/th/sku/60214071,95
INCORRECT,ราวพาดผ้าอะลูมิเนียม 6 เส้น PLIM,PLIM,https://www.homepro.co.th/p/195038,ราวแขวนตั้งพื้น ซิกแซก 0.75 ม. อะลูมิเนียม SANKI รุ่น TWD7506G ขนาด 75 x 47 x 82.5 ซม. สีเทา,https://www.thaiwatsadu.com/th/sku/60295511,ราวแขวนตั้งพื้น 8 เส้น 1.50 ม. อะลูมิเนียม SANKI รุ่น TWD15008 ขนาด 150 x 60 x 162 ซม. สีเทา,https://www.thaiwatsadu.com/th/sku/60295509,85
INCORRECT,ลูกเหม็น ACCO 150 กรัม,ACCO,https://www.homepro.co.th/p/1183812,ลูกเหม็น ตราพัด แบบลูกเล็ก ถุงขนาด 1000 กรัม สีฟ้า,https://www.thaiwatsadu.com/th/sku/60322709,ลูกเหม็น ตราพัด แบบลูกเล็ก ถุงขนาด 150 กรัม สีฟ้า,https://www.thaiwatsadu.com/th/sku/60322710,95
INCORRECT,สเปรย์กำจัดปลวก CHAINDRITE 450 มล.,CHAINDRITE,https://www.homepro.co.th/p/15442,สเปรย์กำจัดปลวก CHAINDRITE ขนาด 450 ซีซี สีส้ม,https://www.thaiwatsadu.com/th/sku/60001263,สเปรย์ป้องกันและกำจัดปลวกมอดมดแมลงสาบ 3 ไร้กลิ่น CHAINDRITE รุ่น 620123 ขนาด 450 มล. สีส้ม,https://www.thaiwatsadu.com/th/sku/60264547,90
INCORRECT,สเปรย์กำจัดปลวก CHAINDRITE สูตร 3 600 มล.,CHAINDRITE,https://www.homepro.co.th/p/1057452,สเปรย์ป้องกันและกำจัดปลวกมอดมดแมลงสาบ 3 ไร้กลิ่น CHAINDRITE รุ่น 620123 ขนาด 600 มล. สีส้ม,https://www.thaiwatsadu.com/th/sku/60264543,สเปรย์กำจัดปลวก CHAINDRITE ขนาด 600 ซีซี สีส้ม,https://www.thaiwatsadu.com/th/sku/60001310,100
INCORRECT,เจลปรับอากาศ LUKO พีช 180 กรัม 2แถม1,LUKO,https://www.homepro.co.th/p/1145562,สเปรย์ปรับอากาศ ลูโก้ รุ่น 2แถม1 ขนาด 180 มล. สีพีช กลิ่นพีช,https://www.thaiwatsadu.com/th/sku/60321016,เจลปรับอากาศคิงส์สเตลล่าเฟรช KINGS STELLA กลิ่นพีชชี่พีช ขนาด 180 กรัม สีชมพู,https://www.thaiwatsadu.com/th/sku/60343991,95
INCORRECT,อะไหล่ม็อบไมโครไฟเบอร์กลม BE MAN PLUS/VALUE 14 นิ้ว สีขาว,BE MAN,https://www.homepro.co.th/p/1064214,อะไหล่ผ้าพร้อมไม้โช๊คสำหรับถังปั่นแวลู่และพลัส BE MAN รุ่น A0123193 สีขาว,https://www.thaiwatsadu.com/th/sku/60269747,อะไหล่ผ้าม็อบถังปั่นไมโครไฟเบอร์ 3 แถม1 BE MAN รุ่น A0123203 ขนาด 40 x 25 x 7 ซม. สีขาว,https://www.thaiwatsadu.com/th/sku/60330057,95
INCORRECT,อะไหล่ม็อบไมโครไฟเบอร์กลม BE WISH 10 นิ้ว 3แถม1 สีม่วง,BE WISH,https://www.homepro.co.th/p/1161584,อะไหล่ผ้าม็อบถังปั่นไมโครไฟเบอร์ 3 แถม1 BE MAN รุ่น A0123203 ขนาด 40 x 25 x 7 ซม. สีขาว,https://www.thaiwatsadu.com/th/sku/60330057,อะไหล่ผ้าพร้อมไม้โช๊คสำหรับถังปั่นแวลู่และพลัส BE MAN รุ่น A0123193 สีขาว,https://www.thaiwatsadu.com/th/sku/60269747,70
INCORRECT,อะไหล่ม็อบไมโครไฟเบอร์ SCOTCH-BRITE UU012646566,SCOTCH-BRITE,https://www.homepro.co.th/p/1238246,อะไหล่ผ้าไม้ถูพื้นสำหรับถัง Compact SCOTCH BRITE สีเทา,https://www.thaiwatsadu.com/th/sku/60397636,อะไหล่ผ้าม็อบไมโครไฟเบอร์สำหรับถังปั่น 2 แถม 1 SCOTCH BRITE รุ่น XN002039586 สีขาว,https://www.thaiwatsadu.com/th/sku/60321792,95
INCORRECT,เจลปรับอากาศ FARCENT 120g LAVENDER,FARCENT,https://www.homepro.co.th/p/1137747,เจลดับกลิ่นอเนกประสงค์ ฟาร์เซ็นท์ รุ่น F-406 V ขนาด 120 กรัม สีม่วง กลิ่นลาเวนเดอร์,https://www.thaiwatsadu.com/th/sku/60320992,เจลหอมปรับอากาศ รูปไข่ FARCENT รุ่น กลิ่นลาเวนเดอร์ ขนาด 170 กรัม สีม่วง,https://www.thaiwatsadu.com/th/sku/60210409,95
INCORRECT,เจลปรับอากาศไล่ยุง FARCENT EGG 170g TROPICAL FRESH,FARCENT,https://www.homepro.co.th/p/1039814,เจลหอมไล่ยุง กลิ่นมะนาว ฟาร์เซ็นท์ รุ่น AA-1232 G ขนาด 170 กรัม สีเขียว,https://www.thaiwatsadu.com/th/sku/60255874,เจลหอมไล่ยุง กลิ่นฟลอรัลเฟรช ฟาร์เซ็นท์ ขนาด 170 กรัม สีเหลือง,https://www.thaiwatsadu.com/th/sku/60210410,90
INCORRECT,เจลปรับอากาศไล่ยุง FARCENT EGG 170g ROSE,FARCENT,https://www.homepro.co.th/p/1039853,เจลหอมไล่ยุง ทรงรูปไข่ กลิ่นกุหลาบ ฟาร์เซ็นท์ รุ่น AA-1232 R ขนาด 170 ก. สีชมพู,https://www.thaiwatsadu.com/th/sku/60255873,เจลหอมไล่ยุง กลิ่นฟลอรัลเฟรช ฟาร์เซ็นท์ ขนาด 170 กรัม สีเหลือง,https://www.thaiwatsadu.com/th/sku/60210410,90
INCORRECT,เจลปรับอากาศ FARCENT PASSIONATE ROSE 200 กรัม แพ็ก 2 แถม 1,FARCENT,https://www.homepro.co.th/p/1074732,เจลเซ็นท์เด็ด กลิ่นกุหลาบ FARCENT AA12513P ขนาด 200 กรัม (แพ็ค 3 ชิ้น) สีชมพู,https://www.thaiwatsadu.com/th/sku/60271784,เจลหอมปรับอากาศ FARCENT รุ่น AA12513 O ขนาด 200 กรัม (แพ็ก 3 ชิ้น) กลิ่นส้ม,https://www.thaiwatsadu.com/th/sku/60354910,90
INCORRECT,เจลปรับอากาศ FARCENT RELAXING LAVENDER 200 กรัม แพ็ก 2 แถม 1,FARCENT,https://www.homepro.co.th/p/1074713,เจลเซ็นท์เด็ด กลิ่นลาเวนเดอร์ FARCENT รุ่น AA12513V ขนาด 200 กรัม (แพ็ค 3 ชิ้น) สีม่วง,https://www.thaiwatsadu.com/th/sku/60271785,เจลหอมปรับอากาศ รูปไข่ FARCENT รุ่น กลิ่นลาเวนเดอร์ ขนาด 170 กรัม สีม่วง,https://www.thaiwatsadu.com/th/sku/60210409,95
INCORRECT,เจลปรับอากาศ FARCENT REFRESHING LEMON 200 กรัม แพ็ก 2 แถม 1,FARCENT,https://www.homepro.co.th/p/1074712?currentTimeMillis=1612523774735,เจลเซ็นท์เด็ด กลิ่นเลมอน FARCENT รุ่น AA12513Y ขนาด 200 กรัม (แพ็ค 3 ชิ้น) สีเหลือง,https://www.thaiwatsadu.com/th/sku/60271787,เจลหอมปรับอากาศ FARCENT รุ่น AA12513 O ขนาด 200 กรัม (แพ็ก 3 ชิ้น) กลิ่นส้ม,https://www.thaiwatsadu.com/th/sku/60354910,95
INCORRECT,ที่แขวนอเนกประสงค์ PLIM HATO สีธรรมชาติ/น้ำตาล,PLIM,https://www.homepro.co.th/p/1241224,เสาแขวนผ้าไม้ยางพารา ATHOME รุ่น AT2024002 ขนาด 38 x 38 x 180 ซม. สีธรรมชาติ,https://www.thaiwatsadu.com/th/sku/60407594,ตลับกุญแจบานสวิงซิงค์ SOLEX รุ่น 5100BT สีน้ำตาล,https://www.thaiwatsadu.com/th/sku/60331470,70
INCORRECT,เหยื่อกำจัดแมลงสาบสำเร็จรูป ARS 3.7 กรัม แพ็ก3,ARS,https://www.homepro.co.th/p/1098855,เหยื่อกำจัดแมลงสาบ อาท แบล็คแคป ขนาด 51 กรัม สีเขียว,https://www.thaiwatsadu.com/th/sku/60292391,บ้านแมลงสาบอาท ARS ขนาด 10.2 กรัม,https://www.thaiwatsadu.com/th/sku/60210484,90
INCORRECT,เหยื่อกำจัดมด ARS 2.5 กรัม,ARS,https://www.homepro.co.th/p/54312?lang=th&gad_source=1&gclid=CjwKCAjw8rW2BhAgEiwAoRO5rHuukuh8phPDjs8YZH0pPIcv6vYJ4bp4Ap3T9SJhAduuAEp0Uy4FPRoCAFkQAvD_BwE,เหยื่อฆ่ามด อาทแอนท์คิลเลอร์ ARS รุ่น @060210503 ขนาด 25 กรัม,https://www.thaiwatsadu.com/th/sku/60210503,เหยื่อกำจัดมด ARS (แพ็ก 2 ชิ้น),https://www.thaiwatsadu.com/th/sku/60354908,100
INCORRECT,แปรงขัดพื้น/ผนังห้องน้ำ งานทั่วไป SCOTCH-BRITE สีเขียว,SCOTCH-BRITE,https://www.homepro.co.th/p/57899,แปรงขัดพื้นและผนังงานหนัก SCOTCH BRITE รุ่น XN002022491 สีดำ,https://www.thaiwatsadu.com/th/sku/60102895,แปรงล้างห้องน้ำ SCOTCH BRITE รุ่น XT002017710 สีเขียว,https://www.thaiwatsadu.com/th/sku/60039104,95
INCORRECT,ยางไล่น้ำอะลูมิเนียมและพีวีซี SCOTCH-BRITE 15.6 นิ้ว สีเขียว,SCOTCH-BRITE,https://www.homepro.co.th/p/1022263,แปรงปาดพื้น 15.6 นิ้ว SCOTCH BRITE รุ่น XN002029124 สีเขียว,https://www.thaiwatsadu.com/th/sku/60214074,ยางรีดน้ำกระจก SCOTCH BRITE รุ่น XN002024224 สีเขียว,https://www.thaiwatsadu.com/sku/60132930,100
INCORRECT,แผ่นขจัดกลิ่นสุขภัณฑ์ เป็ด 30g LAVENDER,เป็ด,https://www.homepro.co.th/p/290997,แผ่นติดโถสุขภัณฑ์ สติ๊กออน DUCK รุ่น กลิ่นลาเวนเดอร์ ขนาด 30 กรัม (แพ็ค 3 ชิ้น),https://www.thaiwatsadu.com/th/sku/60211223,เจลติดโถสุขภัณฑ์ ลาเวนเดอร์ เป็ด เฟรชดิสก์ ขนาด 38 กรัม สีม่วง,https://www.thaiwatsadu.com/th/sku/60341016,100
INCORRECT,เกล็ดขจัดท่อตัน ท่อน้ำทิ้ง LION SUN 1KG,LION SUN,https://www.homepro.co.th/p/215478,โซดาไฟเกล็ด ขจัดสิ่งอุดตัน ตรา 5 ดาว ขนาด 1 กก. สีขาว,https://www.thaiwatsadu.com/th/sku/60269656,เกล็ดขจัดท่อตัน ชนิดเกล็ด FARCENT รุ่น JD5103 ขนาด 375 กรัม,https://www.thaiwatsadu.com/th/sku/60253291,80
INCORRECT,แปรงขัดพื้นใยขัด SCOTCH-BRITE 5.5 นิ้ว สีเขียว,SCOTCH-BRITE,https://www.homepro.co.th/p/234029,ไม้ขัดพื้นผนังพร้อมใยขัด SCOTCH BRITE รุ่น XN002022517 สีเขียว,https://www.thaiwatsadu.com/th/sku/60102946,แปรงขัดพื้นพร้อมที่ปาดน้ำ SCOTCH BRITE รุ่น XN002024216 สีเขียว,https://www.thaiwatsadu.com/th/sku/60132936,95
INCORRECT,กล่องลอย HACO AP-B003 2x4 นิ้ว สีขาว,HACO,https://www.homepro.co.th/p/1078676,กล่องพลาสติกแบบลอยสำหรับแผงหน้ากาก 3 ช่อง HACO รุ่น SWIFT H40-B003 สีขาว,https://www.thaiwatsadu.com/th/sku/60243148,"กล่องพลาสติกแบบลอยสำหรับหน้ากาก 1,2,3 ช่อง HACO รุ่น AP-B003 ALPHA สีขาว",https://www.thaiwatsadu.com/th/sku/60314318,95
INCORRECT,ข้อต่อตรง PVC ตราช้างNPI 20 มม. มาตรฐาน BS สีขาว,ตราช้างเอ็นพีไอ,https://www.homepro.co.th/p/1067171,ข้อต่อกลางทาง EAGLE รุ่น BH20/P ขนาด 20 มม. (แพ็ก 20 ชิ้น) สีขาว,https://www.thaiwatsadu.com/th/sku/60277439,ข้อต่อกลางท่อ HACO JC20/P รุ่น 20 มม. (แพ็ค 4 ชิ้น) สีขาว,https://www.thaiwatsadu.com/th/sku/60152556,80
INCORRECT,ข้อต่อเข้ากล่อง PVC ตราช้างNPI 20 มม. มาตรฐาน BS สีขาว,ตราช้างเอ็นพีไอ,https://www.homepro.co.th/p/1067142,ข้อต่อเกลียวตัวผู้และตัวเมีย EAGLE รุ่น EAGLE-BH20/BP ขนาด 20 มม. (แพ็ก 20 ชิ้น) สีขาว,https://www.thaiwatsadu.com/th/sku/60277394,ข้อต่อเข้ากล่องพักสาย HACO รุ่น BC20/P ขนาด 20 มม. (แพ็ค 4 ชิ้น) สีขาว,https://www.thaiwatsadu.com/th/sku/60152547,95
INCORRECT,คลิปก้ามปู PVC ตราช้างNPI 3/4 นิ้ว สีเหลือง,ตราช้างเอ็นพีไอ,https://www.homepro.co.th/p/1067172,คลิปก้ามปู TOP ขนาด 3/4 นิ้ว สีเหลือง,https://www.thaiwatsadu.com/th/sku/60267510,คลิปก้ามปูหนา SCG ขนาด 3/4 นิ้ว สีฟ้า,https://www.thaiwatsadu.com/th/sku/60378461,90
INCORRECT,ชุดรางนีออน LED EVE 558335 22 วัตต์ DAYLIGHT,EVE,https://www.homepro.co.th/p/1097169,ชุดราง LED T8 EVE LIGHTING รุ่น LED FULL SET SUPER SAVE กำลัง 22 วัตต์ Daylight,https://www.thaiwatsadu.com/th/sku/60293623,ชุดราง LED T8 EVE LIGHTING รุ่น LED Full Set Saver กำลัง 22 วัตต์ Daylight,https://www.thaiwatsadu.com/th/sku/60325457,95
INCORRECT,คลิปก้ามปู ELECKTA 20 มม. สีขาว แพ็ก 10 ชิ้น,ELECKTA,https://www.homepro.co.th/p/1169124,ตัวยึดท่อ EAGLE รุ่น BK20/A/P ขนาด 20 มม. (แพ็ค 50 ชิ้น) สีขาว,https://www.thaiwatsadu.com/th/sku/60277433,ตัวยึดท่อ HACO รุ่น CC20/P ขนาด 20 มม. (แพ็ค 10 ชิ้น) สีขาว,https://www.thaiwatsadu.com/th/sku/60152540,80
INCORRECT,ชุดตู้คอนซูมเมอร์ยูนิต 10ช่อง เมน 50 แอมป์ SCHNEIDER,SCHNEIDER,https://www.homepro.co.th/p/1146156,ตู้คอนซูเมอร์ยูนิตสำเร็จครบชุด 10 ช่อง 50A HACO รุ่น CFS16/50-MR10 สีขาว,https://www.thaiwatsadu.com/th/sku/60348792,ตู้คอนซูมเมอร์ยูนิต 10 ช่อง CLASSIC PLUS SCHNEIDER รุ่น S9HCL110 สีขาว,https://www.thaiwatsadu.com/th/sku/60307447,95
INCORRECT,ตู้กันน้ำมีหลังคา ฝาทึบ RACER EER01 8x13 นิ้ว สีเทา,RACER,https://www.homepro.co.th/p/1115057,ตู้พลาสติกกันน้ำกันฝุ่น (ฝาทึบ) แบบมีหลังคา เบอร์ 1 RACER รุ่น RC-OD-RCRO1 สีเทา,https://www.thaiwatsadu.com/th/sku/60279420,ตู้พลาสติกกันน้ำกันฝุ่น (ฝาทึบ) แบบมีหลังคา เบอร์ 2 RACER รุ่น RC-OD-RCRO2 สีเทา,https://www.thaiwatsadu.com/th/sku/60279423,85
INCORRECT,ท่ออ่อนลายลูกฟูก HACO 16 มม. 50 ม. สีขาว,HACO,https://www.homepro.co.th/p/1123088,ท่ออ่อนยูพีวีซี EAGLE รุ่น EG16F ขนาด 16 มม. x 50 เมตร สีขาว,https://www.thaiwatsadu.com/th/sku/60277427,ท่ออ่อนลูกฟูก HACO รุ่น Fx20 ขนาด 20 มม. x 50 เมตร สีขาว,https://www.thaiwatsadu.com/th/sku/60152592,95
INCORRECT,ท่ออ่อนลายลูกฟูก HACO 20 มม. 50 ม. สีขาว,HACO,https://www.homepro.co.th/p/1123090,ท่ออ่อนยูพีวีซี EAGLE รุ่น EG20F ขนาด 20 มม. x 50 เมตร สีขาว,https://www.thaiwatsadu.com/th/sku/60277428,ท่ออ่อนลูกฟูก HACO รุ่น Fx20 ขนาด 20 มม. x 50 เมตร สีขาว,https://www.thaiwatsadu.com/th/sku/60152592,100
INCORRECT,กล่องพลาสติกกันน้ำ ELECKTA 2X4 นิ้ว สีขาว,ELECKTA,https://www.homepro.co.th/p/1138092,บล็อกกันน้ำ PRI รุ่น SP-201 ขนาด 2 x 4 นิ้ว สีครีม,https://www.thaiwatsadu.com/th/sku/60205554,บล็อคลอย CT ELECTRIC รุ่น GN2 ขนาด 2 x 4 นิ้ว สีขาว,https://www.thaiwatsadu.com/th/sku/60267270,95
INCORRECT,กล่องพลาสติกกันน้ำ ELECKTA 4x4 นิ้ว สีขาว,ELECKTA,https://www.homepro.co.th/p/1137997,บล็อกกันน้ำ PRI รุ่น SP-202 ขนาด 4 x 4 นิ้ว สีครีม,https://www.thaiwatsadu.com/th/sku/60205556,กล่องกันน้ำ LEETECH รุ่น WB 404 W ขนาด 4 x 4 นิ้ว สีขาว,https://www.thaiwatsadu.com/th/sku/60148492,95
INCORRECT,กล่องเบรกเกอร์ แบบลอย 1 ช่อง T-PLUS HBW/HBC สีขาว,T-PLUS,https://www.homepro.co.th/p/101284,บล็อคพลาสติกลอยเดี่ยว PANASONIC รุ่น HBW 1G สีขาว,https://www.thaiwatsadu.com/th/sku/60123243,เซฟตี้เบรกเกอร์พร้อมกล่องลอย HACO รุ่น SB-N32L/B11 32A,https://www.thaiwatsadu.com/th/sku/60175105,95
INCORRECT,หน้ากาก 3 ช่อง PANASONIC WEG6803WK สีขาว,PANASONIC,https://www.homepro.co.th/p/53300,ฝาหน้ากาก 3 ช่อง CT ELECTRIC รุ่น A-103 สีขาว,https://www.thaiwatsadu.com/th/sku/60359993,ฝาพลาสติก 3 ช่อง PANASONIC WIDE รุ่น WEG6803WK สีขาว,https://www.thaiwatsadu.com/th/sku/60005472,100
INCORRECT,พรีฟอร์ม BT 35 ตร.มม.,BT,https://www.homepro.co.th/p/1117559,ฟรีฟอร์มรัดสาย SC รุ่น TPF ขนาด 16 ตรม.,https://www.thaiwatsadu.com/th/sku/60158344,ฟรีฟอร์มรัดสาย TPF ขนาด 25 ตร.มม. สีเทา,https://www.thaiwatsadu.com/th/sku/60120280,65
INCORRECT,เซอร์กิตเบรกเกอร์ 32 แอมป์ 1โพล 1 เฟส SCHNEIDER รุ่น VSC 6T,SCHNEIDER,https://www.homepro.co.th/p/174303,ลูกย่อยสวิตช์ตัดตอน SQUARE D รุ่น QO132VSC6T 1 Pole 32A 6KA สีดำ,https://www.thaiwatsadu.com/th/sku/60015452,เซอร์กิตเบรคเกอร์ลูกย่อย HACO รุ่น HACO-H6-20/1C 1 Pole 20A 6kA สีขาว,https://www.thaiwatsadu.com/th/sku/60300302,85
INCORRECT,สายไฟ THW IEC01 BCC 1x2.5 ตร.มม. 100 ม. สีน้ำตาล,BCC,https://www.homepro.co.th/p/1077599,สายไฟ IEC 01 THW 1 x 2.5 ตร.มม. NATION ยาว 100 เมตร สีน้ำตาล,https://www.thaiwatsadu.com/th/sku/60420765,สายไฟ 60227 IEC 01 (THW) 1 x 2.5 ตร.มม. BCC ยาว 100 เมตร สีฟ้า,https://www.thaiwatsadu.com/th/sku/60144709,100
INCORRECT,หลอด LED RACER MR16 7 วัตต์ WARMWHITE GU5.3,RACER,https://www.homepro.co.th/p/1101818,หลอด MR16 LED ต่อตรง 7 วัตต์ Warm White RACER รุ่น GU5.3,https://www.thaiwatsadu.com/th/sku/60300628,หลอด MR16 LED ต่อตรง 7 วัตต์ Daylight RACER GU5.3,https://www.thaiwatsadu.com/th/sku/60300627,95
INCORRECT,หลอด LED RACER BULB A60 12 วัตต์ DAYLIGHT/COOL WHITE/WARM WHITE E27,RACER,https://www.homepro.co.th/p/1092209,หลอดไฟ LED 12 วัตต์ RACER รุ่น TRIPLE COLORS A60 E27,https://www.thaiwatsadu.com/th/sku/60284043,หลอดไฟ LED 12 วัตต์ Warm White RACER รุ่น KATIE LED A60 E27,https://www.thaiwatsadu.com/th/sku/60249653,100
INCORRECT,หลอด LED LAMPTAN BULB GLOSS 7 วัตต์ DAYLIGHT E27 แพ็ก 2 ชิ้น,LAMPTAN,https://www.homepro.co.th/p/1046091,หลอดไฟ LED 7 วัตต์ Daylight LAMPTAN รุ่น EXC E27,https://www.thaiwatsadu.com/th/sku/60334453,หลอดไฟ LED 18 วัตต์ Daylight LAMPTAN รุ่น GLOSS V.2 E27 (แพ็ก 2 หลอด),https://www.thaiwatsadu.com/th/sku/60328313,95
INCORRECT,หลอด LED RACER A60 KATIE 8 วัตต์ COOL WHITE E27,RACER,https://www.homepro.co.th/p/1115707,หลอดไฟ LED 9 วัตต์ Daylight RACER รุ่น KATIE A60 E27,https://www.thaiwatsadu.com/th/sku/60300629,หลอดไฟ LED 8 วัตต์ Cool White RACER รุ่น KATIE A60 E27,https://www.thaiwatsadu.com/th/sku/60302381,100
INCORRECT,หลอด LED RACER A60 9 วัตต์ DAYLIGHT/COOL WHITE/WARM WHITE E27 แพ็ก 2 ชิ้น,RACER,https://www.homepro.co.th/p/1273907,หลอดไฟ LED 9W Tri-Color RACER รุ่น KATIE A60 E27 (แพ็กคู่),https://www.thaiwatsadu.com/th/sku/60419119,หลอดไฟ LED 9 วัตต์ Daylight RACER รุ่น KATIE A60 E27,https://www.thaiwatsadu.com/th/sku/60300629,95
INCORRECT,หลอด LED PHILIPS BULB A60 10 วัตต์ เดย์ไลท์ แพ็ก 2 ชิ้น,PHILIPS,https://www.homepro.co.th/p/1087846,หลอดไฟ LED Warmwhite PHILIPS รุ่น LEDBULB ขนาด 10 วัตต์ (แพ็ค 2 หลอด),https://www.thaiwatsadu.com/th/sku/60314274,หลอดไฟ LED PHILIPS รุ่น LEDBULB ขนาด 10 วัตต์ (แพ็ค 2 หลอด) สีคูลเดย์ไลท์,https://www.thaiwatsadu.com/th/sku/60314273,100
INCORRECT,หลอด LED PHILIPS T8 SE HO 22 วัตต์ DAYLIGHT G13,PHILIPS,https://www.homepro.co.th/p/1274818,หลอดไฟ LED T8 22W Daylight PHILIPS รุ่น DE HO,https://www.thaiwatsadu.com/th/sku/60388266,หลอดไฟ LED T8 SE HO 22W Daylight PHILIPS รุ่น LEDtube T8 22W/DL,https://www.thaiwatsadu.com/th/sku/60419118,100
INCORRECT,เต้ารับคู่ 3 ขา PANASONIC WEGN15929 B สีดำ,PANASONIC,https://www.homepro.co.th/p/1156367,เต้ารับกราวด์คู่ 16A CT ELECTRIC รุ่น CPS-116B สีดำ,https://www.thaiwatsadu.com/th/sku/60360012,เต้ารับคู่ 3 ขา Wide PANASONIC รุ่น Weg 15929 สีขาว,https://www.thaiwatsadu.com/th/sku/60014789,95
INCORRECT,หลอด LED RACER MAGNET ULTRA WIDE HIGH LUMEN 24 วัตต์ DAYLIGHT,RACER,https://www.homepro.co.th/p/1168411,แผงไฟเพดานกลมเซ็ต LED 24.5 วัตต์ Daylight RACER รุ่น ULTRA WIDE,https://www.thaiwatsadu.com/th/sku/60335233,เซตแผงไฟเพดานกลม LED 18.5 วัตต์ Daylight RACER รุ่น MAGNET ULTRA WIDE,https://www.thaiwatsadu.com/th/sku/60346116,90
INCORRECT,หลอด LED RACER MAGNET HIGH LUMEN 36 วัตต์ DAYLIGHT,RACER,https://www.homepro.co.th/p/1155624,แผงไฟเพดานกลมเซ็ต LED 36 วัตต์ Daylight RACER รุ่น SUPER BRIGHT HIGH LUMEN,https://www.thaiwatsadu.com/th/sku/60330614,หลอดไฟ LED 33W Daylight RACER รุ่น High Watt Mega Bright,https://www.thaiwatsadu.com/th/sku/60405912,80
INCORRECT,รางนีออนกันฝน LED LAMPTAN TRI-PROOF SET 1X10 วัตต์ DAYLIGHT,LAMPTAN,https://www.homepro.co.th/p/1251997?lang=th&gad_source=1&gad_campaignid=17611471329&gbraid=0AAAAADDk-KWMNemHGKjLqItcK7qWFjDOl&gclid=Cj0KCQjwgIXCBhDBARIsAELC9Zi-JjwGZz-TWRpHhPexkNSSCCJcQWayU32EOjI7oO-0jQQ3uiFYj_MaApiLEALw_wcB,โคมกันน้ำกันฝุ่น IP65 LED-T8 1x10W Daylight LAMPTAN รุ่น LYN GUARD 1x10W/DL,https://www.thaiwatsadu.com/th/sku/60404653,หลอดไฟ LED 10 วัตต์ Daylight LAMPTAN รุ่น SHINE E27,https://www.thaiwatsadu.com/th/sku/60328311,90
INCORRECT,รางนีออนกันฝน LED LAMPTAN TRI-PROOF SET 1X20 วัตต์ DAYLIGHT,LAMPTAN,https://www.homepro.co.th/p/1252035,โคมกันน้ำกันฝุ่น IP65 LED-T8 1x20W Daylight LAMPTAN รุ่น LYN GUARD 1x20W/DL,https://www.thaiwatsadu.com/th/sku/60404655,ชุดราง LED T5 LAMPTAN รุ่น GLOSS SLIM กำลัง 18 วัตต์ Daylight,https://www.thaiwatsadu.com/th/sku/60328219,80
INCORRECT,รางนีออนกันฝน LED LAMPTAN TRI-PROOF SET 2X20 วัตต์ DAYLIGHT,LAMPTAN,https://www.homepro.co.th/p/1252037,โคมกันน้ำกันฝุ่น IP65 LED-T8 2x20W Daylight LAMPTAN รุ่น LYN GUARD 2x20W/DL,https://www.thaiwatsadu.com/th/sku/60404657,ชุดราง LED T5 LAMPTAN รุ่น GLOSS SLIM กำลัง 18 วัตต์ Daylight,https://www.thaiwatsadu.com/th/sku/60328219,85
INCORRECT,ดาวน์ไลท์ LED HI-TEK HFLEPSS12D 6 นิ้ว 12 วัตต์ DAYLIGHT สีขาว,HI-TEK,https://www.homepro.co.th/p/1080479,โคมดาวน์ไลท์ติดลอยเหลี่ยม 4 นิ้ว LED 12W Daylight HI-TEK รุ่น ECO HFLEPSS12D สีขาว,https://www.thaiwatsadu.com/th/sku/60272535,โคมดาวน์ไลท์ติดลอยเหลี่ยม 6 นิ้ว LED 18W Daylight HI-TEK รุ่น ECO HFLEPSS18D สีขาว,https://www.thaiwatsadu.com/th/sku/60272537,90
INCORRECT,ดาวน์ไลท์ LED EVE PANEL 3 นิ้ว 6 วัตต์ DAYLIGHT สีขาว,EVE,https://www.homepro.co.th/p/1048812?lang=th&gad_source=1&gclid=CjwKCAjwufq2BhAmEiwAnZqw8qGJwW3xJwh6rXOmHugcncZjfaV39IhZ9WhnIDxQozADHXH57l6XrxoCeS0QAvD_BwE,โคมดาวน์ไลท์หน้าเหลี่ยม 3.5 นิ้ว LED 6W Daylight EVE LIGHTING รุ่น SQ Panel Light 6W DL สีขาว,https://www.thaiwatsadu.com/th/sku/60259054,โคมดาวน์ไลท์หน้ากลม 3.5 นิ้ว LED 6W Daylight EVE LIGHTING รุ่น RD Panel Light 6W DL สีขาว,https://www.thaiwatsadu.com/th/sku/60259046,95
INCORRECT,ดาวน์ไลท์ LED EVE PANEL 3 นิ้ว 6 วัตต์ WARM WHITE สีขาว,EVE,https://www.homepro.co.th/p/1048813?lang=th&gad_source=1&gclid=CjwKCAjwufq2BhAmEiwAnZqw8uwTgX14v4Mw7Gf5ZBWcisxsKoJe8cc74BW--vyXGG5fj3pJukJg3BoCNhIQAvD_BwE,โคมดาวน์ไลท์หน้าเหลี่ยม 3.5 นิ้ว LED 6W Warm White EVE LIGHTING รุ่น SQ Panel Light 6W WW สีขาว,https://www.thaiwatsadu.com/th/sku/60259055,โคมดาวน์ไลท์หน้ากลม 3.5 นิ้ว LED 6W Warm White EVE LIGHTING รุ่น RD Panel Light 6W WW สีขาว,https://www.thaiwatsadu.com/th/sku/60259047,95
INCORRECT,ดาวน์ไลท์ LED EVE PANEL 4 นิ้ว 9 วัตต์ WARM WHITE สีขาว,EVE,https://www.homepro.co.th/p/1048787?lang=th&gad_source=1&gclid=CjwKCAjwufq2BhAmEiwAnZqw8jgt6UDZ5TNNer4gDJoUgasJuRk7uhxkK3diwy3hH_Wv3Tl_2C-ygBoC-ZkQAvD_BwE,โคมดาวน์ไลท์หน้าเหลี่ยม 4 นิ้ว LED 9W Warm White EVE LIGHTING รุ่น SQ Panel Light 9W WW สีขาว,https://www.thaiwatsadu.com/th/sku/60259057,โคมดาวน์ไลท์หน้ากลม 4 นิ้ว LED 9W Warm White EVE LIGHTING รุ่น RD Panel Light 9W WW สีขาว,https://www.thaiwatsadu.com/th/sku/60259049,100
INCORRECT,ดาวน์ไลท์ LED SHINING LCDLSG3SQ09WDL 6 นิ้ว 9 วัตต์ DAYLIGHT สีขาว,SHINING,https://www.homepro.co.th/p/1108238,โคมดาวน์ไลท์หน้าเหลี่ยม 4 นิ้ว LED 9W Daylight RACER รุ่น INNO TECH-Q 9W DL สีขาว,https://www.thaiwatsadu.com/th/sku/60338102,โคมดาวน์ไลท์หน้ากลม 6 นิ้ว LED 17W Daylight PHILIPS รุ่น 59466 Meson/RD17W DL สีขาว,https://www.thaiwatsadu.com/th/sku/60308978,95
INCORRECT,ดาวน์ไลท์ LED RACER NANO-Q 8.5 นิ้ว 18 วัตต์ DAYLIGHT สีขาว,RACER,https://www.homepro.co.th/p/1082743,โคมดาวน์ไลท์หน้าเหลี่ยม 6 นิ้ว LED 18W Daylight RACER รุ่น INNO TECH-Q 18W DL สีขาว,https://www.thaiwatsadu.com/th/sku/60338106,โคมดาวน์ไลท์ติดลอยกลม 8 นิ้ว LED 18W Daylight RACER รุ่น NOVA 18W/65K/WH สีขาว,https://www.thaiwatsadu.com/th/sku/60400056,70
INCORRECT,"ดาวน์ไลท์ SS50/BLACK BEC โลหะ 6"" เหลี่ยม สีดำ",BEC,https://www.homepro.co.th/p/1083790,โคมดาวน์ไลท์ติดลอยเหลี่ยม 4 นิ้ว E27x1 BEC รุ่น SS40/BK สีดำ,https://www.thaiwatsadu.com/th/product/%E0%B9%82%E0%B8%84%E0%B8%A1%E0%B8%94%E0%B8%B2%E0%B8%A7%E0%B8%99%E0%B9%8C%E0%B9%84%E0%B8%A5%E0%B8%97%E0%B9%8C%E0%B8%95%E0%B8%B4%E0%B8%94%E0%B8%A5%E0%B8%AD%E0%B8%A2%E0%B9%80%E0%B8%AB%E0%B8%A5%E0%B8%B5%E0%B9%88%E0%B8%A2%E0%B8%A1-4-%E0%B8%99%E0%B8%B4%E0%B9%89%E0%B8%A7-E27x1-BEC-%E0%B8%A3%E0%B8%B8%E0%B9%88%E0%B8%99-SS40%7CBK-%E0%B8%AA%E0%B8%B5%E0%B8%94%E0%B8%B3-60274612,โคมดาวน์ไลท์ติดลอยเหลี่ยม 6 นิ้ว E27x1 BEC รุ่น SS50/BK สีดำ,https://www.thaiwatsadu.com/th/sku/60274616,95
INCORRECT,"ดาวน์ไลท์ BEC SS50/WHITE เหล็ก สีขาว 6"" เหลี่ยม",BEC,https://www.homepro.co.th/p/1083883,โคมดาวน์ไลท์ติดลอยเหลี่ยม 4 นิ้ว E27x1 BEC รุ่น SS40/WH สีขาว,https://www.thaiwatsadu.com/th/product/%E0%B9%82%E0%B8%84%E0%B8%A1%E0%B8%94%E0%B8%B2%E0%B8%A7%E0%B8%99%E0%B9%8C%E0%B9%84%E0%B8%A5%E0%B8%97%E0%B9%8C%E0%B8%95%E0%B8%B4%E0%B8%94%E0%B8%A5%E0%B8%AD%E0%B8%A2%E0%B9%80%E0%B8%AB%E0%B8%A5%E0%B8%B5%E0%B9%88%E0%B8%A2%E0%B8%A1-4-%E0%B8%99%E0%B8%B4%E0%B9%89%E0%B8%A7-E27x1-BEC-%E0%B8%A3%E0%B8%B8%E0%B9%88%E0%B8%99-SS40%7CWH-%E0%B8%AA%E0%B8%B5%E0%B8%82%E0%B8%B2%E0%B8%A7-60274614,โคมดาวน์ไลท์ติดลอยเหลี่ยม 6 นิ้ว E27x1 BEC รุ่น SS50/WH สีขาว,https://www.thaiwatsadu.com/th/sku/60274617,100
INCORRECT,สปอตไลท์ภายนอก LED LAMPTAN FIRM 100 วัตต์ DAYLIGHT,LAMPTAN,https://www.homepro.co.th/p/1236461,โคมฟลัดไลท์ LED 100W Daylight LAMPTAN รุ่น Firm 100W/DL สีเทา,https://www.thaiwatsadu.com/th/sku/60397055,โคมฟลัดไลท์ LED 50W Daylight LAMPTAN รุ่น Firm 50W/DL สีเทา,https://www.thaiwatsadu.com/th/sku/60406521,100
INCORRECT,สปอตไลท์ภายนอก LED HI-TEK MILAN 100 วัตต์ DAYLIGHT,HI-TEK,https://www.homepro.co.th/p/1154310?srsltid=AfmBOoqsCdkWhhSjy_4nfyftioJ_Ac1PmpRvtGWrGYvhdQFlJ3rNS8WH,โคมสปอตไลท์ มิลาน LED 100W DL HI-TEK รุ่น HFOLFE100DG 100W DL ขนาด 25.75 x 27.97 x 3.94 ซม. สีเทา,https://www.thaiwatsadu.com/th/sku/60322768,โคมฟลัดไลท์ LED 200W Daylight Slim HI-TEK รุ่น HFOLF200DB สีดำ,https://www.thaiwatsadu.com/th/sku/60389198,95
INCORRECT,สปอตไลท์ภายนอก LED LAMPTAN FIRM 10 วัตต์ DAYLIGHT,LAMPTAN,https://www.homepro.co.th/p/1236429,โคมฟลัดไลท์ LED 10W Daylight LAMPTAN รุ่น Firm 10W/DL สีเทา,https://www.thaiwatsadu.com/th/sku/60406517,โคมฟลัดไลท์ LED 50W Daylight LAMPTAN รุ่น Firm 50W/DL สีเทา,https://www.thaiwatsadu.com/th/sku/60406521,90
INCORRECT,สปอตไลท์ภายนอก LED LAMPTAN FIRM 150 วัตต์ DAYLIGHT,LAMPTAN,https://www.homepro.co.th/p/1236430?lang=th&gad_source=1&gad_campaignid=17611471329&gbraid=0AAAAADDk-KWMNemHGKjLqItcK7qWFjDOl&gclid=Cj0KCQjwgIXCBhDBARIsAELC9ZiWA3cclmcU3_lzsHHL9L7uvW5HuH4WqUcNMUmOEsc0ZDaGc1lR4HcaAgBtEALw_wcB,โคมฟลัดไลท์ LED 150W Daylight LAMPTAN รุ่น Firm 150W/DL สีเทา,https://www.thaiwatsadu.com/th/sku/60397056,โคมฟลัดไลท์ LED 50W Daylight LAMPTAN รุ่น Firm 50W/DL สีเทา,https://www.thaiwatsadu.com/th/sku/60406521,100
INCORRECT,สปอตไลท์ภายนอก LED EVE BEST 200 วัตต์ DAYLIGHT,EVE,https://www.homepro.co.th/p/1262530?lang=th&gad_source=1&gad_campaignid=17611471329&gbraid=0AAAAADDk-KX4pR00u5ubMVXeXO9aXLNMj&gclid=Cj0KCQjwgIXCBhDBARIsAELC9ZjYAUSgWqKiEJAShvCTjxq9k3np7NVEjH3GPnM9aPhjoeucvHIPdCAaAl-vEALw_wcB,โคมฟลัดไลท์ LED 200W Daylight EVE LIGHTING รุ่น BEST 200W DL สีดำ,https://www.thaiwatsadu.com/th/sku/60396883,โคมฟลัดไลท์โซลาร์เซลล์ LED 200 วัตต์ Daylight EVE LIGHTING รุ่น Dawn 200W สีดำ,https://www.thaiwatsadu.com/th/product/%E0%B9%82%E0%B8%84%E0%B8%A1%E0%B8%9F%E0%B8%A5%E0%B8%B1%E0%B8%94%E0%B9%84%E0%B8%A5%E0%B8%97%E0%B9%8C%E0%B9%82%E0%B8%8B%E0%B8%A5%E0%B8%B2%E0%B8%A3%E0%B9%8C%E0%B9%80%E0%B8%8B%E0%B8%A5%E0%B8%A5%E0%B9%8C-LED-200-%E0%B8%A7%E0%B8%B1%E0%B8%95%E0%B8%95%E0%B9%8C-Daylight-EVE-LIGHTING-%E0%B8%A3%E0%B8%B8%E0%B9%88%E0%B8%99-Dawn-200W-%E0%B8%AA%E0%B8%B5%E0%B8%94%E0%B8%B3-60351225,95
INCORRECT,สปอตไลท์ภายนอก LED LAMPTAN FIRM 200 วัตต์ DAYLIGHT,LAMPTAN,https://www.homepro.co.th/p/1236446,โคมฟลัดไลท์ LED 200W Daylight LAMPTAN รุ่น Firm 200W/DL สีเทา,https://www.thaiwatsadu.com/th/sku/60397057,โคมฟลัดไลท์ LED 50W Daylight LAMPTAN รุ่น Firm 50W/DL สีเทา,https://www.thaiwatsadu.com/th/sku/60406521,95
INCORRECT,สปอตไลท์ภายนอก LED LAMPTAN FIRM 30 วัตต์ DAYLIGHT,LAMPTAN,https://www.homepro.co.th/p/1236452,โคมฟลัดไลท์ LED 30W Daylight LAMPTAN รุ่น Firm 30W/DL สีเทา,https://www.thaiwatsadu.com/th/sku/60406519,โคมฟลัดไลท์ LED 50W Daylight LAMPTAN รุ่น Firm 50W/DL สีเทา,https://www.thaiwatsadu.com/th/sku/60406521,95
INCORRECT,สปอตไลท์ภายนอก LED FLOODLIGHT RACER LUNA 50 วัตต์ DAYLIGHT,RACER,https://www.homepro.co.th/p/1281332,โคมฟลัดไลท์ LED 50W Daylight RACER รุ่น LUNA50W/65K สีดำ,https://www.thaiwatsadu.com/th/sku/60419166,โคมไฟพาแนลไลท์ LED 40W Daylight RACER รุ่น High Lumens 2 สีขาว,https://www.thaiwatsadu.com/th/sku/60357578,90
INCORRECT,สปอตไลท์ SOLAR PHILIPS BVC080 MN 60 วัตต์ DAYLIGHT สีเทา/ดำ,PHILIPS,https://www.homepro.co.th/p/1277606,โคมฟลัดไลท์โซลาร์เซลล์ LED 4W Daylight PHILIPS รุ่น BVC080 สีเทา,https://www.thaiwatsadu.com/sku/60420099,โคมฟลัดไลท์โซลาร์เซลล์ LED 6W Daylight PHILIPS รุ่น BVC080 สีเทา,https://www.thaiwatsadu.com/sku/60420101,95
INCORRECT,ไฟถนน SOLAR EVE 201941 100 วัตต์ DAYLIGHT สีดำ,EVE,https://www.homepro.co.th/p/1264756,โคมไฟถนนโซลาร์เซลล์พร้อมขาจับ LED 100W Daylight EVE LIGHTING รุ่น MAX 100W DL-6500K,https://www.thaiwatsadu.com/th/sku/60407660,หลอดไฟ LED โซลาร์เซลล์ 80 วัตต์ Daylight EVE Solar Cell Shop bulb 5VDC พร้อมรีโมต,https://www.thaiwatsadu.com/th/sku/60346097,85
INCORRECT,ไฟถนน SOLAR EVE 201958 200 วัตต์ DAYLIGHT สีดำ,EVE,https://www.homepro.co.th/p/1264738,โคมไฟถนนโซลาร์เซลล์พร้อมขาจับ LED 200W Daylight EVE LIGHTING รุ่น MAX 200W DL-6500K,https://www.thaiwatsadu.com/th/sku/60407661,โคมฟลัดไลท์โซลาร์เซลล์ LED 200 วัตต์ Daylight EVE LIGHTING รุ่น Dawn 200W สีดำ,https://www.thaiwatsadu.com/th/product/%E0%B9%82%E0%B8%84%E0%B8%A1%E0%B8%9F%E0%B8%A5%E0%B8%B1%E0%B8%94%E0%B9%84%E0%B8%A5%E0%B8%97%E0%B9%8C%E0%B9%82%E0%B8%8B%E0%B8%A5%E0%B8%B2%E0%B8%A3%E0%B9%8C%E0%B9%80%E0%B8%8B%E0%B8%A5%E0%B8%A5%E0%B9%8C-LED-200-%E0%B8%A7%E0%B8%B1%E0%B8%95%E0%B8%95%E0%B9%8C-Daylight-EVE-LIGHTING-%E0%B8%A3%E0%B8%B8%E0%B9%88%E0%B8%99-Dawn-200W-%E0%B8%AA%E0%B8%B5%E0%B8%94%E0%B8%B3-60351225,95
INCORRECT,ไฟถนน SOLAR EVE 201965 400 วัตต์ DAYLIGHT สีดำ,EVE,https://www.homepro.co.th/p/1264728,โคมไฟถนนโซลาร์เซลล์พร้อมขาจับ LED 400W Daylight EVE LIGHTING รุ่น MAX 400W DL-6500K,https://www.thaiwatsadu.com/th/sku/60407663,โคมฟลัดไลท์โซลาร์เซลล์ LED 200 วัตต์ Daylight EVE LIGHTING รุ่น Dawn 200W สีดำ,https://www.thaiwatsadu.com/th/product/%E0%B9%82%E0%B8%84%E0%B8%A1%E0%B8%9F%E0%B8%A5%E0%B8%B1%E0%B8%94%E0%B9%84%E0%B8%A5%E0%B8%97%E0%B9%8C%E0%B9%82%E0%B8%8B%E0%B8%A5%E0%B8%B2%E0%B8%A3%E0%B9%8C%E0%B9%80%E0%B8%8B%E0%B8%A5%E0%B8%A5%E0%B9%8C-LED-200-%E0%B8%A7%E0%B8%B1%E0%B8%95%E0%B8%95%E0%B9%8C-Daylight-EVE-LIGHTING-%E0%B8%A3%E0%B8%B8%E0%B9%88%E0%B8%99-Dawn-200W-%E0%B8%AA%E0%B8%B5%E0%B8%94%E0%B8%B3-60351225,95
INCORRECT,ไฟถนน SOLAR EVE 201972 500 วัตต์ DAYLIGHT สีดำ,EVE,https://www.homepro.co.th/p/1264726,โคมไฟถนนโซลาร์เซลล์พร้อมขาจับ LED 500W Daylight EVE LIGHTING รุ่น MAX 500W DL-6500K,https://www.thaiwatsadu.com/th/sku/60407664,โคมฟลัดไลท์โซลาร์เซลล์ LED 200 วัตต์ Daylight EVE LIGHTING รุ่น Dawn 200W สีดำ,https://www.thaiwatsadu.com/th/product/%E0%B9%82%E0%B8%84%E0%B8%A1%E0%B8%9F%E0%B8%A5%E0%B8%B1%E0%B8%94%E0%B9%84%E0%B8%A5%E0%B8%97%E0%B9%8C%E0%B9%82%E0%B8%8B%E0%B8%A5%E0%B8%B2%E0%B8%A3%E0%B9%8C%E0%B9%80%E0%B8%8B%E0%B8%A5%E0%B8%A5%E0%B9%8C-LED-200-%E0%B8%A7%E0%B8%B1%E0%B8%95%E0%B8%95%E0%B9%8C-Daylight-EVE-LIGHTING-%E0%B8%A3%E0%B8%B8%E0%B9%88%E0%B8%99-Dawn-200W-%E0%B8%AA%E0%B8%B5%E0%B8%94%E0%B8%B3-60351225,85
INCORRECT,โคมฝังฝ้า LED LAMPTAN IFIT 30x120 ซม. 40 วัตต์ DAYLIGHT,LAMPTAN,https://www.homepro.co.th/p/1195284,โคมไฟพาแนลไลท์ LED 40W DL LAMPTAN รุ่น IFIT 40W/DL/30120 สีขาว,https://www.thaiwatsadu.com/th/sku/60366154,แผงไฟเพดานกลม LED 24 วัตต์ Daylight LAMPTAN รุ่น LENS MODULE,https://www.thaiwatsadu.com/th/sku/60328286,60
INCORRECT,โคมฝังฝ้า LED RACER HIGH LUMENS 60x60 ซม. 40 วัตต์ DAYLIGHT,RACER,https://www.homepro.co.th/p/1189613,โคมไฟพาแนลไลท์ LED 40W DL RACER รุ่น High Lumens1 สีขาว,https://www.thaiwatsadu.com/th/sku/60357491,โคมไฟพาแนลไลท์ LED 40W Daylight RACER รุ่น High Lumens 2 สีขาว,https://www.thaiwatsadu.com/th/sku/60357578,95
INCORRECT,ไฟสนาม SOLAR EVE 201903 2000 วัตต์ DAYLIGHT สีดำ,EVE,https://www.homepro.co.th/p/1264748,"โคมไฟสปอตไลท์ UFO โซลาร์เซลล์พร้อมรีโมต LED 2,000W Daylight EVE LIGHTING รุ่น Cosmo 2000W-6500K",https://www.thaiwatsadu.com/th/sku/60407668,โคมฟลัดไลท์โซลาร์เซลล์ LED 200 วัตต์ Daylight EVE LIGHTING รุ่น Dawn 200W สีดำ,https://www.thaiwatsadu.com/th/product/%E0%B9%82%E0%B8%84%E0%B8%A1%E0%B8%9F%E0%B8%A5%E0%B8%B1%E0%B8%94%E0%B9%84%E0%B8%A5%E0%B8%97%E0%B9%8C%E0%B9%82%E0%B8%8B%E0%B8%A5%E0%B8%B2%E0%B8%A3%E0%B9%8C%E0%B9%80%E0%B8%8B%E0%B8%A5%E0%B8%A5%E0%B9%8C-LED-200-%E0%B8%A7%E0%B8%B1%E0%B8%95%E0%B8%95%E0%B9%8C-Daylight-EVE-LIGHTING-%E0%B8%A3%E0%B8%B8%E0%B9%88%E0%B8%99-Dawn-200W-%E0%B8%AA%E0%B8%B5%E0%B8%94%E0%B8%B3-60351225,90
INCORRECT,ไฟเพดาน LED HI-TEK HFIL4 15 นิ้ว 24 วัตต์ DAYLIGHT/COOL WHITE/WARM WHITE สีขาว,HI-TEK,https://www.homepro.co.th/p/1182863,โคมไฟเพดานอะคริลิก LED 24W Tri-Color HI-TEK รุ่น HFIL424DCW (มะลิ) สีขาว,https://www.thaiwatsadu.com/th/sku/60346144,โคมไฟเพดาน LED 24W Daylight HI-TEK รุ่น HFIL0SL24D สีขาว,https://www.thaiwatsadu.com/th/sku/60295982,95
INCORRECT,ไฟเพดาน LED RACER ALL STAR 13 นิ้ว 26 วัตต์ DAYLIGHT/COOL WHITE/WARM WHITE สีขาว,RACER,https://www.homepro.co.th/p/1241297,โคมไฟเพดานอะคริลิก LED 26W Tri-Color RACER รุ่น ALL STAR2 สีขาว,https://www.thaiwatsadu.com/th/sku/60389976,โคมไฟเพดานอะคริลิก LED 26W Daylight RACER รุ่น ALL STAR1 สีขาว,https://www.thaiwatsadu.com/th/sku/60389975,95
INCORRECT,ไฟเพดาน LED LAMPTAN BOTAN 19 นิ้ว 50 วัตต์ DAYLIGHT/COOL WHITE/WARM WHITE สีขาว,LAMPTAN,https://www.homepro.co.th/p/1220405?lang=th&gad_source=1&gad_campaignid=17611471329&gbraid=0AAAAADDk-KX4pR00u5ubMVXeXO9aXLNMj&gclid=Cj0KCQjwgIXCBhDBARIsAELC9Zi_J-ef1YLxmkCMx595MS6BoRYn0cUx7RM6mDgwpp8jdACN-xpm_wUaApo8EALw_wcB,โคมไฟเพดานอะคริลิก LED 50W Tri-Color LAMPTAN รุ่น Hana กำลัง 50 วัตต์ ขนาด 49 x 49 x 7.6 ซม. สีขาว,https://www.thaiwatsadu.com/th/sku/60373323,แผงไฟเพดานกลม LED 32 วัตต์ Daylight LAMPTAN รุ่น LENS MODULE,https://www.thaiwatsadu.com/th/sku/60328290,95
INCORRECT,ไฟเพดาน LED LAMPTAN FLORIA EDGE 18 นิ้ว 36 วัตต์ DAYLIGHT/COOL WHITE/WARM WHITE สีขาว,LAMPTAN,https://www.homepro.co.th/p/1179110?lang=th&gad_source=1&gad_campaignid=17611471329&gbraid=0AAAAADDk-KX4pR00u5ubMVXeXO9aXLNMj&gclid=Cj0KCQjwgIXCBhDBARIsAELC9ZiRmH2ZTI6jH9mrM4JhEByK7ZvCgpJdhxmFyXvm83VHOC988VRFj6IaAqtDEALw_wcB,โคมไฟเพดานพร้อมรีโมต LED 36W Tri-Color LAMPTAN รุ่น Floria Edge 36W/Tri-Color สีขาว - ทอง,https://www.thaiwatsadu.com/th/sku/60361902,โคมไฟเพดานพร้อมรีโมต LED 36W Tri-Color LAMPTAN รุ่น Floria Edge 36W/Tri-Color สีขาว - ทอง,https://www.thaiwatsadu.com/th/product/%E0%B9%82%E0%B8%84%E0%B8%A1%E0%B9%84%E0%B8%9F%E0%B9%80%E0%B8%9E%E0%B8%94%E0%B8%B2%E0%B8%99%E0%B8%9E%E0%B8%A3%E0%B9%89%E0%B8%AD%E0%B8%A1%E0%B8%A3%E0%B8%B5%E0%B9%82%E0%B8%A1%E0%B8%95-LED-36W-Tri-Color-LAMPTAN-%E0%B8%A3%E0%B8%B8%E0%B9%88%E0%B8%99-Floria-Edge-36W%7CTri-Color-%E0%B8%AA%E0%B8%B5%E0%B8%82%E0%B8%B2%E0%B8%A7---%E0%B8%97%E0%B8%AD%E0%B8%87-60361902,100
INCORRECT,ขาแขวน SYNCHRO SFM55,SYNCHRO,https://www.homepro.co.th/p/1149617,ขาแขวนทีวีติดผนัง 32-70 นิ้ว ROSS รุ่น LNRFM400-TW / BN7C/HS-TW สีดำ,https://www.thaiwatsadu.com/th/sku/60296502,ขาแขวนทีวีติดผนัง 32 - 70 นิ้ว ROSS รุ่น BN13C/HS-TW สีดำ,https://www.thaiwatsadu.com/th/sku/60301995,75
INCORRECT,พัดลมตั้งพื้น 16 นิ้ว SHARP PJ-ST163 สีเทา,SHARP,https://www.homepro.co.th/p/1100396,พัดลมตั้งพื้น SHARP รุ่น PJ-ST163JP ขนาด 16 นิ้ว สีชมพู,https://www.thaiwatsadu.com/th/sku/60340124,พัดลมตั้งพื้น SHARP รุ่น PJ-ST163CG ขนาด 16 นิ้ว สีเทา,https://www.thaiwatsadu.com/th/sku/60340125,100
INCORRECT,แก๊สกระป๋อง MAX POWER แพ็ค 3 กระป๋อง,MAX POWER,https://www.homepro.co.th/p/1107361,แก๊สกระป๋อง MAX FLAME ขนาด 250 กรัม (แพ็ก 3 กระป๋อง),https://www.thaiwatsadu.com/th/sku/60372945,แก๊สกระป๋อง MAX POWER รุ่น MPG-250P3 สีเหลือง - แดง,https://www.thaiwatsadu.com/th/sku/60301640,100
INCORRECT,กิ๊ปจับท่อ-หนา SCG 1/2 นิ้ว สีฟ้า,SCG,https://www.homepro.co.th/p/1055306,กิ๊บจับท่อ PVC ขนาด 1/2 นิ้ว (แพ็ก 5 ชิ้น) ตรามือ รุ่น 530-1 สีฟ้า,https://www.thaiwatsadu.com/th/sku/60184449,คลิปก้ามปูหนา SCG ขนาด 1/2 นิ้ว สีฟ้า,https://www.thaiwatsadu.com/th/sku/60378460,95
INCORRECT,ก๊อกบอล SANWA 1/2 นิ้ว สีแดง,SANWA,https://www.homepro.co.th/p/8814,ก๊อกบอล SANWA รุ่น CK 15 ขนาดเกลียว 1/2 นิ้ว,https://www.thaiwatsadu.com/th/sku/60006993,ก๊อกบอลสนาม SANWA รุ่น CKT 15 ขนาดเกลียว 1/2 นิ้ว สีแดง,https://www.thaiwatsadu.com/th/sku/60007088,90
INCORRECT,ข้องอ 45-บาง SCG 3 นิ้ว สีฟ้า,SCG,https://www.homepro.co.th/p/1055247,ข้องอ 45 องศา บาง ตรามือ รุ่น 55003 ขนาด 3 นิ้ว สีฟ้า,https://www.thaiwatsadu.com/th/sku/60184781,ข้องอบาง 45 องศา SCG ขนาด 4 นิ้ว สีฟ้า,https://www.thaiwatsadu.com/th/sku/60378296,90
INCORRECT,ข้องอ 45-หนา SCG 1/2 นิ้ว สีฟ้า,SCG,https://www.homepro.co.th/p/1055014,ข้องอ 45 องศา หนา ตรามือ รุ่น 50101-E ขนาด 1/2 นิ้ว สีฟ้า,https://www.thaiwatsadu.com/th/sku/60378883,ข้องอหนา 90 องศา SCG ขนาด 1/2 นิ้ว สีฟ้า,https://www.thaiwatsadu.com/th/sku/60378351,90
INCORRECT,ข้องอ 90-หนา SCG 1 1/2 นิ้ว สีฟ้า,SCG,https://www.homepro.co.th/p/1055045,ข้องอ 90 องศา ตรามือ รุ่น 50104 ขนาด 1 1/2 นิ้ว สีฟ้า,https://www.thaiwatsadu.com/th/sku/60184610,ข้องอบาง 90 องศา SCG ขนาด 1 1/2 นิ้ว สีฟ้า,https://www.thaiwatsadu.com/th/sku/60378290,95
INCORRECT,ข้อต่อตรง PE KANYA 20 มม.,KANYA,https://www.homepro.co.th/p/279817,ข้อต่อตรง PE ไชโยสปริงเกลอร์ รุ่น 350-11 ขนาด 20 x 20 มม. (แพ็ก 5 ชิ้น) สีดำ,https://www.thaiwatsadu.com/th/sku/60181074,ข้อต่อตรง 1/2 นิ้ว THAIPPR รุ่น D20 ขนาด 29 x 29 x 35 มม. สีเขียว,https://www.thaiwatsadu.com/th/sku/60249230,90
INCORRECT,ข้อต่อตรง-หนา SCG 2 นิ้ว สีฟ้า,SCG,https://www.homepro.co.th/p/1055101,ข้อต่อตรง ตรามือ รุ่น 50205 ขนาด 2 นิ้ว สีฟ้า,https://www.thaiwatsadu.com/th/sku/60184619,ข้องอหนา 90 องศา SCG ขนาด 2 นิ้ว สีฟ้า,https://www.thaiwatsadu.com/th/sku/60378356,90
INCORRECT,ข้อต่อตรงเกลียวนอก-หนา SCG 1 นิ้ว สีฟ้า,SCG,https://www.homepro.co.th/p/1055049,ต่อตรงเกลียวนอก ตรามือ รุ่น 50503 ขนาด 1 นิ้ว สีฟ้า,https://www.thaiwatsadu.com/th/sku/60184713,ข้อต่อตรง เกลียวนอกหนา SCG ขนาด 1 นิ้ว สีฟ้า,https://www.thaiwatsadu.com/th/sku/60378403,100
INCORRECT,ข้อต่อตรงเกลียวนอก-หนา SCG 1/2 นิ้ว สีฟ้า,SCG,https://www.homepro.co.th/p/1055010,ข้อต่อตรงเกลียวนอก ตรามือ รุ่น 50501 ขนาด 1/2 นิ้ว สีฟ้า,https://www.thaiwatsadu.com/th/sku/60184711,ข้อต่อตรง เกลียวนอกหนา SCG ขนาด 1/2 นิ้ว สีฟ้า,https://www.thaiwatsadu.com/th/sku/60378401,100
INCORRECT,ข้อต่อตรงเกลียวนอก-หนา SCG 3/4 นิ้ว สีฟ้า,SCG,https://www.homepro.co.th/p/1054920,ข้อต่อตรงเกลียวนอก ตรามือ รุ่น 50502 ขนาด 3/4 นิ้ว สีฟ้า,https://www.thaiwatsadu.com/th/sku/60184712,ข้อต่อตรงหนา SCG ขนาด 3/4 นิ้ว สีฟ้า,https://www.thaiwatsadu.com/th/sku/60378328,95
INCORRECT,ข้อต่อตรงเกลียวนอก-หนา SCG 2 นิ้ว สีฟ้า,SCG,https://www.homepro.co.th/p/1054976,ข้อต่อตรงเกลียวนอก ตรามือ รุ่น 50505 ขนาด 2 นิ้ว สีฟ้า,https://www.thaiwatsadu.com/th/sku/60184716,ข้องอหนา 90 องศา SCG ขนาด 2 นิ้ว สีฟ้า,https://www.thaiwatsadu.com/th/sku/60378356,85
INCORRECT,ข้อต่อตรงเกลียวในทองเหลือง SCG 1/2 นิ้ว สีฟ้า,SCG,https://www.homepro.co.th/p/1055179,ต่อตรงเกลียวในทองเหลือง ตรามือ รุ่น 54601 ขนาด 1/2 นิ้ว สีฟ้า,https://www.thaiwatsadu.com/th/sku/60184773,ข้อต่อตรง เกลียวในทองเหลืองหนา SCG ขนาด 1/2 นิ้ว สีฟ้า,https://www.thaiwatsadu.com/th/sku/60378417,100
INCORRECT,คลีนเอ้าท์ PVC ฝาทองเหลือง SCG 4 นิ้ว,SCG,https://www.homepro.co.th/p/1284193,คลีนเอาท์ ตรามือ รุ่น 541-100 ขนาด 4 นิ้ว สีฟ้า,https://www.thaiwatsadu.com/th/sku/60159239,ท่อ PVC ชั้น 5 SCG ขนาด 4 นิ้ว ยาว 4 เมตร สีฟ้า,https://www.thaiwatsadu.com/th/sku/60378241,100
INCORRECT,ข้องอ 45 องศา ท่อน้ำไทย 1/2 นิ้ว สีฟ้า,ท่อน้ำไทย,https://www.homepro.co.th/p/5568,งอ 45 องศา น้ำไทย รุ่น 13.5 18 ขนาด 1/2 นิ้ว สีฟ้า,https://www.thaiwatsadu.com/th/sku/60269665,ข้องอ 45 องศา หนา ตรามือ รุ่น 50101-E ขนาด 1/2 นิ้ว สีฟ้า,https://www.thaiwatsadu.com/th/sku/60378883,90
INCORRECT,ข้องอบาง 45 องศา ท่อน้ำไทย 2 นิ้ว สีฟ้า,ท่อน้ำไทย,https://www.homepro.co.th/p/5643,น้ำไทย งอ 45 องศา บาง รุ่น 8.5 55 ขนาด 2 นิ้ว สีฟ้า,https://www.thaiwatsadu.com/th/sku/60269773,ข้องอบาง 45 องศา SCG ขนาด 2 นิ้ว สีฟ้า,https://www.thaiwatsadu.com/th/sku/60378295,100
INCORRECT,ข้องอบาง 90 องศา ท่อน้ำไทย 1 1/2 นิ้ว สีฟ้า,ท่อน้ำไทย,https://www.homepro.co.th/p/8609,งอ 90 องศา บาง น้ำไทย รุ่น 8.5 40 ขนาด 1 1/2 นิ้ว สีฟ้า,https://www.thaiwatsadu.com/th/sku/60269778,ข้องอบาง 90 องศา SCG ขนาด 1 1/2 นิ้ว สีฟ้า,https://www.thaiwatsadu.com/th/sku/60378290,100
INCORRECT,ข้องอบาง 90 องศา ท่อน้ำไทย 2 นิ้ว สีฟ้า,ท่อน้ำไทย,https://www.homepro.co.th/p/5644,งอ 90 องศา บาง น้ำไทย รุ่น 8.5 55 ขนาด 2 นิ้ว สีฟ้า,https://www.thaiwatsadu.com/th/sku/60269780,ข้องอบาง 90 องศา SCG ขนาด 2 นิ้ว สีฟ้า,https://www.thaiwatsadu.com/th/sku/60378291,100
INCORRECT,"ข้องอเกลียวใน ท่อน้ำไทย 1/2"" สีฟ้า",ท่อน้ำไทย,https://www.homepro.co.th/p/31846,งอ 90 องศา เกลียวใน น้ำไทย รุ่น 13.5 18 ขนาด 1/2 นิ้ว สีฟ้า,https://www.thaiwatsadu.com/th/sku/60269697,ต่อตรงเกลียวใน น้ำไทย รุ่น 13.5 18 ขนาด 1/2 นิ้ว สีฟ้า,https://www.thaiwatsadu.com/th/sku/60269600,95
INCORRECT,ดินผสมสูตรพิเศษ GREEN GARDEN 3 กิโลกรัม,GREEN GARDEN,https://www.homepro.co.th/p/1162428,ดินผสม มณีสยาม ขนาด 7 กก.,https://www.thaiwatsadu.com/th/sku/60163017,ดินผสม SEED UP ขนาด 5.5 กก.,https://www.thaiwatsadu.com/th/sku/60160804,90
INCORRECT,ตู้วางทีวี FURDINI TV1291 120 ซม. สีเชสนัท/กราไฟท์,FURDINI,https://www.homepro.co.th/p/1256450,ตู้วางทีวี SF รุ่น T-20 ขนาด 150 ซม. สีพรีเมียร์โอ๊ก,https://www.thaiwatsadu.com/th/sku/60345772,ชั้นวางทีวี SF รุ่น T-15-SD ขนาด 120 x 40 x 54 ซม. สีครีม ลายไม้,https://www.thaiwatsadu.com/sku/60422068,95
INCORRECT,ข้อต่อตรงลด-หนา SCG 1X1/2 นิ้ว สีฟ้า,SCG,https://www.homepro.co.th/p/1055393,ต่อตรงลด ตรามือ รุ่น 50302 ขนาด 1 x 1/2 นิ้ว สีฟ้า,https://www.thaiwatsadu.com/th/sku/60184627,ข้อต่อตรงหนา SCG ขนาด 1/2 นิ้ว สีฟ้า,https://www.thaiwatsadu.com/th/sku/60378327,95
INCORRECT,ข้อต่อตรงเกลียวใน-หนา SCG 1/2 นิ้ว สีฟ้า,SCG,https://www.homepro.co.th/p/1055167,ต่อตรงเกลียวใน ตรามือ รุ่น 50801 ขนาด 1/2 นิ้ว สีฟ้า,https://www.thaiwatsadu.com/th/sku/60184743,ข้อต่อตรง เกลียวในหนา SCG ขนาด 1/2 นิ้ว สีฟ้า,https://www.thaiwatsadu.com/th/sku/60378394,100
INCORRECT,ถังเก็บน้ำ DOS NATURA COMBAC NANO 1000 ลิตร สี OXFORD GREY GRANITE,DOS,https://www.homepro.co.th/p/1138274?lang=th&gad_source=1&gclid=Cj0KCQiA57G5BhDUARIsACgCYny9vEiCal_1gv74nQukvW7rB7n9UF24M4z6brLqig8S_Y24OA6x_xEaAkTrEALw_wcB,"ถังเก็บน้ำบนดิน 1,000 ลิตร DOS LIFE รุ่น NATURA SILVER COMBAC HY-42/GC-1000L สี Glacier Granite",https://www.thaiwatsadu.com/th/sku/60415731,"ถังเก็บน้ำบนดิน 1,000 ลิตร NATURA SILVER COMBAC DOS รุ่น HY-42/GY-1000L สีอ๊อกซ์ฟอร์ด เกรย์ แกรนิต",https://www.thaiwatsadu.com/th/sku/60325816,95
INCORRECT,ท่อสปริงเกอร์ SPRING PE 20 มม. x 200 ม.,SPRING,https://www.homepro.co.th/p/1170809,ท่อ PE ไชโย รุ่น 398-20 (PN2.5) ขนาด 20 มม. x 200 ม. สีดำคาดขาว,https://www.thaiwatsadu.com/th/sku/60182090,ท่อ HDPE (คาดฟ้า) ตรามือ รุ่น PN10 PE100 ขนาด 20 มม. x 200 เมตร สีดำ - ฟ้า,https://www.thaiwatsadu.com/th/sku/60378745,85
INCORRECT,ท่อสปริงเกอร์ SPRING PN4 20 MMx50M สีดำ,SPRING,https://www.homepro.co.th/p/1076779,ท่อ PE ไชโย รุ่น 398-20(PN4) ขนาด 20 มม. x 200 ม. สีดำคาดส้ม,https://www.thaiwatsadu.com/th/sku/60234162,ข้อต่อตรง PE ไชโยสปริงเกลอร์ รุ่น 350-11 ขนาด 20 x 20 มม. (แพ็ก 5 ชิ้น) สีดำ,https://www.thaiwatsadu.com/th/sku/60181074,90
INCORRECT,สายไมโครดิวส์ PE RAINDROP 100 ม.,RAINDROP,https://www.homepro.co.th/p/136917,ท่อ PE ไชโย รุ่น 398-25 (PN2.5) ขนาด 25 มม. x 100 ม. สีดำคาดขาว,https://www.thaiwatsadu.com/th/sku/60182097,สายไฟ IEC 01 THW 1 x 2.5 ตร.มม. NATION ยาว 100 เมตร สีน้ำตาล,https://www.thaiwatsadu.com/th/sku/60420765,80
INCORRECT,ท่อประปา SCG CLASS 13.5 1 นิ้ว 4 เมตร สีฟ้า,SCG,https://www.homepro.co.th/p/1055063,ท่อ PVC ชั้น 13.5 ตรามือ รุ่น 56-13.5 (1) ขนาด 1 นิ้ว ยาว 4 เมตร สีฟ้า,https://www.thaiwatsadu.com/th/sku/60225498,ท่อ PVC 1 นิ้ว ชั้นคุณภาพ 13.5 SCG ยาว 4 เมตร สีฟ้า,https://www.thaiwatsadu.com/th/sku/60378259,100
INCORRECT,ท่อประปา SCG CLASS 13.5 1/2 นิ้ว 4 เมตร สีฟ้า,SCG,https://www.homepro.co.th/p/1055054,ท่อ PVC ชั้น 13.5 ตรามือ รุ่น 56-13.5 (1/2) ขนาด 1/2 นิ้ว ยาว 4 เมตร สีฟ้า,https://www.thaiwatsadu.com/th/sku/60225492,ท่อ PVC 1/2 นิ้ว ชั้นคุณภาพ 13.5 SCG ยาว 4 เมตร สีฟ้า,https://www.thaiwatsadu.com/th/sku/60378257,100
INCORRECT,ท่อประปา SCG CLASS 13.5 2 นิ้ว 4 เมตร สีฟ้า,SCG,https://www.homepro.co.th/p/1055048,ท่อ PVC ชั้น 13.5 ตรามือ รุ่น 56-13.5 (2) ขนาด 2 นิ้ว ยาว 4 เมตร สีฟ้า,https://www.thaiwatsadu.com/th/sku/60225501,ท่อ PVC 2 นิ้ว ชั้นคุณภาพ 13.5 SCG ยาว 4 เมตร สีฟ้า,https://www.thaiwatsadu.com/th/sku/60378262,100
INCORRECT,ท่อประปา SCG CLASS 5 1 1/2 นิ้ว 4 เมตร สีฟ้า,SCG,https://www.homepro.co.th/p/1133862,ท่อ PVC ชั้น 5 ตรามือ รุ่น 56-5(1 1/2) ขนาด 1 1/2 นิ้ว ยาว 4 เมตร สีฟ้า,https://www.thaiwatsadu.com/th/sku/60225473,ท่อ PVC ชั้น 5 SCG ขนาด 1 1/2 นิ้ว ยาว 4 เมตร สีฟ้า,https://www.thaiwatsadu.com/th/sku/60378239,100
INCORRECT,ท่อประปา SCG CLASS 5 2 นิ้ว 4 เมตร สีฟ้า,SCG,https://www.homepro.co.th/p/1054908,ท่อ PVC ชั้น 5 ตรามือ รุ่น 56-5(2) ขนาด 2 นิ้ว ยาว 4 เมตร สีฟ้า,https://www.thaiwatsadu.com/th/sku/60225475,ท่อ PVC ชั้น 5 SCG ขนาด 2 นิ้ว ยาว 4 เมตร สีฟ้า,https://www.thaiwatsadu.com/th/sku/60378240,100
INCORRECT,ท่อประปา SCG CLASS 5 4 นิ้ว 4 เมตร สีฟ้า,SCG,https://www.homepro.co.th/p/1055042,ท่อ PVC ชั้น 5 ตรามือ รุ่น 56-5(4) ขนาด 4 นิ้ว ยาว 4 เมตร สีฟ้า,https://www.thaiwatsadu.com/th/sku/60225478,ท่อ PVC ชั้น 5 SCG ขนาด 4 นิ้ว ยาว 4 เมตร สีฟ้า,https://www.thaiwatsadu.com/th/sku/60378241,100
INCORRECT,ท่อประปา SCG CLASS 8.5 1 1/2 นิ้ว 4 เมตร สีฟ้า,SCG,https://www.homepro.co.th/p/1054929,ท่อ PVC ชั้น 8.5 ตรามือ รุ่น 56-8.5 (1.1/2) ขนาด 11/2 นิ้ว ยาว 4 เมตร สีฟ้า,https://www.thaiwatsadu.com/th/sku/60225485,ท่อ PVC ชั้น 8.5 SCG ขนาด 1 1/2 นิ้ว ยาว 4 เมตร สีฟ้า,https://www.thaiwatsadu.com/th/sku/60378248,100
INCORRECT,ท่อประปา SCG CLASS 8.5 1 นิ้ว 4 เมตร สีฟ้า,SCG,https://www.homepro.co.th/p/1054949,ท่อ PVC ชั้น 8.5 ตรามือ รุ่น 56-8.5(1) ขนาด 1 นิ้ว ยาว 4 เมตร สีฟ้า,https://www.thaiwatsadu.com/th/sku/60225483,ท่อ PVC ชั้น 8.5 SCG ขนาด 1 นิ้ว ยาว 4 เมตร สีฟ้า,https://www.thaiwatsadu.com/th/sku/60378246,100
INCORRECT,ท่อประปา SCG CLASS 8.5 1/2 นิ้ว 4 เมตร สีฟ้า,SCG,https://www.homepro.co.th/p/1054909,ท่อ PVC ชั้น 8.5 ตรามือ รุ่น 56-8.5(1/2) ขนาด 1/2 นิ้ว ยาว 4 เมตร สีฟ้า,https://www.thaiwatsadu.com/th/sku/60225481,ท่อ PVC ชั้น 8.5 SCG ขนาด 1/2 นิ้ว ยาว 4 เมตร สีฟ้า,https://www.thaiwatsadu.com/th/sku/60378244,100
INCORRECT,ท่อประปา SCG CLASS 8.5 2 นิ้ว 4 เมตร สีฟ้า,SCG,https://www.homepro.co.th/p/1055052,ท่อ PVC ชั้น 8.5 ตรามือ รุ่น 56-8.5 ขนาด 2 นิ้ว ยาว 4 เมตร สีฟ้า,https://www.thaiwatsadu.com/th/sku/60225486,ท่อ PVC ชั้น 8.5 SCG ขนาด 2 นิ้ว ยาว 4 เมตร สีฟ้า,https://www.thaiwatsadu.com/th/sku/60378249,100
INCORRECT,ท่อประปา SCG CLASS 8.5 3/4 นิ้ว 4 เมตร สีฟ้า,SCG,https://www.homepro.co.th/p/1055071,ท่อ PVC ชั้น 8.5 ตรามือ รุ่น 56-8.5 (3/4) ขนาด 3/4 นิ้ว ยาว 4 เมตร สีฟ้า,https://www.thaiwatsadu.com/th/sku/60225482,ท่อ PVC ชั้น 8.5 SCG ขนาด 3/4 นิ้ว ยาว 4 เมตร สีฟ้า,https://www.thaiwatsadu.com/th/sku/60378245,100
INCORRECT,ท่อประปา SCG CLASS 8.5 4 นิ้ว 4 เมตร สีฟ้า,SCG,https://www.homepro.co.th/p/1055106,ท่อ PVC ชั้น 8.5 ปลายบาน ตรามือ รุ่น 56-8.5 (4)บาน ขนาด 4 นิ้ว ยาว 4 เมตร สีฟ้า,https://www.thaiwatsadu.com/th/sku/60225511,ท่อ PVC ชั้น 8.5 SCG ขนาด 4 นิ้ว ยาว 4 เมตร สีฟ้า,https://www.thaiwatsadu.com/th/sku/60378250,100
INCORRECT,ท่อประปา SCG CLASS 5 6 นิ้ว 4 ม. สีฟ้า,SCG,https://www.homepro.co.th/p/1133720,ท่อ PVC ชั้น 5 ตรามือ รุ่น 56-5(6) ขนาด 6 นิ้ว ยาว 4 เมตร สีฟ้า,https://www.thaiwatsadu.com/th/sku/60225480,ท่อ PVC ชั้น 5 SCG ขนาด 4 นิ้ว ยาว 4 เมตร สีฟ้า,https://www.thaiwatsadu.com/th/sku/60378241,95
INCORRECT,ท่อประปา SCG CLASS 8.5 3 นิ้ว 4 เมตร สีฟ้า,SCG,https://www.homepro.co.th/p/1055141,ท่อ PVC ชั้น 8.5 ตรามือ รุ่น 56-8.5 (3) ขนาด 3 นิ้ว ยาว 4 เมตร สีฟ้า,https://www.thaiwatsadu.com/th/sku/60225488,ท่อ PVC ชั้น 8.5 SCG ขนาด 4 นิ้ว ยาว 4 เมตร สีฟ้า,https://www.thaiwatsadu.com/th/sku/60378250,95
INCORRECT,ท่อประปา SCG CLASS 8.5 6 นิ้ว 4 เมตร สีฟ้า,SCG,https://www.homepro.co.th/p/1133845,ท่อ PVC ชั้น 8.5 ตรามือ รุ่น 56-8.5 (6) ขนาด 6 นิ้ว ยาว 4 เมตร สีฟ้า,https://www.thaiwatsadu.com/th/sku/60225491,ท่อ PVC ชั้น 8.5 SCG ขนาด 4 นิ้ว ยาว 4 เมตร สีฟ้า,https://www.thaiwatsadu.com/th/sku/60378250,95
INCORRECT,ท่อสีฟ้า ตราท่อน้ำไทย CLASS 13.5 1/2 นิ้ว 4 ม. สีฟ้า,ตราท่อน้ำไทย,https://www.homepro.co.th/p/5556,ท่อ PVC น้ำไทย ชั้น 13.5 ขนาด 4 ม. x 1/2 นิ้ว สีขาว,https://www.thaiwatsadu.com/th/sku/60311174,ท่อ PVC ชั้น 13.5 น้ำไทย ขนาด 1/2 นิ้ว ยาว 4 เมตร สีฟ้า,https://www.thaiwatsadu.com/th/sku/60180883,100
INCORRECT,พลาสติกใส PACK IN 54 นิ้ว 30 หลา,PACK IN,https://www.homepro.co.th/p/194993,พลาสติกใสกันชื้น 14 ไมครอน ตรา 111 ขนาด 54 นิ้ว x 25 หลา,https://www.thaiwatsadu.com/th/sku/60243360,พลาสติกใสกันชื้น 14 ไมครอน ตรา 111 ขนาด 54 นิ้ว x 40 หลา,https://www.thaiwatsadu.com/th/sku/60243362,95
INCORRECT,มินิบอลวาล์ว MALE/MALE SANWA 1/2 นิ้ว สีฟ้า,SANWA,https://www.homepro.co.th/p/185217,มินิบอลวาล์ว (ผผ) SANWA รุ่น BV 15 MM ขนาด 1/2 นิ้ว,https://www.thaiwatsadu.com/th/sku/60068729,มินิบอลวาล์ว (ผผผ) SANWA รุ่น BV 15 MMM ขนาด 1/2 นิ้ว,https://www.thaiwatsadu.com/th/sku/60119460,95
INCORRECT,ลูกลอยไฟฟ้า MC KEY 1 ชุด,MC,https://www.homepro.co.th/p/245206,ลูกลอย (ไฟฟ้า) WILO-LG รุ่น MC-KEY สีน้ำเงิน - เหลือง,https://www.thaiwatsadu.com/th/sku/60006940,สวิทช์ลูกลอยไฟฟ้า SOMIC สีส้ม,https://www.thaiwatsadu.com/th/sku/60006952,80
INCORRECT,ข้อต่อสามทาง-หนา SCG 2 นิ้ว สีฟ้า,SCG,https://www.homepro.co.th/p/1054917,สามทาง ตรามือ รุ่น 50605 ขนาด 2 นิ้ว สีฟ้า,https://www.thaiwatsadu.com/th/sku/60184725,ข้องอหนา 90 องศา SCG ขนาด 2 นิ้ว สีฟ้า,https://www.thaiwatsadu.com/th/sku/60378356,95
INCORRECT,ข้อต่อสามทาง-หนา SCG 1/2 นิ้ว สีฟ้า,SCG,https://www.homepro.co.th/p/1054995,สามทางเกษตร ไชโย รุ่น 58201 ขนาด 1/2 นิ้ว สีฟ้า,https://www.thaiwatsadu.com/th/sku/60343780,ข้อต่อสามทางหนา SCG ขนาด 1/2 นิ้ว สีฟ้า,https://www.thaiwatsadu.com/th/sku/60378366,100
INCORRECT,ข้อต่อสามทาง-หนา SCG 3/4 นิ้ว สีฟ้า,SCG,https://www.homepro.co.th/p/1055064,สามทาง ตรามือ รุ่น 50602 ขนาด 3/4 นิ้ว สีฟ้า,https://www.thaiwatsadu.com/th/sku/60184721,ข้อต่อสามทางหนา SCG ขนาด 1/2 นิ้ว สีฟ้า,https://www.thaiwatsadu.com/th/sku/60378366,95
INCORRECT,ข้อต่อสามทาง-หนา SCG 1 นิ้ว สีฟ้า,SCG,https://www.homepro.co.th/p/1055084,สามทาง ตรามือ รุ่น 50603 ขนาด 1 นิ้ว สีฟ้า,https://www.thaiwatsadu.com/th/sku/60184722,ข้อต่อสามทางหนา SCG ขนาด 1/2 นิ้ว สีฟ้า,https://www.thaiwatsadu.com/th/sku/60378366,95
INCORRECT,ข้อต่อสามทางตั้งฉาก PVC SCG 1/2 นิ้ว สีฟ้า,SCG,https://www.homepro.co.th/p/1094547,สามทางตั้งฉาก ตรามือ รุ่น 54001 ขนาด 1/2 นิ้ว สีฟ้า,https://www.thaiwatsadu.com/th/sku/60184758,ข้อต่อสามทางหนา SCG ขนาด 1/2 นิ้ว สีฟ้า,https://www.thaiwatsadu.com/th/sku/60378366,95
INCORRECT,ข้อต่อสามทางลด-หนา SCG 1 นิ้วX1/2 นิ้ว สีฟ้า,SCG,https://www.homepro.co.th/p/1054973,สามทางลด ตรามือ รุ่น 50701 ขนาด 1 x 1/2 นิ้ว สีฟ้า,https://www.thaiwatsadu.com/th/sku/60184731,ข้อต่อสามทางหนา SCG ขนาด 1/2 นิ้ว สีฟ้า,https://www.thaiwatsadu.com/th/sku/60378366,95
INCORRECT,สายยางเด้ง TORYANGTHAI 3/4 นิ้ว x15 ม. สีฟ้า,TORYANGTHAI,https://www.homepro.co.th/p/1132357,สายยางเด้ง 3/4 นิ้ว (ตัดขายเป็นเมตร) ท่อยางไทย ยาว 1 เมตร,https://www.thaiwatsadu.com/th/sku/60308114,สายยางเด้ง 3/4 นิ้ว ท่อยางไทย ยาว 50 เมตร,https://www.thaiwatsadu.com/th/sku/60327150,95
INCORRECT,สายยางเด้ง ท่อยางไทย 5/8 นิ้วX5 ม. สีฟ้า,ท่อยางไทย,https://www.homepro.co.th/p/1132932,สายยางเด้ง 5/8 นิ้ว (ตัดขายเป็นเมตร) ท่อยางไทย ยาว 1 เมตร,https://www.thaiwatsadu.com/th/sku/60278796,สายยางเด้ง 5/8 นิ้ว ท่อยางไทย ยาว 30 เมตร,https://www.thaiwatsadu.com/th/sku/60327149,90
INCORRECT,สายยางม้วน ท่อยางไทย 3/4 นิ้วX30 ม. สีใส,ท่อยางไทย,https://www.homepro.co.th/p/1133084,สายยางใส 3/4 นิ้ว (ตัดขายเป็นเมตร) ท่อยางไทย ยาว 1 เมตร,https://www.thaiwatsadu.com/th/sku/60157494,สายยางเด้ง 3/4 นิ้ว ท่อยางไทย ยาว 50 เมตร,https://www.thaiwatsadu.com/th/sku/60327150,80
INCORRECT,เก้าอี้พลาสติก SPRING CC07 สีขาว,SPRING,https://www.homepro.co.th/p/1003115,เก้าอี้พลาสติกพนักพิง POP รุ่นอินสปาย สีขาว,https://www.thaiwatsadu.com/th/sku/60259407,เก้าอี้พลาสติกสุขสบาย FREEZE TO รุ่น FT-234 A สีขาว,https://www.thaiwatsadu.com/th/sku/60212485,80
INCORRECT,เก้าอี้พลาสติก SPRING 320 สีขาว,SPRING,https://www.homepro.co.th/p/1117511,เก้าอี้พลาสติกพนักพิง BIGONE รุ่นบิ๊กคิง เกรดเอ สีทอง,https://www.thaiwatsadu.com/th/sku/60325016,เก้าอี้พลาสติกพนักพิง POP รุ่นอินสปาย สีครีม,https://www.thaiwatsadu.com/th/sku/60259409,95
INCORRECT,เก้าอี้พลาสติก SPRING 320 สีแดง,SPRING,https://www.homepro.co.th/p/1117395,เก้าอี้พลาสติกพนักพิง BIGONE รุ่นบิ๊กคิง เกรดเอ สีแดง,https://www.thaiwatsadu.com/th/sku/60325014,เก้าอี้พลาสติกพนักพิงหยก FREEZE TO รุ่น FT-220/B RD สีแดง,https://www.thaiwatsadu.com/th/sku/60243262,60
INCORRECT,เก้าอี้พนักพิง SPRING FT-220 สีแดง,SPRING,https://www.homepro.co.th/p/195957,เก้าอี้พลาสติกพนักพิงหยก FREEZE TO รุ่น FT-220/B BU สีน้ำเงิน,https://www.thaiwatsadu.com/th/sku/60243265,เก้าอี้พลาสติกพนักพิงหยก FREEZE TO รุ่น FT-220/B RD สีแดง,https://www.thaiwatsadu.com/th/sku/60243262,95
